MFEM mesh v1.3

#
# MFEM Geometry Types (see fem/geom.hpp):
#
# POINT       = 0
# SEGMENT     = 1
# TRIANGLE    = 2
# SQUARE      = 3
# TETRAHEDRON = 4
# CUBE        = 5
# PRISM       = 6
# PYRAMID     = 7
#

dimension
3

elements
187
1 5 159 161 162 160 264 266 267 265
1 5 160 162 164 163 265 267 269 268
1 5 164 165 166 163 269 270 271 268
1 5 167 169 170 168 272 274 275 273
1 5 169 171 172 170 274 276 277 275
1 5 173 174 172 171 278 279 277 276
1 5 175 176 174 173 280 281 279 278
1 5 165 167 168 166 270 272 273 271
1 5 177 173 171 169 282 278 276 274
1 5 178 175 173 177 283 280 278 282
1 5 179 177 169 167 284 282 274 272
1 5 180 178 177 179 285 283 282 284
1 5 162 181 165 164 267 286 270 269
1 5 161 182 181 162 266 287 286 267
1 5 181 179 167 165 286 284 272 270
1 5 182 180 179 181 287 285 284 286
1 5 183 185 186 184 288 290 291 289
1 5 187 189 190 188 292 294 295 293
1 5 188 190 192 191 293 295 297 296
1 5 185 193 194 186 290 298 299 291
1 5 187 183 184 189 292 288 289 294
1 5 194 193 196 195 299 298 301 300
1 5 184 186 198 197 289 291 303 302
1 5 189 184 197 199 294 289 302 304
1 5 190 189 199 192 295 294 304 297
1 5 186 194 195 198 291 299 300 303
1 5 191 192 201 200 296 297 306 305
1 5 195 196 203 202 300 301 308 307
1 5 192 199 204 201 297 304 309 306
1 5 198 195 202 205 303 300 307 310
1 5 197 198 205 206 302 303 310 311
1 5 199 197 206 204 304 302 311 309
1 5 200 201 208 207 305 306 313 312
1 5 207 208 161 159 312 313 266 264
1 5 209 210 176 175 314 315 281 280
1 5 202 203 210 209 307 308 315 314
1 5 208 211 182 161 313 316 287 266
1 5 212 209 175 178 317 314 280 283
1 5 213 212 178 180 318 317 283 285
1 5 211 213 180 182 316 318 285 287
1 5 201 204 211 208 306 309 316 313
1 5 206 205 212 213 311 310 317 318
1 5 204 206 213 211 309 311 318 316
1 5 205 202 209 212 310 307 314 317
1 5 214 216 217 215 0 2 3 1
1 5 218 219 216 214 4 5 2 0
1 5 159 160 221 220 6 8 9 7
1 5 166 223 224 222 10 12 13 11
1 5 225 227 228 226 14 16 17 15
1 5 229 230 227 225 18 19 16 14
1 5 217 231 230 229 3 20 19 18
1 5 216 232 231 217 2 21 20 3
1 5 219 233 232 216 5 22 21 2
1 5 234 236 237 235 23 25 26 24
1 5 238 239 236 234 27 28 25 23
1 5 240 215 239 238 29 1 28 27
1 5 241 214 215 240 30 0 1 29
1 5 242 218 214 241 31 4 0 30
1 5 203 243 244 210 32 34 35 33
1 5 210 244 245 176 33 35 37 36
1 5 193 246 247 196 38 40 41 39
1 5 196 247 243 203 39 41 34 32
1 5 223 248 249 224 12 42 43 13
1 5 248 250 251 249 42 44 45 43
1 5 250 245 252 251 44 37 46 45
1 5 248 223 254 253 42 12 48 47
1 5 172 248 253 255 49 42 47 50
1 5 174 250 248 172 51 44 42 49
1 5 176 245 250 174 36 37 44 51
1 5 160 163 256 221 8 52 53 9
1 5 163 166 222 256 52 10 11 53
1 5 230 207 159 227 19 54 6 16
1 5 231 200 207 230 20 55 54 19
1 5 232 191 200 231 21 56 55 20
1 5 233 188 191 232 22 57 56 21
1 5 227 159 220 228 16 6 7 17
1 5 185 257 246 193 58 59 40 38
1 5 258 187 188 233 60 61 57 22
1 5 183 259 257 185 62 63 59 58
1 5 260 219 218 242 64 5 4 31
1 5 258 233 219 260 60 22 5 64
1 5 223 166 261 254 12 10 65 48
1 5 166 168 262 261 10 66 67 65
1 5 168 170 263 262 66 68 69 67
1 5 170 172 255 263 68 49 50 69
1 5 236 225 226 237 25 14 15 26
1 5 239 229 225 236 28 18 14 25
1 5 215 217 229 239 1 3 18 28
1 5 244 238 234 245 35 27 23 37
1 5 243 240 238 244 34 29 27 35
1 5 247 241 240 243 41 30 29 34
1 5 246 242 241 247 40 31 30 41
1 5 257 260 242 246 59 64 31 40
1 5 259 258 260 257 63 60 64 59
1 5 183 187 258 259 62 61 60 63
1 5 245 234 235 252 37 23 24 46
1 5 319 321 322 320 70 72 73 71
1 5 323 325 326 324 74 76 77 75
1 5 320 322 325 323 71 73 76 74
1 5 273 271 328 327 78 80 81 79
1 5 275 273 327 329 82 78 79 83
1 5 330 290 298 331 84 86 87 85
1 5 332 334 335 333 88 90 91 89
1 5 322 308 315 325 73 92 93 76
1 5 325 315 281 326 76 93 94 77
1 5 336 337 334 332 95 96 90 88
1 5 338 339 337 336 97 98 96 95
1 5 331 298 301 321 85 87 99 72
1 5 321 301 308 322 72 99 92 73
1 5 340 275 329 341 100 82 83 101
1 5 342 333 344 343 102 89 104 103
1 5 345 332 333 342 105 88 89 102
1 5 346 336 332 345 106 95 88 105
1 5 347 338 336 346 107 97 95 106
1 5 268 265 349 348 108 110 111 109
1 5 271 268 348 328 80 108 109 81
1 5 324 326 351 350 75 77 113 112
1 5 350 351 353 352 112 113 115 114
1 5 351 354 355 353 113 116 117 115
1 5 326 281 354 351 77 94 116 113
1 5 356 358 359 357 118 120 121 119
1 5 356 279 277 358 118 122 123 120
1 5 354 356 357 355 116 118 119 117
1 5 354 281 279 356 116 94 122 118
1 5 337 360 361 334 96 124 125 90
1 5 360 319 320 361 124 70 71 125
1 5 339 362 360 337 98 126 124 96
1 5 334 361 363 335 90 125 127 91
1 5 361 320 323 363 125 71 74 127
1 5 363 323 324 364 127 74 75 128
1 5 335 363 364 365 91 127 128 129
1 5 333 335 365 344 89 91 129 104
1 5 366 368 369 367 130 132 133 131
1 5 343 344 368 366 103 104 132 130
1 5 312 370 371 264 134 136 137 135
1 5 370 342 343 371 136 102 103 137
1 5 305 372 370 312 138 139 136 134
1 5 372 345 342 370 139 105 102 136
1 5 296 373 372 305 140 141 139 138
1 5 373 346 345 372 141 106 105 139
1 5 293 374 373 296 142 143 141 140
1 5 374 347 346 373 143 107 106 141
1 5 374 375 338 347 143 144 97 107
1 5 292 375 374 293 145 144 143 142
1 5 375 376 339 338 144 146 98 97
1 5 292 288 376 375 145 147 146 144
1 5 377 366 367 378 148 130 131 149
1 5 371 343 366 377 137 103 130 148
1 5 376 288 290 330 146 147 86 84
1 5 376 330 362 339 146 84 126 98
1 5 344 365 379 368 104 129 150 132
1 5 365 364 380 379 129 128 151 150
1 5 368 379 381 369 132 150 152 133
1 5 379 340 341 381 150 100 101 152
1 5 379 380 382 340 150 151 153 100
1 5 382 380 384 383 153 151 155 154
1 5 265 377 378 349 110 148 149 111
1 5 264 371 377 265 135 137 148 110
1 5 364 324 350 380 128 75 112 151
1 5 380 350 352 384 151 112 114 155
1 5 362 385 319 360 126 156 70 124
1 5 385 331 321 319 156 85 72 70
1 5 330 331 385 362 84 85 156 126
1 5 386 382 383 387 157 153 154 158
1 5 358 386 387 359 120 157 158 121
1 5 340 382 386 275 100 153 157 82
1 5 275 386 358 277 82 157 120 123
1 5 207 312 264 159 54 134 135 6
1 5 200 305 312 207 55 138 134 54
1 5 191 296 305 200 56 140 138 55
1 5 188 293 296 191 57 142 140 56
1 5 187 292 293 188 61 145 142 57
1 5 298 193 196 301 87 38 39 99
1 5 301 196 203 308 99 39 32 92
1 5 308 203 210 315 92 32 33 93
1 5 315 210 176 281 93 33 36 94
1 5 166 271 273 168 10 80 78 66
1 5 168 273 275 170 66 78 82 68
1 5 277 172 170 275 123 49 68 82
1 5 279 174 172 277 122 51 49 123
1 5 163 268 271 166 52 108 80 10
1 5 160 265 268 163 8 110 108 52
1 5 281 176 174 279 94 36 51 122
1 5 290 185 193 298 86 58 38 87
1 5 292 187 183 288 145 61 62 147
1 5 288 183 185 290 147 62 58 86
1 5 159 264 265 160 6 135 110 8

attribute_sets
1
"myocardium"
1
1

boundary
390
1 3 0 2 3 1
1 3 4 5 2 0
1 3 6 8 9 7
1 3 10 12 13 11
1 3 14 16 17 15
1 3 18 19 16 14
1 3 3 20 19 18
1 3 2 21 20 3
1 3 5 22 21 2
1 3 23 25 26 24
1 3 27 28 25 23
1 3 29 1 28 27
1 3 30 0 1 29
1 3 31 4 0 30
1 3 32 34 35 33
1 3 33 35 37 36
1 3 38 40 41 39
1 3 39 41 34 32
1 3 12 42 43 13
1 3 42 44 45 43
1 3 44 37 46 45
1 3 42 12 48 47
1 3 49 42 47 50
1 3 51 44 42 49
1 3 36 37 44 51
1 3 8 52 53 9
1 3 52 10 11 53
1 3 19 54 6 16
1 3 20 55 54 19
1 3 21 56 55 20
1 3 22 57 56 21
1 3 16 6 7 17
1 3 58 59 40 38
1 3 60 61 57 22
1 3 62 63 59 58
1 3 64 5 4 31
1 3 60 22 5 64
1 3 12 10 65 48
1 3 10 66 67 65
1 3 66 68 69 67
1 3 68 49 50 69
1 3 25 14 15 26
1 3 28 18 14 25
1 3 1 3 18 28
1 3 35 27 23 37
1 3 34 29 27 35
1 3 41 30 29 34
1 3 40 31 30 41
1 3 59 64 31 40
1 3 63 60 64 59
1 3 62 61 60 63
1 3 37 23 24 46
1 3 70 72 73 71
1 3 74 76 77 75
1 3 71 73 76 74
1 3 78 80 81 79
1 3 82 78 79 83
1 3 84 86 87 85
1 3 88 90 91 89
1 3 73 92 93 76
1 3 76 93 94 77
1 3 95 96 90 88
1 3 97 98 96 95
1 3 85 87 99 72
1 3 72 99 92 73
1 3 100 82 83 101
1 3 102 89 104 103
1 3 105 88 89 102
1 3 106 95 88 105
1 3 107 97 95 106
1 3 108 110 111 109
1 3 80 108 109 81
1 3 75 77 113 112
1 3 112 113 115 114
1 3 113 116 117 115
1 3 77 94 116 113
1 3 118 120 121 119
1 3 118 122 123 120
1 3 116 118 119 117
1 3 116 94 122 118
1 3 96 124 125 90
1 3 124 70 71 125
1 3 98 126 124 96
1 3 90 125 127 91
1 3 125 71 74 127
1 3 127 74 75 128
1 3 91 127 128 129
1 3 89 91 129 104
1 3 130 132 133 131
1 3 103 104 132 130
1 3 134 136 137 135
1 3 136 102 103 137
1 3 138 139 136 134
1 3 139 105 102 136
1 3 140 141 139 138
1 3 141 106 105 139
1 3 142 143 141 140
1 3 143 107 106 141
1 3 143 144 97 107
1 3 145 144 143 142
1 3 144 146 98 97
1 3 145 147 146 144
1 3 148 130 131 149
1 3 137 103 130 148
1 3 146 147 86 84
1 3 146 84 126 98
1 3 104 129 150 132
1 3 129 128 151 150
1 3 132 150 152 133
1 3 150 100 101 152
1 3 150 151 153 100
1 3 153 151 155 154
1 3 110 148 149 111
1 3 135 137 148 110
1 3 128 75 112 151
1 3 151 112 114 155
1 3 126 156 70 124
1 3 156 85 72 70
1 3 84 85 156 126
1 3 157 153 154 158
1 3 120 157 158 121
1 3 100 153 157 82
1 3 82 157 120 123
1 3 54 134 135 6
1 3 55 138 134 54
1 3 56 140 138 55
1 3 57 142 140 56
1 3 61 145 142 57
1 3 87 38 39 99
1 3 99 39 32 92
1 3 92 32 33 93
1 3 93 33 36 94
1 3 10 80 78 66
1 3 66 78 82 68
1 3 123 49 68 82
1 3 122 51 49 123
1 3 52 108 80 10
1 3 8 110 108 52
1 3 94 36 51 122
1 3 86 58 38 87
1 3 145 61 62 147
1 3 147 62 58 86
1 3 6 135 110 8
2 3 159 160 162 161
2 3 160 163 164 162
2 3 164 163 166 165
2 3 167 168 170 169
2 3 169 170 172 171
2 3 173 171 172 174
2 3 175 173 174 176
2 3 165 166 168 167
2 3 177 169 171 173
2 3 178 177 173 175
2 3 179 167 169 177
2 3 180 179 177 178
2 3 162 164 165 181
2 3 161 162 181 182
2 3 181 165 167 179
2 3 182 181 179 180
2 3 183 184 186 185
2 3 187 188 190 189
2 3 188 191 192 190
2 3 185 186 194 193
2 3 187 189 184 183
2 3 194 195 196 193
2 3 184 197 198 186
2 3 189 199 197 184
2 3 190 192 199 189
2 3 186 198 195 194
2 3 191 200 201 192
2 3 195 202 203 196
2 3 192 201 204 199
2 3 198 205 202 195
2 3 197 206 205 198
2 3 199 204 206 197
2 3 200 207 208 201
2 3 207 159 161 208
2 3 209 175 176 210
2 3 202 209 210 203
2 3 208 161 182 211
2 3 212 178 175 209
2 3 213 180 178 212
2 3 211 182 180 213
2 3 201 208 211 204
2 3 206 213 212 205
2 3 204 211 213 206
2 3 205 212 209 202
2 3 214 215 217 216
2 3 218 214 216 219
2 3 159 220 221 160
2 3 166 222 224 223
2 3 225 226 228 227
2 3 229 225 227 230
2 3 217 229 230 231
2 3 216 217 231 232
2 3 219 216 232 233
2 3 234 235 237 236
2 3 238 234 236 239
2 3 240 238 239 215
2 3 241 240 215 214
2 3 242 241 214 218
2 3 203 210 244 243
2 3 210 176 245 244
2 3 193 196 247 246
2 3 196 203 243 247
2 3 223 224 249 248
2 3 248 249 251 250
2 3 250 251 252 245
2 3 248 253 254 223
2 3 172 255 253 248
2 3 174 172 248 250
2 3 176 174 250 245
2 3 160 221 256 163
2 3 163 256 222 166
2 3 230 227 159 207
2 3 231 230 207 200
2 3 232 231 200 191
2 3 233 232 191 188
2 3 227 228 220 159
2 3 185 193 246 257
2 3 258 233 188 187
2 3 183 185 257 259
2 3 260 242 218 219
2 3 258 260 219 233
2 3 223 254 261 166
2 3 166 261 262 168
2 3 168 262 263 170
2 3 170 263 255 172
2 3 236 237 226 225
2 3 239 236 225 229
2 3 215 239 229 217
2 3 244 245 234 238
2 3 243 244 238 240
2 3 247 243 240 241
2 3 246 247 241 242
2 3 257 246 242 260
2 3 259 257 260 258
2 3 183 259 258 187
2 3 245 252 235 234
3 3 264 266 267 265
3 3 265 267 269 268
3 3 269 270 271 268
3 3 272 274 275 273
3 3 274 276 277 275
3 3 278 279 277 276
3 3 280 281 279 278
3 3 270 272 273 271
3 3 282 278 276 274
3 3 283 280 278 282
3 3 284 282 274 272
3 3 285 283 282 284
3 3 267 286 270 269
3 3 266 287 286 267
3 3 286 284 272 270
3 3 287 285 284 286
3 3 288 290 291 289
3 3 292 294 295 293
3 3 293 295 297 296
3 3 290 298 299 291
3 3 292 288 289 294
3 3 299 298 301 300
3 3 289 291 303 302
3 3 294 289 302 304
3 3 295 294 304 297
3 3 291 299 300 303
3 3 296 297 306 305
3 3 300 301 308 307
3 3 297 304 309 306
3 3 303 300 307 310
3 3 302 303 310 311
3 3 304 302 311 309
3 3 305 306 313 312
3 3 312 313 266 264
3 3 314 315 281 280
3 3 307 308 315 314
3 3 313 316 287 266
3 3 317 314 280 283
3 3 318 317 283 285
3 3 316 318 285 287
3 3 306 309 316 313
3 3 311 310 317 318
3 3 309 311 318 316
3 3 310 307 314 317
3 3 319 320 322 321
3 3 323 324 326 325
3 3 320 323 325 322
3 3 273 327 328 271
3 3 275 329 327 273
3 3 330 331 298 290
3 3 332 333 335 334
3 3 322 325 315 308
3 3 325 326 281 315
3 3 336 332 334 337
3 3 338 336 337 339
3 3 331 321 301 298
3 3 321 322 308 301
3 3 340 341 329 275
3 3 342 343 344 333
3 3 345 342 333 332
3 3 346 345 332 336
3 3 347 346 336 338
3 3 268 348 349 265
3 3 271 328 348 268
3 3 324 350 351 326
3 3 350 352 353 351
3 3 351 353 355 354
3 3 326 351 354 281
3 3 356 357 359 358
3 3 356 358 277 279
3 3 354 355 357 356
3 3 354 356 279 281
3 3 337 334 361 360
3 3 360 361 320 319
3 3 339 337 360 362
3 3 334 335 363 361
3 3 361 363 323 320
3 3 363 364 324 323
3 3 335 365 364 363
3 3 333 344 365 335
3 3 366 367 369 368
3 3 343 366 368 344
3 3 312 264 371 370
3 3 370 371 343 342
3 3 305 312 370 372
3 3 372 370 342 345
3 3 296 305 372 373
3 3 373 372 345 346
3 3 293 296 373 374
3 3 374 373 346 347
3 3 374 347 338 375
3 3 292 293 374 375
3 3 375 338 339 376
3 3 292 375 376 288
3 3 377 378 367 366
3 3 371 377 366 343
3 3 376 330 290 288
3 3 376 339 362 330
3 3 344 368 379 365
3 3 365 379 380 364
3 3 368 369 381 379
3 3 379 381 341 340
3 3 379 340 382 380
3 3 382 383 384 380
3 3 265 349 378 377
3 3 264 265 377 371
3 3 364 380 350 324
3 3 380 384 352 350
3 3 362 360 319 385
3 3 385 319 321 331
3 3 330 362 385 331
3 3 386 387 383 382
3 3 358 359 387 386
3 3 340 275 386 382
3 3 275 277 358 386
4 3 220 7 9 221
4 3 222 11 13 224
4 3 226 15 17 228
4 3 235 24 26 237
4 3 224 13 43 249
4 3 249 43 45 251
4 3 251 45 46 252
4 3 253 47 48 254
4 3 255 50 47 253
4 3 221 9 53 256
4 3 256 53 11 222
4 3 228 17 7 220
4 3 254 48 65 261
4 3 261 65 67 262
4 3 262 67 69 263
4 3 263 69 50 255
4 3 237 26 15 226
4 3 252 46 24 235
4 3 327 79 81 328
4 3 329 83 79 327
4 3 341 101 83 329
4 3 348 109 111 349
4 3 328 81 109 348
4 3 352 114 115 353
4 3 353 115 117 355
4 3 357 119 121 359
4 3 355 117 119 357
4 3 367 131 133 369
4 3 378 149 131 367
4 3 369 133 152 381
4 3 381 152 101 341
4 3 383 154 155 384
4 3 349 111 149 378
4 3 384 155 114 352
4 3 387 158 154 383
4 3 359 121 158 387

bdr_attribute_sets
4
"LV_endocardium"
1
2
"RV_endocardium"
1
3
"basal_and_outflow_wall_cuts"
1
4
"epicardium"
1
1

vertices
388

nodes
FiniteElementSpace
FiniteElementCollection: H1_3D_P3
VDim: 3
Ordering: 1

-4.534171619445797 -0.01346512588078788 -2.784054296674737
-4.325164807881967 -1.237979726102316 -2.09889790600719
-3.559397841334057 -0.1735604230724284 -3.892022088090054
-3.166560347010135 -1.423662603545971 -3.289164464073485
-4.574236543537252 1.007000547108944 -3.342778272799144
-3.900368233187883 1.211513085261333 -4.266739226031858
0.9113613495202723 -2.436569882851492 -2.463163468322324
0.9869482790247859 -3.369783132505108 -0.7240978458455104
1.639683065958291 -2.499887259023382 -1.573177070173127
1.4183949125225 -3.076048707662813 -0.4205820061949737
1.837999809110684 -2.086465012909877 0.564911752829651
1.539853758179844 -2.49243786405548 0.703760377904074
1.145742406063308 -2.301116851125255 1.61084985845676
1.081619083650626 -2.506583093422507 1.542223376366547
-1.594701548151189 -3.850496117603338 -1.50765494799248
-0.4327477225571252 -4.189583376623356 -0.2660447563449113
-0.3890162719016197 -3.301391393719986 -2.170519436843635
0.3827352656026271 -3.806334085043563 -0.6987531646729044
-2.552914794719558 -2.735500579751525 -2.510458286560085
-1.221346870986221 -2.157970778426926 -3.196030825353104
-1.848476295619858 -0.942254490400033 -3.886131758383177
-2.312630089924006 0.2144951231229776 -4.476577071487926
-2.738672667623407 1.496820987326238 -4.839688654756367
-3.12692664471349 -2.721076452907531 0.9876061135783989
-1.591244202652938 -3.626503102493853 1.43533858359862
-2.656791493917448 -3.601679980002748 -0.3559062139817804
-1.063086381987372 -4.114678049381438 0.4562338392856603
-4.207166068513076 -1.57774664409492 0.1739865362629234
-3.77108491164193 -2.508646780493814 -1.262215912766066
-4.725537861039513 -0.3135507666019984 -0.7877044121262256
-4.878608814126189 0.8844615451863556 -1.735255184187332
-4.739207102784183 1.910769602778178 -2.795980766177765
-3.161491939867001 1.736458557131941 0.7941738494146127
-2.847098976073132 0.7446979180364498 1.828700008144451
-4.257189193795246 0.8054912102687214 0.2855481220485126
-3.833097132393889 -0.3543998220868941 1.319655419167339
-2.176672922087049 -0.2975261022742008 2.495687112289184
-2.770552259643806 -1.579981926534168 2.19741321047131
-3.254213143652645 3.314721927924817 -1.52019617266921
-3.343457366450461 2.57988535545974 -0.3360753498408955
-4.249335113297351 2.753524181129443 -2.016374787308627
-4.384843375205913 1.839878997905336 -0.8319526563069074
0.09180961069412441 -1.827142397121989 2.288749910799989
0.09874590396286843 -2.450883999736348 2.029092757822099
-1.138125726491489 -1.61257965660633 2.414193890877308
-0.7247918085466141 -2.427705774788834 2.313743887360604
-1.398776268810641 -2.839007693478916 2.214352326115437
0.507488613386322 -1.875251501019286 2.446191060060589
1.344345740201156 -2.350968897519063 1.901400682223214
0.2616912017323792 -0.8258669333538267 2.07990307384905
0.575318244383861 -1.085685456103397 2.378430975026136
-0.8491736101941847 -0.7982005808606468 2.416285373267197
1.879177378324407 -2.37763764069722 -0.5523673605379025
1.611681979305021 -2.705434464376617 0.07089937981262903
0.0259469830560431 -1.43663497147563 -3.407037406378937
-0.6978569626763644 -0.4128949547056444 -4.076438289039366
-1.210041672986769 0.6540774233024612 -4.670858938200761
-1.642453559472149 1.887091393679379 -5
-2.878589373561853 3.805330513627452 -2.581755297951591
-3.820426384397885 3.415939888846405 -3.098244109920183
-3.118276537575609 2.924093898774515 -4.539881735809092
-2.070649988280937 3.188481171982688 -4.639261843919715
-2.370641500382838 3.89128015275469 -3.61099795658996
-3.206193485435783 3.615258258255436 -3.793748537172696
-4.133284006894701 2.611196234007288 -3.901805232897378
2.123224023789871 -2.268552952263616 1.341967246158051
2.025097236040056 -1.32800585081845 1.010049189832779
2.063953736249222 -1.482215085634281 1.53567143734417
1.447274630568788 -0.701064592418271 1.537157102888947
1.483431092377741 -0.807774770612213 1.863009753600266
-0.06422016361648901 3.860802862551149 -0.5609906819738562
0.4063759337213515 3.56913014339059 0.530291697644061
-1.1447715999588 3.638255475221234 -0.1853056843322293
-0.8963155950056004 3.279070020348057 0.924823985568424
0.8614051650352809 3.155025683854701 1.792358580600339
1.255726739071486 2.636264093701825 2.977306919656094
-0.6149778205287517 2.761734231013918 2.16571414664244
-0.2444717035367265 2.122151617482345 3.230473843210404
2.240538404355338 -1.101536313190114 0.8046116835411095
2.645371308645695 -1.22901518802716 0.6061982906878624
2.13862306278307 -1.693910488771066 0.0149211651912881
2.35862257684555 -1.687186414840055 -0.1502206258217863
1.895057727790013 -0.2823399299285285 1.582540861327052
2.919119962345993 -0.7046727073364972 1.021033386502611
-0.8802907576778941 4.212524010224756 -2.135849763727298
-1.201333117109077 3.982483784676559 -1.17955746263673
-1.857925521771087 4.100488202857539 -2.328336842892767
-2.16924641086221 3.747128220746498 -1.288845990464745
3.135068193392138 2.974060283240447 -2.47657530304442
4.159661937227214 2.365622114685907 -1.572373377474709
2.307244026116143 3.513406440467493 -1.110413741005951
3.204651956958623 2.987507364269702 -0.08859892352921669
-2.026476131808167 2.619958650523058 0.8832440343048044
-1.783204923741016 1.780461034219113 2.017774148275078
-1.509790192938934 0.5614480752719586 2.939551253907981
1.997250968986902 3.449796565563534 -3.268857302352076
1.31690930993047 3.882237025867081 -2.016018061497969
1.005956160977491 3.753014456122216 -3.836765081252579
0.4362047797221967 4.073194872344232 -2.728851755975019
-2.18568581363654 3.232129926429482 -0.2407566101006314
2.748167172787569 0.5575925930977313 1.971162492472368
3.301576890719014 -0.160003601798554 1.206774822624441
3.714960050765093 1.237780526319159 -2.78512271527431
4.288340306927595 0.4440950075897946 -1.950472605954707
4.815844562773392 1.651518572049531 -0.6256093513293483
2.817370931352118 1.956107861713638 -3.554110680612587
1.872769173392407 2.585850997793309 -4.149177686264244
1.161386683825626 3.118359359308237 -4.418784733905511
2.095128060202584 -2.057050530524401 -0.8943998276613364
2.306108281718971 -2.002545698454355 -0.9037071938878599
2.238102555814934 -2.002062747347155 -1.871824287261089
2.744190067194894 -1.950530854062679 -1.42487443426387
1.287776512390907 1.797904785257232 4.126147088205386
0.01266724069317757 1.473120490072602 4.11335790149881
0.7236816897608409 0.4159657919784905 4.995417042613088
-0.1151245621444402 0.5272942387628249 4.835658352784449
-1.020361062305648 0.4943985440981286 3.570430548409563
-0.7943073236493239 0.1363933342443383 4.185215547025037
-0.5387335429272065 -0.2220460724909691 3.016812606075372
-0.5971616452898693 -0.4962097209840177 3.628440946548622
0.4541937859240315 -0.2505246366382009 2.708035871204181
0.1088509799743192 -0.8088747040283929 3.627708291937498
-0.5068219294068487 -0.3430399561164585 2.593408327884475
0.7322060439863032 -0.2345949132183441 2.137921831683045
0.6600922072210583 3.922948315758434 -1.167449244566107
1.39424707354797 3.617185250550673 -0.1653123016447936
-0.02557115967739608 4.113428221155931 -1.854558285197231
2.080164865644715 3.153583268286969 1.004367757515024
2.613649929248324 2.541910069027636 2.212142679382018
3.888326688561039 2.332838102724953 0.9807082378125549
4.488306085623536 -0.2096717030720302 -1.251307490056014
4.39429052535824 -0.7471298258012022 -0.8960545429497171
4.832363113005712 0.8432162045784658 0.1362107953134473
4.654337586331039 -0.08590566576429245 0.240043812034523
1.125095632907574 -0.7864427862680898 -3.406660206209355
1.860251476703189 -1.607625919568998 -2.736263994707434
2.421839568958042 0.1004940079655696 -3.306438533738126
3.097593933615975 -0.680121338867818 -2.659996639188451
0.3897020007381712 0.1529181413066713 -4.021743791403323
1.620293280401 0.9535585735111886 -3.911863649391929
-0.1480564786649112 1.209692837894146 -4.545333808993377
0.9291753705643615 1.841112025917539 -4.412886261460261
-0.5973134815426102 2.457936480354159 -4.818223864149401
0.3542378845617365 2.872290319257683 -4.662425711676931
-0.03140537974738836 3.799329443705917 -4.214288508371533
-1.042172999754397 3.589153873595772 -4.477077704388868
-0.4725239191114714 4.141614461861969 -3.197696558122616
-1.402547868642092 4.095435596372684 -3.46130756137042
3.479309494509838 -1.183900271973155 -1.994241640389743
3.676260980472366 -1.476558334636759 -1.493922330614781
3.854095247898929 1.361609283753471 1.684304011554793
2.441421624533868 1.42671693750088 3.321426330978139
4.07578470860155 0.1849570683427874 0.9655758223132542
2.064000484345297 0.5541460893534714 3.009129543013155
1.23451771205849 -0.4887653742990299 4.214254216791917
1.262920284294978 -0.08949151054850572 4.665814979308536
-0.3964566348539681 4.02143066148757 -1.24358486498203
1.333432290582314 -0.04773983795415739 2.686346852893314
0.762260409784114 -0.8243811615479099 3.877850437792605
0.5950108414909757 -1.890545816802273 -1.983242189705904
1.129582734869903 -2.030583876320144 -1.290654464572986
0.5778999796802 -1.027807702490289 -1.766822852265249
1.029175944197217 -1.33536404194674 -1.286381778421132
1.39864468600459 -2.161818673323441 -0.4995222267500641
1.344334534854415 -1.559400509339027 -0.801209425396851
1.289677404296018 -1.205848814924919 -0.4337828723132469
1.467568222887628 -1.987951360485469 0.4027397456847783
1.120445510709089 -0.7171827055298015 0.1243814652588592
1.707110289201576 -1.284072736730132 0.8173785614775781
0.6835564086756355 -0.4283615992697305 0.7119122268350664
1.239117386664406 -0.8195581005778856 1.254748507057914
0.1778285879926335 -0.4552171677527506 1.248617366995673
0.2071521860290842 -0.8800014770731261 1.834214133843478
-0.3797835123360187 -0.128698548217448 1.219013991252239
-0.7253866688043227 -0.6328446343024021 1.860458700482125
-1.044825290179953 0.3958608743580673 1.126623101957937
-1.777338125877812 -0.193488157951894 1.786721375511619
0.1129503281318091 0.002901962931925074 0.406329305440545
-0.3908880304419859 0.4922153645485785 0.1357571607208928
0.5645986799069008 -0.2601858020936023 -0.34663990640013
0.1130755223986928 0.2515125189749666 -0.7006941083093612
0.8203879248063206 -0.7276827331232867 -0.9115392457307806
0.3808687119266855 -0.2990183994821225 -1.317208460410576
-2.07426446770191 3.205408648402317 -3.305595576500286
-1.417697874267473 2.659663830615098 -2.733038613252728
-2.39021698743837 3.215832123369476 -2.585763945321719
-1.762059140910039 2.819871339421658 -2.174842204471081
-1.899890148287437 2.754757858283386 -3.982940627848283
-1.685055873337244 1.895190828649155 -4.270642373502686
-1.246664078962472 2.274744797083025 -3.338495107665917
-1.186720107351019 1.830693665803823 -3.728295992842664
-1.358787596015292 0.9630320159551936 -3.902485326175138
-0.8622249683501478 1.223006053036121 -3.319201519969024
-2.704892571370263 2.831307860217932 -1.790660559241853
-2.109493854043331 2.754466455341211 -1.714765738334146
-1.965183215841087 2.307690673434628 -1.120137287344909
-2.75852874471781 2.232735761190066 -0.8699145005311006
-0.9630703487403269 2.023599220224058 -2.190422642427894
-1.355753382979565 2.235511219245879 -1.637426215779441
-0.8095440310620186 1.635378862782797 -2.757393338492447
-0.8723149323703284 -0.007465406767422706 -3.300830169117527
-0.4482885894880659 0.4233082608390837 -2.772936499023733
-1.740407722146923 1.675023291073749 -0.2471344247154287
-2.586340442493319 1.489884423820367 0.1433042583217376
-0.4066615277364306 0.9725083491197352 -2.229120703554489
-1.037802272407615 1.648620477587776 -0.9916443447127743
-0.5945863686567675 1.423672618318434 -1.673424728672231
-0.1974705031426034 -0.999823397229272 -2.678469459380941
0.0421334788864861 -0.3732489694155189 -2.240670350424193
-1.44700714387743 1.017227066550701 0.5832612996956409
-2.29060305800127 0.6163036189557081 1.13199367329025
-0.02610105839613793 0.3161122993535053 -1.755229551752048
-0.7329076090722599 1.062255626817208 -0.3414092541764444
-0.2458646582505024 0.8392698748397566 -1.163781848346013
-3.820133124774896 0.4218486033976915 -2.611484177937787
-3.589151259374936 -0.7074540556935527 -1.94449961112504
-3.136645837221425 0.3743550539395454 -3.257948101142436
-2.749809680878794 -0.7662180013362894 -2.651497269033061
-3.918332990439491 1.256343686724803 -3.089144826375414
-3.463738061108142 1.46505041918935 -3.71259803015769
0.7342913848794502 -2.991802380128891 -0.4028949280828818
0.988497363452566 -2.766007095226011 -0.3058343892254586
1.234249723137675 -2.356688988107967 0.5513493834254435
1.034771509542319 -2.151617846064546 1.455527220560024
0.89642752594619 -2.363839874437435 1.261512773861497
-1.371308958056345 -3.155225460304219 -1.258383445800254
-0.2565225770935156 -3.624460492578024 -0.1645512462154112
-0.4571553605395936 -2.746422095941606 -1.732403470370229
0.2748193068820192 -3.30516944005062 -0.361522194667609
-2.205231602762069 -2.04569660421748 -2.017929537483401
-1.209171259089391 -1.664048996245882 -2.558351054030294
-1.813953327777217 -0.4726586668177273 -3.166765558540103
-2.27341893990308 0.6388417538892158 -3.786306918867983
-2.623659041670083 1.711721502095154 -4.252640656181732
-2.570063554784042 -2.264065882478587 0.6688793002515087
-1.179220182346132 -3.134474063651932 1.170975174916842
-2.201288906021432 -2.958983965964844 -0.3976151943435805
-0.7695259518027248 -3.502836367133407 0.3375958652560608
-3.475718967915608 -1.209358332960582 -0.1434234882628892
-3.109527669115147 -1.922553597245718 -1.188073947618973
-3.917849614409154 -0.07533816820661864 -1.028002726247887
-4.040962432896938 0.9906398639959302 -1.861987939253735
-3.984493532869378 1.860558859095592 -2.66834371175801
-3.533491681751137 0.8038368698134749 -0.2155504369795076
-3.152789294819503 -0.2167822876312232 0.7618299595820308
-2.262911808659618 -1.319342677019296 1.67218444628723
-3.51002193754169 2.45084515645141 -2.0888693319968
-3.620100481614445 1.715011210682383 -1.172878068184608
0.0718236133271211 -1.735351159931929 2.069707359006075
0.03772306247743731 -2.289208557425079 1.674087907000784
-1.089619947362278 -1.431453155233836 2.006826731656037
-0.6973637111048382 -2.306004837384987 1.904073703804434
-1.127075588023323 -2.663047583874632 1.778424735496115
0.6560989945072335 -1.854511407027667 2.317336057453961
1.346340256142511 -2.149609460396178 1.90519301321033
0.6755708261720182 -1.223917918732678 2.254709744694616
1.235305801077132 -2.513909207033968 0.03149415272804751
-3.184087185308842 3.038598973927452 -2.928280594765852
-2.795613923626815 2.715799230520196 -4.147497069195341
-2.771790005021619 3.25912870918508 -3.506461244611538
-3.569752347171448 2.440639055701915 -3.508443981351456
1.958194048384115 -2.086274713012854 1.459520164763574
1.848632168537126 -1.558071047371622 1.558330792317089
1.336321139460435 -0.9849271955836427 1.809609871943738
1.625737082803045 -1.498133657655707 -2.517241882132274
1.998617786482149 -1.819972056793803 -1.75990546591169
1.328963655198958 -0.5808014860845886 -2.050428435233708
1.663110228312737 -0.9411333406175104 -1.507961427241266
2.043004011571617 -1.769151029471855 -0.9374909803458957
1.876567852528315 -1.150256972835616 -1.06483345176203
1.797013032602083 -0.7661849295205099 -0.5559364928101536
2.109850777679759 -1.412230917384489 -0.09725482075777513
1.578602695696103 -0.2462974271319097 0.1572202789954131
2.151046885397115 -0.8412502852816538 0.7289477589101722
1.202580291017418 0.2216614938452691 0.8578927809377701
1.748736037401774 -0.1790799211629303 1.37543528577921
0.7442571968222383 0.2802922744196537 1.422612061798166
0.8439845125136316 -0.03362023034699426 1.895686038169036
0.08738385386859274 0.47152719936273 1.479091327208969
-0.3260773631753818 -0.1046644026200718 2.35353250386669
-0.5629546906128265 0.9880894416829709 1.395660852825344
-1.301420096164717 0.6213069241237608 2.630266574554225
0.6240398625235083 0.5180138316886587 0.5306562661172237
0.141415733023005 0.9976050421323017 0.2351317968083778
1.103284035151352 0.1778804133905853 -0.3104877407555635
0.7290936530966245 0.7038351378921721 -0.7101308784671997
1.414731589008578 -0.2849852524306051 -0.9748090604819025
1.028318013774983 0.2037140283453432 -1.424892945254045
-1.330433706926887 3.735982409694472 -3.290167287079768
-0.732055123191408 3.102919524344826 -2.753048330465348
-1.708415088817639 3.836600759780233 -2.313957538736001
-1.147224352110057 3.28983683767754 -2.058244926545825
-1.095399229148931 3.307173758118718 -4.24185615186424
-0.6936347964728702 2.437304051871212 -4.511977626158577
-0.571589280019362 2.728435174899255 -3.458155566566867
-0.4705382151705546 2.284268984562149 -3.834984170270221
-0.3081327979684798 1.277147815330172 -4.256773439910695
-0.1245840268266918 1.673715231559705 -3.542063087746765
-1.970280881413663 3.528458723489298 -1.547285768115538
-1.468641607989811 3.247963328992857 -1.570267946668121
-1.332189988153158 2.837308065492152 -0.9793494142386504
-1.991511556857932 2.991835421030417 -0.5232643667772785
-0.3012802483371387 2.575425561993566 -2.234223249346172
-0.7540856523314257 2.750924453842654 -1.567603770006311
-0.13412961122365 2.177671756279113 -2.917960608266909
0.2150460728507773 0.2442075363439081 -3.734091932205364
0.2911953606040365 0.8990901863046106 -3.06263678225726
-1.184107170252227 2.278646266684088 -0.07121681542191986
-1.86756990911794 2.417131070550007 0.6173743341528146
0.2267633058890769 1.527617162313646 -2.4013440439755
-0.467953636370609 2.167400261564328 -0.8954518977695876
0.04532740319122183 1.982977255951961 -1.679053396017992
0.9408040745930351 -0.7181754468791371 -3.155241340193044
0.8238812831187904 0.08814446718709806 -2.545327686718849
-0.9406743861276058 1.641896115323584 0.7898579053720869
-1.60424471283634 1.58704415611001 1.761045700323195
0.6287909013350964 0.8414237236965415 -1.877215794837795
-0.196989387359077 1.581755753578085 -0.2316272607796205
0.3835755838232707 1.345494594146925 -1.125161262344962
-0.1120660751428175 3.589469897123346 -0.6992653822604055
0.3577373555376286 3.296257186392157 0.3634547381974126
-1.05627932351447 3.375969215616639 -0.3894652101173268
-0.801078194055495 3.000780695724514 0.6959748342031347
0.8023026297389265 2.8705657120064 1.59405582118837
1.172824894740609 2.363259570273226 2.778031525927043
-0.5226114868594349 2.477802470234213 1.911966842185245
-0.1992023269475185 1.893370925874989 2.967682227897478
2.617422827480128 -1.148756724626569 0.4818708686780953
2.337610007998555 -1.542585998590742 -0.2418692301767435
2.857749109920278 -0.6208720708160128 0.899388501069013
-0.8407725460030403 3.920913180220753 -2.183521240795087
-1.124342411130283 3.72080905406769 -1.300501452457973
2.870245902453926 2.818228972452244 -2.401904679011261
3.87064324479858 2.235684968820323 -1.509845415163162
2.126813743051195 3.230949749889228 -1.152339086586243
2.996049763346698 2.705848491601306 -0.1646101815174632
1.764894100316765 3.249958287799917 -3.174058398502559
1.15990999026222 3.580688036589251 -2.075375108492568
0.8232242006342215 3.529454229116349 -3.711947262169771
0.3057173499820249 3.729979662515239 -2.74864461780274
2.638154859405714 0.6426886064281213 1.821348664478672
3.227491952668993 -0.1097655319750057 1.023817798399708
3.449190181663167 1.281717111165262 -2.553912057495789
4.025861501578845 0.4926960447934441 -1.765291053411627
4.521719720388321 1.550690448400192 -0.62247851432446
2.566784975857574 1.996585947728769 -3.310148747435493
1.658881342419314 2.592866288236415 -3.906253983202749
1.012840771785632 3.065622136868171 -4.197940921713688
2.298551126730141 -1.812164662504378 -0.9323833126672133
2.696515444499525 -1.767008745472135 -1.395580359812514
1.228312862312266 1.597910303894234 3.941861522910695
0.06224967754258798 1.281213075932793 3.905745469194876
0.7344144094391521 0.2586148283718853 4.858651986829939
-0.01954557287564405 0.371644491378252 4.741012698020258
-0.8163242299476137 0.4713887102331121 3.491866724531372
-0.6299357858940828 0.03324317699414958 4.255908845502605
-0.4421255574129123 -0.1186951042458038 3.034304562366553
-0.4662107487956941 -0.5198750704229761 3.762436468426777
0.4042536814253639 -0.1555933420603738 2.76380144843104
0.2575126339430165 -0.6973124965243834 3.768464017696237
0.5745926539356548 3.640774883696487 -1.257021158023326
1.285418309645193 3.345499390088824 -0.257549307520774
-0.09621809417957283 3.790584038847783 -1.911138164665888
1.961111490002268 2.88624855734896 0.8741746582852937
2.464850445712158 2.294622898758733 2.05062935285189
3.652224394855452 2.091003371913578 0.8473360183848149
4.251572924776237 -0.1332668414593662 -1.168721687724056
4.169357255747822 -0.6776329946885756 -0.8448218311429021
4.590043612123519 0.8503042414829601 0.02055055336999962
4.444580906665222 -0.02827905035121931 0.09842470320279835
2.216767986305481 0.2330448364438687 -3.014465983210667
2.884388068280911 -0.5325481210297359 -2.38714810401039
1.436893915245308 1.067507183196465 -3.639724298504114
0.7724965908926427 1.922297970659177 -4.162068226588898
0.256489303444511 2.829875124437392 -4.443358494119608
-0.1377771989542578 3.552502689716072 -4.059429139900778
-0.5414758543302229 3.827889169586081 -3.165988125001295
3.321333388526711 -1.038489178154133 -1.805576417529051
3.55360231557686 -1.34284670560792 -1.369073140881957
3.674581342303972 1.3573399432032 1.518297714880954
2.306211901030291 1.333280470481554 3.175602491378102
3.929698471828377 0.2625416235376297 0.7618421560755568
1.901292254389555 0.5915602189581691 3.03044561631196
1.106722300037386 -0.4229130726127199 4.261626453958124
1.150503841088128 -0.1006552919355186 4.633896561125124
-0.4405428231027547 3.728679783887744 -1.347596843401616
1.266971687557125 0.09131951303005553 2.699445848273609
0.7048992627301361 -0.6947165409960091 3.927054877050982
0.635192539564866 -1.578056370647967 -2.015282903238384
0.6187518406378751 -1.22495615432701 -1.889577490339042
0.7119504113696778 -1.141547327721686 -1.637440764103808
0.9116523971457925 -1.271915649641404 -1.422457640796071
1.124614593784708 -1.83479536854791 -1.381230021520295
1.073164406030364 -1.5199458804004 -1.35671495539793
0.7967247782721691 -1.922805727862076 -1.773570066659558
1.022628556965888 -1.979838878423314 -1.492786954423456
1.5438409642437 -1.237727739940535 -2.397691866677399
1.412711076847561 -0.8275190465631417 -2.192903749237202
1.437156889642318 -0.7086897561099508 -1.902730751628889
1.584243022079553 -0.8662757140845048 -1.655921655236419
1.898203252955495 -1.566152287691922 -1.706339785789225
1.750211352511054 -1.172904553051287 -1.597679194771066
1.760893277734741 -1.626642325423736 -2.317101601408599
1.92724328363324 -1.769594911238564 -1.977363587263714
0.8767037641812344 -1.758150025514811 -2.136177791876649
1.33644958326932 -1.590776217043946 -2.369457761708614
0.7854888740504999 -0.9042582229122518 -1.845209507517884
1.121374760828658 -0.7043509656626261 -1.972041779981072
1.204391070999979 -1.226401355981082 -1.347624887111963
1.487895101509974 -1.050096026583167 -1.446718318550434
1.369342794976823 -1.973558518859651 -1.415845096911865
1.753214642658171 -1.874112595555407 -1.62859756865887
1.140209429716433 -1.393477232664492 -1.149013802698673
1.282896245344844 -1.499756514080227 -0.9215420844081645
1.400269208352556 -1.983358745866066 -0.6245812789450785
1.366887024969632 -1.690087183188901 -0.7617630013038454
1.215564502035074 -2.080203083124701 -1.087679013299044
1.340285175961384 -2.145196077114256 -0.7303222240326068
1.735970108183305 -1.002918430062992 -1.371020324893498
1.836828721208476 -1.100947753004158 -1.148964774424817
1.994325563609567 -1.561806806869771 -0.9811600697673646
1.916095857122079 -1.272571097709757 -1.034864334697802
2.02400465711294 -1.832859533092243 -1.53856900431862
2.041154623537872 -1.812583861307452 -1.166581140768493
1.491440205870456 -1.446316017104951 -0.8740733142339666
1.729462181512273 -1.263341465069692 -0.9919695629249141
1.572491382450059 -2.045451505650777 -0.6278206097900413
1.863005004897644 -1.87188539097757 -0.8184415909894821
1.335140881878042 -1.482812879958618 -0.7391890573859802
1.310801480446019 -1.325174008829593 -0.5614138540427617
1.373933118043687 -1.395461899980927 -0.2508002037276957
1.45974793705804 -1.740552772298661 0.1031544916637312
1.418476223110831 -2.12714777314747 -0.2936766834127122
1.442865395744817 -2.043685755985538 0.0908045988460322
1.866144568565868 -1.060831014267112 -0.9582571551611028
1.831503800220498 -0.8907092874057293 -0.729923876767301
1.889928182658442 -0.9299755893745841 -0.4336568591055412
2.02840020868523 -1.221959067592267 -0.2271659398253426
2.053837481489642 -1.692700379687021 -0.7071354035746773
2.084251424690565 -1.531822162836423 -0.3317297444926263
1.429901523219058 -1.084328705724308 -0.467545302648821
1.656788913679043 -0.8877050387211208 -0.5221740624745793
1.656739739663911 -1.809155898096964 0.2517913641165198
1.936297836831712 -1.562475017710384 0.03716954638022994
1.027234675396146 -0.6058797101908415 0.2856538122900033
0.8287207313948537 -0.4764108188862952 0.5497638713868568
0.857692254222306 -0.5463238328936589 0.8458957100292763
1.118297710037826 -0.7201937396117153 1.09624885054904
1.620769647433947 -1.131321933632449 0.9297909569346878
1.416232480706416 -0.9196979563286458 1.122518580911269
1.290388468448989 -0.8786070656084362 0.2974924573401322
1.578583196929235 -1.141163317380775 0.6101729089165271
1.49191365260913 -0.09648164464182524 0.3560372466303101
1.323611158113232 0.1176541810676293 0.6698763365108201
1.360840396431565 0.125891713969759 0.9835797338851244
1.597213354042808 -0.07429811968861348 1.206462091613148
2.082857176613187 -0.6480042998859116 0.9160779401503549
1.902264641460382 -0.3529760519985292 1.193234360056518
1.729290467183154 -0.3928696700229846 0.3066912209330599
1.984605536665397 -0.6625617451487075 0.5631343479154159
1.247077042201505 -0.5870332155410153 0.1334578901455977
1.451971164203686 -0.3764469171206957 0.1481438541086749
0.8270110815603187 -0.2486996350272121 0.752260259649745
1.059125618132734 0.04199952960275073 0.8175447481230912
1.37519355074228 -0.6562117040902761 1.284395142412466
1.599326564907104 -0.3780822871623111 1.326363599911649
1.821376920433053 -1.169226966996034 0.787879198689195
2.018763596430337 -0.9651356587337054 0.7485984951686416
0.5296155558563775 -0.4169655841458781 0.872437068775308
0.288608331952842 -0.4319770137596239 1.124536821625733
0.1920544228073572 -0.5390209538793788 1.372604042918375
0.211674651969053 -0.7082669634177777 1.620449107122626
0.9860712843658694 -0.7994038014064868 1.411031059752685
0.5362541222114441 -0.8181379094836787 1.667302144065594
1.06719240230729 0.27701995073076 1.037497672363286
0.836489126243261 0.2962931982932339 1.309239824927406
0.7558080569523326 0.2233846617174093 1.526032557442497
0.809960983707907 0.07309130768435641 1.738660226685689
1.535832342203593 -0.1049927731752852 1.502328707678603
1.124109599051979 -0.03414087765023933 1.759665750926459
0.3343856050330721 -0.2519273577455931 1.29670831786665
0.5877001797817997 0.0770024644124962 1.374521110927191
0.3955549800491557 -0.6340509438354885 1.829073256930097
0.6712267142575168 -0.2690022151682476 1.863349838720712
-0.4806209131054764 -0.2331714769529925 1.429524571350833
-0.6281921752166653 -0.4597636540494247 1.722125292638243
-0.05560380865271372 -0.8320637809021463 1.843877651081931
-0.465640242709926 -0.715168419566043 1.85509142107338
0.06196257863628221 -0.3891633911843415 1.230438310258253
-0.1958168496434602 -0.2436834469014117 1.221418036026897
-0.03833298790647116 0.3549003962034374 1.72932862372437
-0.2203016975621958 0.08678305691036596 2.11846766310719
0.5334798608712926 -0.07816984973382685 2.016117745108236
0.003715992407772972 -0.1237641252553759 2.224577143374747
0.5903368272758207 0.3182413818177159 1.438336609454022
0.2921805415982283 0.3918767591928058 1.463539549883002
-0.2506616280040183 0.03719976822915019 1.290897598969974
-0.0417380304634077 0.3056288829161318 1.407207719491234
-0.6184425823454345 -0.4802467644133103 1.996728389281992
-0.4364600089863263 -0.2366660269262069 2.216409970408835
-1.238268930377867 0.279578928871329 1.362248422734324
-1.553980962959695 0.009504463824296025 1.653126402599807
-1.021188061735376 -0.5370343520252815 1.860914685964906
-1.482597575067477 -0.3557329014198068 1.83744499666711
-0.5733891987536917 0.00116603357781966 1.217664888532589
-0.8791321528469185 0.237415773532704 1.186240338350157
-0.7613431592551998 0.9121958293299829 1.727404876638802
-1.082511950143108 0.7387669310638496 2.262481751015712
-0.6353317985390946 0.0354489713896463 2.480109506391578
-1.072933793379171 0.3642065439866382 2.607063924286856
-0.1122869433135278 0.5832371721672572 1.489331338578972
-0.4076052935058931 0.8198236017970413 1.462352585821681
-0.9116395320954581 0.5595488245449395 1.200983307446323
-0.6961404486973226 0.8244014914960985 1.321300647336958
-1.628122660385549 0.03875334963594135 1.988777025990389
-1.408711307362225 0.3975175073183334 2.353853016376664
1.261594387196254 -1.065828241906382 -0.2924464991082175
1.187273140717858 -0.8486024793427047 -0.03442175032724156
1.585042910077973 -1.757113842197017 0.5123240505532415
1.687421443984699 -1.469010866993482 0.684627283723716
1.751366215226128 -0.6313288313228109 -0.3674942997423591
1.653740063519127 -0.3967335164600955 -0.04489354321578335
2.138797096112719 -1.270867391968044 0.1401424541303092
2.161399577150948 -1.015452720906129 0.5120584649379484
-0.258566760647538 -0.0519351350146035 0.9984070977719413
-0.03253436627578638 0.008482596222690557 0.6322389748062466
0.5192201646360125 -0.3123497013447332 0.6077976609218585
0.2654358596435582 -0.1193106054058004 0.4743987635036634
0.227347729391728 0.5403135016432318 1.219239212438102
0.4717336026514358 0.5570748417652002 0.7907844022415847
1.040287671913646 0.2994229272959616 0.7535500769269237
0.7798734709922992 0.4271198857349743 0.6092105663566071
0.2542120011788026 0.1452753818545912 0.4406924322279846
0.4827781894765147 0.3756404127659925 0.4962931393297835
-0.855774972402452 0.4685189376425289 0.8630162041460002
-0.5620128416339485 0.506660817431506 0.4100492075613899
-0.03734270670909558 0.1299515179756834 0.3409468554340724
-0.2660373308968555 0.3481791561209583 0.2244881627344722
-0.3655184333151987 1.030531956603256 1.064882259349685
-0.04960369818053195 1.032291024373923 0.5418163816726014
0.4766652258094931 0.6295022871688176 0.4552272294990473
0.2599960920203833 0.8471678371252737 0.3268194858968232
-0.2437628886881594 0.6319016359200491 0.1632236346115434
-0.005709408730821908 0.8579187707608308 0.2076653229177272
0.2537527600802451 -0.03667184925493829 0.1852663195081509
0.4589135512189809 -0.1589800460196051 -0.1537353716218562
0.9552457463125652 -0.5775368749459668 -0.02856116447326338
0.7072269905838504 -0.3804030509896963 -0.2373090311198573
0.7704131378514063 0.4484497784776961 0.2806931382124494
0.986620380054247 0.2907432815194992 -0.09659422870583823
1.435895394685426 -0.1200169507467607 0.01744348607317621
1.223090767417141 0.06228164333582396 -0.1906631656431322
0.7134876502481046 -0.1391072779983799 -0.3366476935693552
0.9543950648101481 0.05680188929536293 -0.3204799535863383
-0.2303178409186532 0.4557545179303379 -0.119986623020213
-0.002165957784112413 0.3492006972951001 -0.4929722618792783
0.4293669203354932 -0.1307571825766281 -0.4449685644006614
0.2270758855392532 0.0989827027195942 -0.5980630982924224
0.3265091453323513 0.9398261778697594 -0.05281766657203566
0.5950728930790489 0.8060749266558433 -0.4759078167700057
0.9923790815139093 0.3063952399972463 -0.4253234980914404
0.8267036329907431 0.5425281440908648 -0.6033318145656242
0.2833387461863661 0.376531416067609 -0.7033023674321831
0.5588304293089512 0.5788162407995298 -0.7075226193443775
0.9751927170966788 -1.156783027199822 -1.198372250443318
0.8806365642914727 -0.8836552760898103 -1.032280919801505
1.172041669225905 -1.048659239684409 -0.5827626328709264
0.9568121416336132 -0.8397492298227175 -0.7945352831010586
1.590430903730142 -0.7359318181307161 -1.38352638144486
1.48205824520803 -0.4426596993835583 -1.141125065578513
1.696547711720993 -0.6197034324729014 -0.6729530397867668
1.523552165354882 -0.4085391235476876 -0.8579090462434362
0.9846604733921931 -0.6053241588066196 -0.9290265924356087
1.250459040422705 -0.4073438267472723 -0.9573217137770741
0.5285673693281175 -0.825522966596917 -1.645609016427503
0.4392475912772096 -0.4941522014710511 -1.449669072178783
0.6915259144872383 -0.6191587535314249 -1.024223982211971
0.4967572688317878 -0.4325321985099434 -1.204047385982216
1.242908899049936 -0.3425558859890643 -1.891417068552366
1.105998674768788 0.01221554653748739 -1.608171908654686
1.307285834302878 -0.1601292717812766 -1.096729174846932
1.135177610191804 0.05556881735742063 -1.299908068315723
0.5598192977590766 -0.1600665738799616 -1.346971720009106
0.849367427942592 0.06476220274318238 -1.395129685655515
0.6505507219425528 -0.3741173599023402 -0.5235936366305242
0.7604013697887645 -0.5831645320492592 -0.775925694657938
1.204702422809476 0.06083084160127744 -0.5086085306143701
1.341942177654829 -0.143366873781874 -0.8031540733756352
0.2056612671589904 0.1283353959031062 -0.8925140740118063
0.3207290653447197 -0.1197228741966629 -1.168596847974098
0.8322536825953926 0.5893500807449223 -0.923977662592505
0.957538186789523 0.3690089163238638 -1.239506739322497
-2.156335352876093 3.238030335844915 -3.089356013176548
-2.299078340687494 3.242047654162008 -2.774839629450542
-2.195287225140395 3.14226086514849 -2.4781305912029
-1.913334316181805 2.967088241219668 -2.299216973694396
-1.498781620629419 2.72906604365256 -2.57213568548673
-1.65772912035701 2.799836611974 -2.324424977449471
-1.872711712827675 3.078506856029611 -3.15763463532115
-1.576713324494756 2.832691016987752 -2.899638508037061
-1.420749300350754 3.783296684704574 -3.041496202933131
-1.621098758869581 3.836925117317422 -2.553901928082178
-1.558417103458094 3.691235153045826 -2.253518467873863
-1.294190641484537 3.440479286462656 -2.142540123863211
-0.8303710859288451 3.177243870099578 -2.548256464520154
-1.026012229422269 3.26211697624632 -2.235521088030899
-1.151981141665507 3.545414410772103 -3.165752009436213
-0.8831485543284008 3.264811023939357 -2.906060657346627
-1.872555565092246 3.338313468597024 -3.303024329911093
-1.535633870857686 3.574025069626055 -3.318424177314581
-2.207877578532147 3.377094591745821 -2.505134531681784
-1.904246885071986 3.654435859307564 -2.391990273034909
-1.592122984778897 2.949766608431627 -2.142615509451683
-1.3171605082412 3.15994156866757 -2.090471621565223
-1.228190878698045 2.782176691220611 -2.738569163069241
-0.9215621187608352 2.980406663739312 -2.747517780648834
-1.693591956825 2.65624603397114 -3.816183232979383
-1.402342683566469 2.441232377238456 -3.527768416953962
-1.215329515554386 2.14233843388347 -3.474476931908409
-1.190914371868282 1.92914321972583 -3.657735925604676
-1.498914853179149 1.906105652267901 -4.162271251651004
-1.26609027776105 1.859727177464058 -3.860171885034511
-1.851938825393307 2.538944971927857 -4.105631774825151
-1.756169714512695 2.157657750661449 -4.239299915844437
-0.9444684133475225 3.138948442200366 -4.002548124285895
-0.7130385701869485 2.886621345723677 -3.661622924032346
-0.5433378260682364 2.595999562106829 -3.596541185874492
-0.4940690575220937 2.383529807137245 -3.766770266274617
-0.6245568712104691 2.386381523863376 -4.286929978484803
-0.5208628186260964 2.316200613860988 -3.971401171912732
-0.9945105967807332 3.100349579140369 -4.366705883734003
-0.8115983954267402 2.713133284947306 -4.489566121888561
-1.67589591862474 2.895865616276191 -4.040582491827739
-1.312225270570391 3.140441975025572 -4.151394753792609
-1.060077993524297 2.400141733437675 -3.371568445084256
-0.7581753654575373 2.603038238544606 -3.425082229148527
-0.9887723007777807 1.956058800617011 -3.757783879844085
-0.6684860217437929 2.158903849748961 -3.8054962832688
-1.408288918846361 2.039531234214809 -4.327816328815514
-0.9676911546163613 2.281234486708592 -4.435071617133847
-1.116495486487527 1.709776529830055 -3.650976505429195
-0.958632140861632 1.418270423249723 -3.455117675225456
-1.173371079796174 1.032515617435893 -3.782420193218892
-0.9592446846610891 1.148206764268135 -3.51069121187287
-1.607390891254378 1.642990323049053 -4.208963440672599
-1.459909828480766 1.227349340267894 -4.043378152256135
-0.3999721311048008 2.159962894372658 -3.77375437459099
-0.2339829326048002 1.867477238143555 -3.635264330521418
-0.2481987742023523 1.378765654341113 -4.051348570392662
-0.1655002392847024 1.554302763505432 -3.739203758250819
-0.586965681117919 2.123473407344165 -4.476125061614661
-0.4171788208954536 1.599379832995 -4.360107237826288
-0.6583460264117589 1.34757900617173 -3.380798942345573
-0.3284629687650796 1.549142278424095 -3.480465665370216
-1.065486480059032 1.050386397041754 -3.997388667556641
-0.5960017731812902 1.19303544122035 -4.154032679179777
-2.495720716177829 3.12663194671466 -2.361731471926017
-2.623115007144694 2.972619218004759 -2.016803570778304
-2.494138410111876 2.835083350898577 -1.749609634410838
-2.219240040139149 2.783922531326791 -1.709567939858743
-1.863424825254357 2.814623282000328 -2.027017311953301
-2.030660742727741 2.770565349429921 -1.797306148379756
-1.804392851620915 3.778401874739833 -2.099562651016204
-1.918835002344848 3.63968140055503 -1.760989000696056
-1.798837012195614 3.431008400373151 -1.55332470873278
-1.561307944713511 3.29765085256342 -1.563009966850161
-1.248453852354318 3.288703814275086 -1.901230150211696
-1.395422820815568 3.25999268624965 -1.668989247377391
-2.498679183039635 3.012281380376952 -1.707436980762904
-2.167309450750167 3.324665563202387 -1.603439465338999
-1.932366649587479 2.890865636550163 -1.674827530977516
-1.645768812445664 3.111564147783905 -1.610206154024751
-2.021107960637989 3.111429967024188 -3.492220426572295
-1.946860196348264 2.913618700342968 -3.797104145091493
-1.3546765226938 2.572462161203033 -2.902588754058945
-1.282752296508999 2.398081099770317 -3.178781094240463
-1.255848595023168 3.639065492778183 -3.614327460796795
-1.159562829504553 3.452115692853072 -4.024843944437973
-0.6639314697128859 3.01581876841275 -2.962535368919845
-0.5997565627652125 2.848206515582698 -3.285474642555406
-2.741026939208979 2.679390971820837 -1.545979911589324
-2.766317417555296 2.413847180212389 -1.142079528125837
-2.166117502797051 2.312552257672271 -1.010400297975359
-2.520378815670479 2.283644403994754 -0.8949144816022969
-2.075553034801798 2.660348616582687 -1.586970800262829
-2.011857662333984 2.458848533424423 -1.321564328509516
-1.989659384933778 3.385195461220085 -1.287375480748924
-1.999199850616873 3.14478699546795 -0.8265080314583044
-1.508188294901021 2.872852804055895 -0.842673855663872
-1.804225202703148 2.944095715825391 -0.6412040056396069
-1.428113521309207 3.157949573996373 -1.458444742462986
-1.368620871816349 2.971871162269418 -1.189314200796328
-2.542955915214681 2.440912872610102 -0.7719663762820734
-2.200393905141591 2.780690935185238 -0.6177218297310573
-1.790228190637843 2.454073320392712 -1.081224476259101
-1.507145013356401 2.690925418534068 -1.018262225324459
-1.633831009848048 2.66165672614364 -2.0381264369214
-1.453801801430588 2.399930238923704 -1.798419708246951
-1.046891300429847 2.100693801167569 -2.035813542742167
-1.223365994068031 2.194341885734044 -1.789518564701003
-1.275757898237093 2.483151864743893 -2.574933754940483
-1.074884795460669 2.197382112543796 -2.334326612977653
-1.020718376745124 3.140918243399254 -1.946820420160309
-0.8470034333211016 2.902858164180738 -1.726687848230341
-0.4012293176692924 2.643861451753866 -2.044686272114443
-0.6086078857648944 2.719684201739736 -1.746378890050193
-0.5970155366698456 2.952899171129712 -2.606340385283556
-0.4066801238908005 2.721575838062831 -2.377089748866917
-1.189456512215223 2.377967933638122 -1.618127766403276
-0.920382523095769 2.608467739450409 -1.586902219382474
-0.7801560636725272 2.176120269911647 -2.202528832434531
-0.4841945334049392 2.422904512305978 -2.222117059339534
-0.8993198319881412 1.930772461087257 -2.347899772010799
-0.8327125234542418 1.754614594202302 -2.603357488482987
-1.114472241453055 2.102129189056587 -3.165818369909731
-0.9217181982737138 1.81624610338414 -2.908917785377361
-0.2289904807024562 2.487079243424002 -2.426751141373333
-0.1588054272307596 2.307117541933992 -2.735437387429489
-0.44086331106331 2.578486487838268 -3.289517924143783
-0.2445924117943151 2.336026943270304 -3.054461721926253
-0.6228640767170515 1.785264932173674 -2.801773040361953
-0.3208095655686165 2.027785686888237 -2.873580906397403
-0.8197349438695811 1.324742468113208 -3.154347588517208
-0.7980901972997847 1.513029536759084 -2.906820803527601
-0.1130321487331007 1.808963887087801 -3.364700395665553
-0.1174365271262262 2.038469635486928 -3.09107563738706
-1.777698856847464 2.296835795213189 -1.249474094709946
-1.504543406111281 2.265880677409412 -1.484906071319605
-1.163683292510156 2.810233171313077 -1.12890331463622
-0.9057488693145719 2.774939446745856 -1.393802825278533
-0.7537861028987412 1.007543861061513 -3.171074370104172
-0.5672205742952174 0.6476517240056991 -2.925151286393958
-0.6851466228870581 0.1076735734552749 -3.208789898290575
-0.5261482190864649 0.2982319885386445 -2.94100085820221
-1.239470403273009 0.6889793877265769 -3.732633765990387
-1.034119483595421 0.272480532710319 -3.474906857217176
-0.01521223325248817 1.466216013018866 -3.421086339899043
0.1693178918068906 1.119875901007595 -3.204921954925153
0.2450438465222748 0.4248023819320175 -3.546965603550371
0.277826792041367 0.718420857038662 -3.246477167246102
-0.181893607490726 0.9786550915154639 -4.124983275384134
0.05074866047672573 0.5188444869331422 -3.88917416304904
-0.2439002525096155 0.5548111507911812 -2.853007687999385
0.08680702362558507 0.7675872963525127 -2.982565593281608
-0.5650198598966424 0.06161060577649763 -3.42388175437262
-0.08048378581883178 0.1759467091088055 -3.614017404181028
-2.724358812754747 2.034154587284389 -0.5940103260548361
-2.645264257356111 1.692228547916742 -0.136015562697812
-1.956941518180764 1.650782307901976 -0.08282551072478724
-2.334630178649888 1.568318391242721 0.1067849249673982
-1.9115830015487 2.143036295739772 -0.8945959548986275
-1.810614612824854 1.857500344208725 -0.4978916355776818
-1.97041039206447 2.842297457059657 -0.2110452600326122
-1.915544419263252 2.587343177455452 0.299436239830171
-1.377736999542502 2.311801669372986 0.131865856978947
-1.687093315079217 2.382599679342192 0.4398365836737771
-1.296179635212164 2.693227325494245 -0.7435741996541985
-1.231937793819285 2.442768215644566 -0.3305002436287339
-2.382987316708878 1.73911529586254 0.2876201807658677
-2.062256810756241 2.155407139726381 0.4907269873660486
-1.586650031195294 1.841860578254376 -0.1985119933506274
-1.337864861203856 2.11180897950346 -0.1198392467867207
-0.6970709386298074 1.452699191012698 -2.607611910224452
-0.5158688490020408 1.155598428571999 -2.370435447116412
-0.4098657901883696 0.5689979990042601 -2.614746862953455
-0.392453078159907 0.8191686851704381 -2.373692778899541
-0.03176020202025629 2.008207039326061 -2.779280291313741
0.1264467827960566 1.715353264568653 -2.547980782405576
0.2855994611250384 1.079424032722664 -2.881699264360726
0.2540704450215745 1.363445010972793 -2.587760976610557
-0.2315872095859902 1.125936651595609 -2.276722064115647
0.05168898773863589 1.374188859837773 -2.353742683414342
-1.529686371484733 1.685341390304524 -0.4391307223716386
-1.211702426413679 1.67396383552869 -0.7793910553085256
-1.263633357156891 2.072253338893119 -1.467213249771063
-1.122540288348497 1.810173357345511 -1.176909634831712
-0.9829739026141345 2.246934669804186 -0.2903679851615388
-0.6577722948142425 2.198233901210229 -0.6640269208446323
-0.6688145411980732 2.593431915833922 -1.393424900571445
-0.5420995559089665 2.330859601006013 -1.089750310525446
-0.8802999830955394 1.792007683343628 -0.9650574062698815
-0.6254559256826835 2.024013055808474 -0.9220388362124802
-0.8865446907318525 1.608430815840585 -1.194627112618722
-0.6891374176310987 1.508780910423813 -1.49958772239636
-0.8568726187394902 1.853768119433092 -2.047168692472945
-0.6929641914082372 1.586087005446027 -1.815903483338636
-0.2946828576659852 2.133317455060737 -1.120048465337534
-0.06190719996393632 2.055678849257558 -1.469509498560423
-0.2015612632012135 2.420483276848849 -2.086505974363648
-0.04765480982043299 2.153914507106905 -1.837645203028555
-0.4177185520918128 1.578260618147251 -1.674980454064326
-0.1315404133737332 1.828389256123143 -1.677497670625897
-0.4364802553656684 1.116090292419709 -2.083073592567843
-0.5196066031980061 1.319611569841647 -1.836434151955659
0.1961463188309568 1.678554610389378 -2.208674947987384
0.1213156575672809 1.884911071013337 -1.884952279384031
-0.3220997236583863 0.2002882529181401 -2.622106483270517
-0.1017379266459759 -0.1581402382399768 -2.382226936946414
-0.07130971161592073 -0.8144429545055918 -2.597021218406004
0.02946093645921413 -0.5462744204143529 -2.386590078183282
-0.7057821352495722 -0.2876322882994394 -3.115949161555667
-0.4030541017778621 -0.7201720047472486 -2.850820449215573
0.4290892302336657 0.6725782828487161 -2.91792217909243
0.6705184643770802 0.3073818892595943 -2.685251962973154
0.9141947240212981 -0.4947170338746202 -2.989465955542242
0.864043743627402 -0.1343579045972979 -2.717849440973792
0.4044023733020803 -0.02739416798997845 -3.576431540613404
0.7318227117898322 -0.4589565939569418 -3.317937576856407
0.2582032578501748 -0.2457229599757795 -2.324875567191634
0.6078115041551017 -0.03938154225264131 -2.461122469951408
0.1116609976830856 -0.9117363500517019 -2.815258450656351
0.6236708232216976 -0.7890177330002117 -3.023462378090461
0.4343688975863506 -0.8792536668445584 -1.895036468308372
0.1914765447954637 -0.5804445590356158 -2.105321387768353
0.352593415460794 -1.63048040315775 -2.231730996360775
-0.0006119838636835462 -1.241500893700372 -2.521789110709561
1.204106854081256 -0.424287300088904 -2.190891049318137
0.975123874531501 -0.1210616502408803 -2.409541900252063
1.454417517271211 -1.313751604416549 -2.702495752092562
1.145530926028288 -0.9615314941954529 -2.987020587384463
-1.667519088659193 0.9466048261724267 0.7984000200247383
-2.043967120357379 0.7679283517414779 1.05298392731031
-1.947991657045153 0.004183979338242663 1.63680446365194
-2.178059346432994 0.3717057811656142 1.352448158610281
-1.181813884049143 0.5611723372317453 1.023034575328377
-1.356048652876484 0.8398594130761806 0.7745257299887798
-1.133435381063492 1.633710326901259 1.064784006333835
-1.427435753386495 1.606408570447324 1.496893787311399
-1.416049312966917 0.89046703009617 2.453626249661545
-1.545467598068281 1.323774257741006 2.059544983684617
-0.6919948512966562 1.164552307388831 1.277518553377528
-0.8565226500179991 1.458815034330526 0.9982477521185098
-1.307060211558873 1.189881345287512 0.6403631971125383
-1.080621318446164 1.469241836586772 0.7327560079551887
-2.098810834606304 0.883467817534765 1.300867175123478
-1.792433469705331 1.315332516842929 1.581243782248634
-2.511603565084446 1.235187522261963 0.4440114124165551
-2.385078134347337 0.8630855464269228 0.862966442383217
-1.664988303008333 1.491907464969523 -0.001961435669189019
-1.53337832220307 1.19720609291987 0.371919463392577
-1.796788721268674 2.207237956830771 0.9352856117457595
-1.67537708268201 1.834400934323576 1.446557909003324
-1.127319903209412 2.108482019851135 0.1806943138438892
-1.017730011012427 1.822976344962576 0.5666113903917376
0.03822716686960653 -0.1863775381238715 -2.1027563691418
0.006484815098267899 0.1286188295920221 -1.890064203868882
0.2659337573502594 -0.1452453676685996 -1.434146000499307
0.08324129354871741 0.1345030979148026 -1.630549141273061
0.7744702243434517 0.309346824157374 -2.3677201437236
0.6839865234401171 0.6506675513661071 -2.068957240031082
0.9200434813098959 0.3667357401563645 -1.547258169193998
0.7414022127983173 0.6547252963525945 -1.746922919305662
0.1549066274817696 0.4613048061061966 -1.788945720108966
0.4477832154571888 0.69623121694385 -1.843499626480876
-1.234228580517465 1.060176360105742 0.3404320957123348
-0.9126734822546285 1.078282019259183 -0.0809025043759868
-0.4990392484830388 0.6437634817434859 0.02778401673000377
-0.6483478868093666 0.9002694044626151 -0.186664425910926
-0.7373767168850804 1.639938407275901 0.5068307117970363
-0.3999388942863994 1.613333883103907 0.04535016060651473
0.03538361890765853 1.155108271907747 0.1283729700509233
-0.1143117764476801 1.418043055398487 -0.07983306332593949
-0.5847834556288164 1.205841930421938 -0.3110662574721055
-0.3451135408025203 1.438169449973355 -0.2619702574839593
-0.5711395878141701 1.028036776566122 -0.5901626366413084
-0.3521826797402208 0.9299751673090942 -0.959375573742689
0.007572633081600836 0.4103619417479276 -0.8165381021528964
-0.1510087195822464 0.674940385875493 -1.026295687089659
-0.006576013574665538 1.537732366517417 -0.4955936045078949
0.2577911697352429 1.433997105299063 -0.8946159231775603
0.6326718579137313 0.8749451683566186 -0.8163639200795884
0.4781974879615065 1.164382556691321 -0.9984358107094888
-0.0718916541187042 0.9791869460671827 -1.15310738090841
0.2096025796914724 1.205577522919499 -1.135835729782565
-0.06753836744076271 0.4878372991694556 -1.61084306723785
-0.1626384774864825 0.7235351016054382 -1.34839115751083
0.5769391409049122 1.010263217935544 -1.67974755448664
0.4756451519067369 1.235476487286837 -1.34455409245903
-0.3007333583808571 0.7906579372122701 -2.093010786179449
-0.1320606099350542 0.4976581795226091 -1.881854126361699
0.3332941313920418 1.338036664507705 -2.25283455344056
0.5148675302559298 1.030503819268085 -2.016074035695403
-0.9533426344511216 1.486835127088768 -0.8049080121249764
-0.8169251457634129 1.224549181846472 -0.5107831083798592
-0.4971507224760446 1.262497115822878 -1.531420683184425
-0.3411619736662037 1.001844185392857 -1.303303708451308
-0.3948905758202941 2.005236454153019 -0.7014774353374627
-0.2748360856703426 1.744074205607313 -0.4010217578582442
0.1383128499767942 1.809667850929653 -1.518560645560512
0.2895193541060463 1.524687431946437 -1.26703756188364
-3.663788977714687 0.3574709241222518 -2.800633085890058
-3.352284249609554 0.3421939750556127 -3.08818978409807
-3.036653720989459 0.06903755399336912 -3.091582836569002
-2.865978603324471 -0.4377542208756443 -2.820677657312289
-3.389242854355717 -0.7777449257571699 -2.163286685626049
-3.004307757123029 -0.7975949734096408 -2.476608177331978
-3.769512973472993 0.1266170858680944 -2.435818398294442
-3.669592858048277 -0.3801243947009366 -2.137959002223932
-4.314478518518593 -0.1396220520007661 -3.107752315816276
-3.874142333710094 -0.2057821275885926 -3.619067415915073
-3.461640551915441 -0.5237293389363501 -3.736838746563953
-3.288930869664593 -1.077633091084945 -3.469403935900349
-4.059649005546775 -1.373726535984897 -2.46361672893963
-3.529337303221268 -1.456109868189713 -3.007339740842698
-4.496466073029375 -0.3453775604155343 -2.602105868546607
-4.406603987185548 -0.8928255844959735 -2.29923764297362
-4.336816233373923 0.1068526297378898 -2.736357088944365
-4.01748851084677 0.3015308477790137 -2.659181385668159
-3.442552061159753 -0.02212030981874116 -3.716768348374164
-3.253491617395729 0.2229149406858581 -3.433201840858326
-3.051373295858265 -1.241949384639246 -3.112917586066473
-2.864996732030665 -0.9479312202430145 -2.827744147040072
-4.121735666310707 -1.091346037182199 -2.056223266862769
-3.792580400946196 -0.8540877446136698 -1.98717425026946
-3.849748367579048 1.294306094937156 -3.228400274256485
-3.640912579665192 1.395575633250617 -3.525444677806679
-3.235212907968132 0.678318224905183 -3.420900912065016
-3.384248710935404 1.166777889903246 -3.637160821183773
-3.865996146512465 0.6987486102814378 -2.778975545921852
-3.911835299724874 1.088837709782182 -3.00535385676344
-4.466997292872646 1.037370347778648 -3.552912082178715
-4.158373006664148 1.137080297846113 -4.004600666983367
-3.654768526868931 0.1901676546274181 -4.039488838447357
-3.80683205597929 0.8096882306824086 -4.220610130186779
-4.56294867840197 0.3106927873728547 -2.964736953105615
-4.57976230939474 0.7910025434298913 -3.231846432032404
-4.392949260129392 1.075917295926445 -3.272675712344381
-4.099620273847346 1.187426937907301 -3.159247386830177
-3.779686621727787 1.28158908087563 -4.113578366405541
-3.58441967256824 1.394974423575051 -3.865758889784007
1.10346791729713 -2.229313630458185 -1.096299314698813
1.038902604850997 -2.559155141140483 -0.640591963959384
0.813509126276024 -2.927719562323008 -0.3913851613399331
0.92352599005267 -2.828338474936519 -0.3494783014331511
0.6490825628536654 -2.249038543482904 -1.578038918907624
0.7133027933914438 -2.712901232547766 -0.8775326053426483
1.209254979002763 -2.467287856830487 -2.207272197220174
1.50438944549937 -2.493335552337875 -1.838147057556384
1.564108230675379 -2.65391557993672 -1.318191797522602
1.467629732114752 -2.912238427802457 -0.7876440331284812
1.120039468710848 -3.285433274477681 -0.6610760493532064
1.314311991347826 -3.157840117623207 -0.5242167853808084
0.92053676111007 -2.759874741011624 -1.982311567602549
0.9612505928746611 -3.14509150144524 -1.222219359126447
0.8234544284392042 -2.28592487154159 -2.330100918780431
0.68121804228368 -2.042176123006556 -2.114801190991931
1.497207995568546 -2.369431947162131 -1.496983485672283
1.266678489128404 -2.158350818557661 -1.37369967622523
1.299574152295626 -2.990355313570646 -0.3888665448902106
1.107318123679441 -2.851700489318179 -0.3375498505302214
0.9171156309814115 -3.265311821966972 -0.6353195428330475
0.8041240329228239 -3.096273690667025 -0.4916732310953449
1.394595261923714 -2.097998205291071 0.7697353331546274
1.195386368814353 -2.153366505277724 1.201979370852861
0.9955317816118753 -2.203676040229224 1.391041116340467
0.930091824819802 -2.297049482130301 1.304130242435314
1.175212230680694 -2.353186734624528 0.7474568973584176
1.021830536761162 -2.358356722452627 1.067672457604311
1.37672096469114 -2.137272211649776 0.437320047707414
1.283106747462495 -2.283123489565349 0.5019128778185866
1.660484815215562 -2.217588584625574 0.8987247224630187
1.36073362163825 -2.294264965935999 1.344367487730094
1.127352228645209 -2.35046134442752 1.58233149622123
1.095844235478387 -2.440015553534769 1.551553407923796
1.451838337081468 -2.487436468731923 0.9356391565183269
1.243883200747779 -2.496228802809019 1.313621988746061
1.706829305162145 -2.245466447068874 0.5781072526515904
1.597735111556583 -2.401068399411697 0.6480548391902715
1.735191126650814 -2.059734761413016 0.5192690642971748
1.568843184092147 -2.016484305963262 0.4454176429137031
1.115070804617316 -2.259796342383333 1.56791973718656
1.065443110988311 -2.192938354806468 1.498457341830223
1.030433395987028 -2.467129838027746 1.464636874034643
0.9476132136097886 -2.403293129832194 1.339099276193401
1.455386880314012 -2.454917797530506 0.6616350150820152
1.318716601003507 -2.39420905463294 0.5934747462475031
-1.126087700302014 -3.099051287060385 -1.420146274582557
-0.7219501533609776 -2.9082967363437 -1.621895075830868
-0.2487090430224703 -2.934893324315215 -1.391962980139581
0.07644935496033539 -3.17912399740451 -0.770845342684529
-0.1099098449167779 -3.567506304371782 -0.241879421227248
0.1291206370201166 -3.412713230205025 -0.3275586264388027
-1.082966900413911 -3.339006913034332 -0.9839834484684078
-0.5792877758649108 -3.534821299479292 -0.4875605674465081
-1.264851249497679 -3.763495220176824 -1.737344110910697
-0.7259747782127204 -3.501833907886555 -2.025410559265675
-0.1673153301584878 -3.48645630168575 -1.790884700785822
0.175884821546712 -3.703467633201027 -1.127696480392413
-0.2149408784196297 -4.117681877398664 -0.4189919293806144
0.1621919435175923 -3.936963620896718 -0.6165099469091128
-1.285209008611987 -4.010436225196876 -1.182043549059887
-0.7625411785210523 -4.144899302454476 -0.6222220904537852
-1.532957354815949 -3.658328034201958 -1.438757999271898
-1.433053151391585 -3.347393543705599 -1.327280394520836
-0.4078494528086667 -3.148001652356574 -2.049427161913188
-0.4383221796325457 -2.899811837305018 -1.853495745300676
0.3529080281979572 -3.667815583959469 -0.6055448169752601
0.3046465442866891 -3.443687941134714 -0.4547305423652528
-0.3840402902854626 -4.0333872530373 -0.237992640072624
-0.305230009365179 -3.78065661616408 -0.1926033624876989
-1.935601680242049 -1.98356034036124 -2.196834775755093
-1.493707228621051 -1.809356546744151 -2.437206591248902
-0.6718706844785157 -2.491579393827777 -2.007054634469744
-1.011123668880169 -1.99809978178006 -2.370668856455782
-1.634692056565918 -2.905883922847899 -1.498854565064477
-2.007097322619875 -2.396787657067419 -1.832202111262441
-2.178595643551863 -2.635169137544769 -2.757594013672358
-1.58226136646881 -2.362088150924542 -3.057272217004945
-0.6226003622808599 -3.027714663887398 -2.493242242302718
-1.000127192574695 -2.506747880328373 -2.948395483061139
-1.888670124044903 -3.610461078391507 -1.81132761146117
-2.320287816967087 -3.095312485988457 -2.258371929410529
-2.456817523925919 -2.544843450028875 -2.374326688402584
-2.301328873555708 -2.236353733940129 -2.154061135640901
-1.217981614624702 -2.02145415538887 -3.019780471347131
-1.212536515450909 -1.800565619283938 -2.734601408036266
-2.495929524093111 -0.711223430092832 -2.815503021214916
-2.080761404401046 -0.5788451910896336 -3.049169972724763
-1.390813376761233 -1.328385331981724 -2.728721476605786
-1.662835031427445 -0.7952739405951802 -2.999792645209724
-2.621531366865437 -1.110108477337313 -2.480395401294402
-2.380216483884621 -1.686811949375033 -2.197605989970862
-2.796094506117223 -1.331859663169183 -3.514377418750087
-2.201733247446867 -1.102328315340153 -3.774504990117551
-1.417178515729087 -1.813831658837522 -3.40243147880008
-1.69680588763719 -1.269493195437926 -3.710233145434676
-3.027213151009482 -1.77941673574998 -3.094260843693211
-2.755579645712607 -2.369033376333776 -2.746193154968039
-1.838934381986656 -0.8124613969568835 -3.687303830818121
-1.823495241410419 -0.6024517602608768 -3.365593486105158
-2.911651578429499 0.4287304542287751 -3.4227285151889
-2.526843813304666 0.5503559617050243 -3.664011182171594
-1.953169252079869 -0.1578145466968107 -3.337639971702748
-2.157311339935041 0.3380971954845654 -3.616881950836004
-3.220804404998071 -0.09607020614162293 -4.110573977133416
-2.653860719560227 0.08840104909001949 -4.364483582338813
-1.987354801550119 -0.6216733449871317 -4.057371653659763
-2.192703447134517 -0.1074911448441156 -4.322590647353578
-2.301792394605817 0.3317816472644655 -4.285791093587688
-2.28425663522127 0.5215552297477281 -3.977092896768219
-3.259241296357061 1.533519123508234 -3.892343045120023
-2.881091633124001 1.642759142538292 -4.140866543941954
-2.383312576412137 0.9370363761840216 -3.948064317246091
-2.542054142545993 1.416324322915528 -4.165320879793788
-3.601043338157719 1.287368739377727 -4.480837826958704
-3.069500655632428 1.413706793362515 -4.730742425516977
-2.430643398021056 0.5453282062715229 -4.618836856228629
-2.620563154277418 1.114462182426401 -4.79151500847683
-2.706883683243781 1.556218028768396 -4.677432578555857
-2.655448026049708 1.652324460652995 -4.414896732382241
-2.529111887352046 -2.492675779728589 0.3723124069000688
-2.362605311466504 -2.807378680642504 -0.1095706916686449
-1.844839599586617 -3.15007950879369 -0.188942434116362
-1.194343939648963 -3.382717167931895 0.1384358682796791
-1.100778517145866 -3.25126676514382 0.9380377782117715
-0.9083036185779818 -3.416607870818719 0.5529217329089396
-2.220913778972405 -2.519495698430484 0.8342550222295277
-1.589758456574119 -2.904899758676504 1.051897428864886
-3.069575646187836 -3.005376323946495 0.6210353029601396
-2.85843469205601 -3.405196125252994 0.01411563340474558
-2.248799132021552 -3.792431379355806 -0.1219868583151496
-1.5276407697614 -4.009147165995222 0.2387614464893476
-1.494886644735193 -3.804912599721764 1.158595980568862
-1.240387655941992 -4.020836443266771 0.7126430711079201
-2.732710186698153 -2.990072319366822 1.141259887670008
-2.038087042435359 -3.390128531219901 1.333733042880964
-2.973013472073049 -2.594761837884566 0.8995121890000348
-2.723976727424485 -2.390380497501551 0.7569732248298725
-2.530893675015696 -3.424043170609487 -0.3674342926265616
-2.327186724923183 -3.136620775358104 -0.3860871156987992
-0.9819482746347439 -3.945569167554867 0.4234431097351642
-0.8506640591553535 -3.671945248959978 0.3703865948065568
-1.477363564276411 -3.490509620848334 1.362270334515332
-1.293100820722658 -3.27046754529745 1.24404342400013
-3.442610021381395 -1.452748210271468 -0.4355938384518579
-3.278148568222628 -1.77748560544776 -0.9094036625644693
-2.508890950991105 -2.718253097400511 -0.6127130116075139
-2.910934094586199 -2.245902215458385 -0.9683658039020978
-2.875034072127056 -1.990452091174876 0.4713608035724322
-3.277695730907357 -1.515985212341678 0.1013252289474354
-4.173775363841147 -1.884116046715618 -0.2144886461557948
-3.981920930129829 -2.306371474522281 -0.8635888881357193
-3.023394569051977 -3.351572650437422 -0.6009055779183905
-3.522442775396356 -2.851113640236752 -1.010055650130301
-3.482435474614496 -2.429024757014697 0.7974552377606074
-3.967043904267392 -1.914676349967503 0.4275249763360043
-4.004999062102449 -1.475926619109023 0.08625656315797625
-3.677885974326236 -1.311178357946478 -0.05569351515794162
-3.588234986908259 -2.346654608758964 -1.241723577597951
-3.292377593848818 -2.084545768980567 -1.208566282787087
-3.745445441783719 -0.5850349572100889 -1.703857902093607
-3.894563626102577 -0.2952990783170562 -1.287379494935167
-3.488953884459385 -1.042311348184924 -1.743445368314887
-3.276606099231719 -1.588997246763836 -1.404353497147871
-3.638770807342763 -0.8971001911530179 -0.3902136231756617
-3.834847790793229 -0.3878556368765381 -0.7869414313943732
-4.525227785763593 -1.038929560486019 -1.729887547070548
-4.704265755659669 -0.615055993137426 -1.140087905588037
-4.217661167000512 -1.588086351179579 -1.883706405570968
-3.973957900503454 -2.158482909746936 -1.507772806885012
-4.400731612258835 -1.231489558843477 -0.08894659387283503
-4.628185662625849 -0.6629360534930613 -0.5219946853642221
-4.502298320133644 -0.247710423715201 -0.8541212326615926
-4.141089155315025 -0.1411785110934158 -0.9615859057125192
-3.939492110903537 0.5349715732802337 -2.41192509821318
-4.041434324364729 0.7978155423170943 -2.074182430571747
-3.97504923120996 0.2319293617038227 -1.264313593392537
-4.026141029302718 0.7106604400015684 -1.636982477708427
-4.706118233107109 0.1821257926036552 -2.476906516988917
-4.865217775407102 0.5993996759911049 -2.011517653566386
-4.79668449474816 0.02939096533558341 -1.048382212179725
-4.863523215861592 0.5661011280015581 -1.468712618046719
-4.647089048465095 0.9138085107316578 -1.770283256190103
-4.272482198558031 0.9612928984506279 -1.826959867250964
-3.966505266668496 1.379283077947837 -3.022099411235521
-4.011014776110877 1.671097376405114 -2.824273860670175
-4.04763223226019 1.255208352326681 -2.083842699799127
-4.027420592781215 1.645557975755457 -2.442472568044424
-4.646409631846653 1.189103901974108 -3.244134843609377
-4.74149317212949 1.626599637832805 -2.989371954604892
-4.875021599582296 1.190654403649785 -2.012162712886492
-4.817000932540855 1.652112378883891 -2.485888118292528
-4.530609402413885 1.896891694544393 -2.760702751980929
-4.193091233239676 1.874436767329376 -2.703621725954846
-2.87016015871533 1.334956738123185 0.1067036278657255
-3.299373477443626 1.024612393203886 -0.05350630599552138
-3.463450125365753 0.5290455691038514 0.0553913308254015
-3.295145055022116 0.07158755097121404 0.4940561314956493
-2.550665102801583 0.4195136874785688 1.108044952341464
-2.945598302187419 0.04432712186810882 0.9367528354195559
-3.489935560402659 1.489300252575121 0.7117334281983134
-3.992607953062856 1.079186109140507 0.4865221291498192
-4.177311071788892 0.4969069459531483 0.5831627808081223
-3.992177397661504 -0.02277017080330071 1.048268549886602
-3.146473529726906 0.4554622735977687 1.740844908407103
-3.599747924495329 -0.03336892242442797 1.520345366714456
-3.08849455235561 1.480648938916127 1.09472361506881
-2.950772222902457 1.038204648743473 1.561038407333945
-3.003516649779971 1.668181186545776 0.6098858879175159
-2.747907261036529 1.55770608027489 0.3117017024977821
-4.057164120981002 0.8050339618126838 0.1470478866758866
-3.733516754565382 0.8042941182695122 -0.07705020160688199
-3.645064670650918 -0.3163632710529387 1.165476254095966
-3.340821756562474 -0.2548188386651787 0.9160091246534039
-2.693287287238186 0.7092106065628765 1.636135113226223
-2.444414746836217 0.651790930429281 1.324558568208478
-2.975965537452205 -0.5089406324614515 1.024566858557722
-2.597467273313727 -0.9856918512091219 1.424523167179412
-1.957028990380977 -0.4619202536753128 1.828811057211121
-2.179680881604779 -0.905209172966822 1.750141289404039
-3.630691869128952 -0.69160698664709 1.57480321173494
-3.179360205626665 -1.236534301579963 1.955583420774995
-2.375205724662903 -0.5793802094153215 2.421205165192367
-2.66212979251416 -1.134784554713461 2.288785294068441
-2.722092655321427 0.4376955811607683 2.072723937913885
-2.434637958967221 -0.04291535169022972 2.381854038517337
-2.630243889804643 -1.507943009728711 2.052243550424651
-2.403220178498783 -1.391381593824754 1.81735410633389
-2.06390985081822 -0.2703555033492471 2.301955950000113
-1.881455368829428 -0.2263925507939809 1.988492344736374
-2.938236543540612 2.772670371407171 -1.853479012678412
-3.297508090812871 2.587068818596912 -1.973426488917845
-3.562592580017738 2.261915992034115 -1.840000398394469
-3.610043511273082 1.934650522999414 -1.430325271433784
-3.010476426214419 2.128217553792065 -0.9033077383604978
-3.403863552444236 1.89222422814612 -1.038795090093632
-3.554711495025244 3.176650688966758 -1.62282746328703
-4.006910357200579 2.929793246212943 -1.842411551752217
-4.315910123914245 2.51908362881723 -1.689025871909957
-4.375545675887493 2.107884905901805 -1.156472331207275
-3.660656734044596 2.386770512330773 -0.4221591169815128
-4.133182998725138 2.06094041920088 -0.645006171301979
-3.309684235807516 3.129693060183828 -1.199297636727299
-3.349835834767219 2.797845672621446 -0.6649602189438372
-3.10110534114385 3.183685098806313 -1.5992656764978
-2.85337171274181 2.97166305551456 -1.72720282116605
-4.044993977184612 2.669865756244768 -2.036411786660648
-3.714363073654429 2.534503581336084 -2.068832332644778
-4.173473637948219 1.80536639033691 -0.9261821226241924
-3.831470218872136 1.74952381825081 -1.078648601867323
-3.181787071602082 2.483935567439749 -0.4836248621865932
-2.920199039566188 2.328685549210057 -0.7223649881854031
-3.580952320187029 1.070667056324918 -0.48403901985326
-3.617550013841232 1.479826634474154 -0.9122452727411781
-4.317309005343605 1.103279566354844 -0.01618369724626546
-4.374543748514106 1.56487483352587 -0.5149378694239878
-3.228551571219288 1.980727814013134 0.4893000482701139
-3.313811958139533 2.356497568095127 -0.0149878070022905
0.8006213461944514 -2.089845802929844 1.66279275235803
0.3778005781754059 -1.928457822889756 1.936719738046358
0.03545555252473057 -1.909770207422582 1.946737334569665
0.02626973983217096 -2.145337758569039 1.783740151171715
0.672825126554944 -2.346759977733611 1.392990905664347
0.2869721460976601 -2.313005088343028 1.578267353567517
0.8753352491336694 -2.229839202068611 1.838685576585281
0.4074818992457767 -2.041871102788857 2.148864437266129
0.07324291218449318 -2.030202075439083 2.221130020217715
0.08106118955461537 -2.292730442815117 2.10896978147185
0.8195734262775496 -2.497613657819773 1.697633750220085
0.3771739195530543 -2.473144630476076 1.916354951473078
0.08628561688169845 -1.801771923136537 2.228208038480655
0.07734760713954705 -1.76072163391738 2.130249231325409
0.08187960539431476 -2.406198006510747 1.930971830289304
0.05458936104599055 -2.33389455065068 1.772208834533579
-0.2601111666913917 -1.62832825147392 2.044780152277362
-0.7788775090852645 -1.498899100534006 2.031671246969014
-1.030887338591508 -1.675637597778697 1.986297820776099
-0.8481725518910901 -2.064915717306572 1.93963051850633
-0.1889542557441558 -2.271477647172407 1.757703186160338
-0.52115471757078 -2.272139292711411 1.865576841784527
-0.2464638255104511 -1.740315102694944 2.334068236536704
-0.7753997934696705 -1.647032281613168 2.391077318367729
-1.085817629238876 -1.843546619711614 2.398769983366196
-0.8848992971817063 -2.206610515143868 2.35064564697175
-0.1452719190060824 -2.424513590862068 2.126821832832446
-0.5118839903276643 -2.406003068654254 2.258220979310661
-1.124719058870333 -1.562517522879644 2.301600377248647
-1.103026614983433 -1.481515288960522 2.119420245284697
-0.7172108688630559 -2.394068462982956 2.20051383346116
-0.704944650788396 -2.339642149190865 2.017303757703877
-1.901932063088938 -1.339054518704539 1.850154351374424
-1.404108757098895 -1.389795102683543 1.970385532110446
-1.964659138376846 -1.755377386092525 1.709964481771067
-1.458324782069728 -2.329378916126935 1.756720356713146
-0.849051182670989 -2.373541520685063 1.914242642792959
-1.041283331681456 -2.539094800118969 1.860578062504982
-2.260880534413773 -1.582070474697048 2.339681144452322
-1.537419229390758 -1.593215247418565 2.419473867126316
-2.405758411797397 -2.011830373465417 2.187291796968492
-1.788221147821161 -2.548713072030992 2.2021872723672
-0.9326308524765914 -2.487522364437217 2.343127392056996
-1.240357416649525 -2.670928072694144 2.307160040562662
-1.323680047594323 -2.790373515317123 2.093864903395027
-1.202171809239641 -2.711681762036423 1.898912158216526
1.101106307030774 -2.13039246206195 1.559062146915665
1.247648071855201 -2.135748126711087 1.765626695869974
0.8001866161526984 -1.978421357178256 2.240188919328883
1.123288072009681 -2.106040252402509 2.049816447320489
0.2905442781460387 -1.753981628015776 2.121791744120304
0.5339227440681301 -1.807695269726708 2.236486980975447
1.185748932468651 -2.28862118219363 1.673703695305507
1.28007202957317 -2.319086568374294 1.808220952706714
0.6794623045517757 -2.055387757288381 2.343708926357877
1.070852485120029 -2.267779817592561 2.091365098092275
0.2637526751107324 -1.82083263105641 2.312480495553699
0.4343138017222116 -1.84425660560871 2.383835373075479
1.344897010849126 -2.295314517889407 1.902448856728735
1.34578898549454 -2.205263840025834 1.904144838704808
0.5485635125119269 -1.869519080025976 2.410576413264208
0.6150240953816284 -1.860243828020977 2.352950704250342
0.09823394483621613 -1.113282410290859 1.978391832859678
0.02865053710321588 -1.491540575349887 2.085079857091938
0.5755509888378491 -1.693241139507893 2.354579291806691
0.5849267727063436 -1.396603377593522 2.326747299938071
0.3730935150737862 -0.990500134273079 1.961798726924006
0.5641773628334729 -1.147680321435423 2.149024074605225
-0.001277722844322564 -1.547230391443607 2.310634630606735
0.07798987987580747 -1.111402893804203 2.201247549819273
0.4144487440841382 -1.661034300420882 2.495417834149455
0.4435389548150579 -1.29193455773109 2.463367186726538
0.3790346063380517 -0.9451632090343725 2.125145244413933
0.5067245647076752 -1.041899001490176 2.269924071132873
0.2453075809654845 -0.842486366162466 2.013457506090915
0.2187983257058603 -0.8693771733205895 1.905946319056472
0.6030273764981217 -1.123891969104411 2.344235267988496
0.647861694057757 -1.185711405731664 2.288905451732257
-0.8508510884990472 -0.8359313937588908 1.942588589179709
-1.02079811558801 -1.193452356014317 2.002448959121041
-1.116015323903195 -1.376171523512626 2.415668336676768
-0.9692574591803498 -1.004545378111303 2.409392483843726
-0.03319308314547386 -0.8549650272598287 2.181192542609927
-0.5114556569562583 -0.8406098962608799 2.330783473752125
-0.8146327270279099 -0.7523772673313543 2.262937923607438
-0.7587444040634376 -0.678233588563816 2.014816537969836
-1.845151891896732 -0.499310820992065 2.53767002247857
-1.226047725412092 -0.7191983257725791 2.489007612894865
1.377707490025061 -2.297998872884658 -0.376792032258361
1.290526298258175 -2.440160049890147 -0.1290352070416689
1.065394582693749 -2.695390397172657 -0.2311546198097655
1.181713609228658 -2.580465874042297 -0.08058193423851141
1.738972474372019 -2.48661831107526 -1.29228327279217
1.847271456580959 -2.432713519662965 -0.8363980246913796
1.809867524137535 -2.473690646194151 -0.3983068299790201
1.689040169820015 -2.618871195842746 -0.1148496304267127
1.494177053377815 -2.973527585202507 -0.2966026628772704
1.582879725951325 -2.803171499276211 -0.07704710479634824
1.746837439351586 -2.318368406970331 -0.5365479458947248
1.532706920024474 -2.222468772313062 -0.5109515953199357
1.50765416215399 -2.652498185187923 0.06000804291333228
1.339333618228163 -2.566845486222662 0.04238548962734424
1.261090457821033 -2.385168381981022 0.3878503297772937
1.26485036421571 -2.45538246034688 0.1552658859000758
1.854006121373394 -2.173707382037425 0.2043617699298753
1.88420186087154 -2.306156927730265 -0.2728019267615523
1.586738066459734 -2.529131195968938 0.509067156803292
1.620428304322626 -2.623056836948868 0.2269773087095498
-0.4369195214040256 -1.177016905007852 -2.704376512288882
-0.9027919090494789 -1.486824922258776 -2.644348351247822
0.3042533474161135 -2.13906248970665 -1.940129037253629
-0.1616935087661754 -2.532486133989595 -1.839452642624597
-0.865186246313852 -1.950664346492196 -3.289387665111021
-0.3041107653695905 -1.626146670924419 -3.379583932438635
0.6547126278989931 -2.171301197741447 -2.799880214492455
0.2672955654834436 -1.71843138964017 -3.203453099211121
0.5170962685491549 -2.671493338256229 -2.409231839958232
-0.04188839006388467 -3.071690448699039 -2.291344041568445
-0.03414823741359944 -1.317552464957549 -3.205116851894618
-0.1313843466949002 -1.124872921945763 -2.878402531711763
-1.110585596513692 -0.1375884067220441 -3.318467002365389
-1.536741185437784 -0.3507863824704954 -3.257722714551839
-1.512589670863936 -0.7886993171613217 -3.970467677819695
-1.000526913062961 -0.5541979630475322 -4.054839540703353
-0.1959880235896104 -1.154281990061585 -3.598113527293346
-0.5202582343683128 -0.696397322776027 -3.897758949862209
-0.7478873333169176 -0.3009644495755983 -3.860271571020335
-0.8288381734830885 -0.1198570878972396 -3.510506474029031
-1.592047106668822 0.8795325650909922 -3.936316136583065
-2.008491085733018 0.7318137657830291 -3.878796512354522
-1.991091849554896 0.3348501658434055 -4.564932509739354
-1.502668532001399 0.5267098812041121 -4.654138108227275
-0.8571156703944093 -0.1271636227074334 -4.251152452412614
-1.083583419158973 0.3476122945092888 -4.519113834236047
-1.251154034974258 0.7394703725156007 -4.458485695048584
-1.317675234027804 0.8776390667420539 -4.114858569327314
-1.927261118527829 1.874150982319437 -4.330792909834195
-2.353896271243724 1.781421579375033 -4.321131116634807
-2.422800006169406 1.586485489377012 -4.922588185381904
-1.936644177034497 1.757388744379965 -4.99681585146331
-1.330548554512027 0.9742079032204558 -4.80670804323919
-1.521571752545893 1.524827011025123 -4.963102880740056
-1.655080701992884 1.892385823381701 -4.797445401707487
-1.675511847772218 1.900952390591104 -4.469705177092618
0.6228791085754681 -3.067403971691267 -0.4018546633426667
0.4161802482024151 -3.206006234119227 -0.3846952740227176
0.841353597691155 -3.47908850541464 -0.7515712415352258
0.5765263438421807 -3.675602003131852 -0.7454699297421996
-2.616204060314776 3.231370903209697 -2.664367049823351
-2.981347594868178 3.133411058117178 -2.814050808591576
-3.437886495401335 2.63155973210281 -2.333676429965557
-3.286971487186976 2.895373090479451 -2.712777446164304
-3.169249969393324 3.717385515643716 -2.693389591746329
-3.593494546439306 3.537906200036186 -2.916576995525955
-4.159015438345229 2.968612029646726 -2.337023496784443
-3.962457214702094 3.264344078147708 -2.825893342349516
-3.176055780409621 3.479546379990085 -1.827416974152051
-3.006044710355797 3.698588599987169 -2.300720929508635
-2.74294336808506 3.643034111657583 -2.584153648110583
-2.523463520785454 3.380433017018517 -2.588034260184755
-3.64454655544445 3.311645425032003 -3.051267349701008
-3.359967014262276 3.142893437741854 -2.975257354985027
-2.136944416213221 2.778126922634907 -4.087029020039034
-2.544264618065128 2.763543169692631 -4.181281719109495
-2.689789114343316 2.005888314220234 -4.29130702310226
-2.764830310838561 2.459221081163421 -4.238532028947072
-2.82727839302007 2.993695417209945 -4.612104382070522
-2.359467724574258 3.108017218222432 -4.652921916096041
-1.767740196482896 2.263962237525336 -4.977995313766436
-1.963555310286959 2.858797379244018 -4.81239997383188
-2.856981263502211 1.904589700541236 -4.828866471265343
-3.03131236456613 2.558667426273477 -4.687378708326486
-3.029094784459939 2.866522668404098 -4.43142928128991
-2.884795676742485 2.773370460890613 -4.255949523714523
-2.023216466162491 3.069153110940205 -4.45864220673512
-1.946467415168724 2.876076252361845 -4.166393494734772
-2.296005229255971 3.287747145948277 -3.386638326865159
-2.622311212604652 3.303316305646908 -3.478210308482282
-3.076928919398044 3.15292706608485 -3.117601286585696
-2.87082509773548 3.234681278475158 -3.401805856256207
-2.640539626646714 3.829449379092047 -3.661857376256707
-3.041078149242714 3.689081480951702 -3.751953521256033
-3.657239108737332 3.525428544342613 -3.330893066208237
-3.348700457689247 3.605728165308099 -3.661557682078648
-2.733267172546185 3.878909927953266 -2.859552356763715
-2.500993467816769 3.919961988677179 -3.319159891394552
-2.288213224587806 3.703012225812121 -3.52863069448205
-2.154841472717395 3.398388321027563 -3.395357664831179
-3.086127316415557 3.516826471772025 -3.714344282415979
-2.891856174041843 3.357560495668491 -3.585865499368254
-3.528177121469188 1.758047994396648 -3.725954690990113
-3.581318720468406 2.200723284519975 -3.62857271756795
-3.910945056064568 2.053310860078705 -2.899714875222381
-3.725247576180738 2.31386723019799 -3.278163911007956
-3.991900245965368 1.623996494917051 -4.244132339457579
-4.105753759946499 2.265490754307327 -4.074680341412622
-4.623039851069461 2.144811029271759 -3.117394613929415
-4.351960191699959 2.460982362819903 -3.62403241118204
-3.977527686894522 2.564055389328738 -3.793082856941525
-3.725508667171626 2.487779900380464 -3.617166357307309
-3.033241702838827 2.65756663690326 -4.020848064372622
-3.38444570963463 2.540663016156453 -3.729216899030137
-3.4140176929892 2.852952876582765 -4.414725912401223
-3.877845469095621 2.724685846009628 -4.135292993575375
1.608830055916175 -1.996967642453113 0.7757581815652341
1.823368442085962 -2.047570575019037 1.220165441237142
1.562833524781476 -2.171475725150238 1.752440989773761
1.849955714485835 -2.147987229697036 1.538065711387292
1.882844656828103 -2.109130172777872 0.8615058409303624
2.02321459843071 -2.199283659123874 1.173174311709736
1.612901674731462 -2.396236323118047 1.703089693389978
1.977540755041485 -2.366654114367773 1.432502233196395
2.077610860420232 -2.218172486016602 1.374458073765268
2.003807211753753 -2.136655179259867 1.427029337156357
1.765811168413058 -1.392732918317608 1.01813826495798
1.827745213338573 -1.505931546296243 1.351348241529644
1.996261948772892 -1.982680270458453 1.440912101854363
1.936390976562328 -1.74099065342199 1.499716263414334
1.960794212069692 -1.866932450772875 0.6660480295109316
2.047214198858302 -1.536931140644655 0.8716972425501986
2.016812910202181 -1.385405052196637 1.126055824978468
2.039126104562188 -1.45053546920471 1.368716208140864
2.187000936289056 -2.102473494523935 1.334948929824096
2.14788217315132 -1.735106174096279 1.443214737277254
1.934262346227891 -1.31422866409482 0.9578133398539423
1.787288407147454 -1.291936707706632 0.8732939591569437
2.004440318635781 -1.50318115780862 1.541934329026055
1.908145586150567 -1.537104975197284 1.552067900635204
1.288567803548372 -0.8900053251722304 1.414875412872074
1.331399319805693 -0.9561096193381426 1.660417089196179
1.737752252694055 -1.362419099435 1.614411270936193
1.510138179697877 -1.085585170740955 1.718455080541298
1.941067653549198 -1.117559622964721 1.15249761026973
1.679898833888923 -0.8215479789222766 1.388360675721375
1.425306780868237 -0.7502107325502538 1.602943587017629
1.449769230005306 -0.7928339474248078 1.754968318699571
1.95157899168151 -1.236813668449481 1.618323700327415
1.69775233003452 -0.9177756990645835 1.753970506622647
1.386665714044038 -0.7347227879859617 1.459645253204213
1.288598427085686 -0.7891828924144764 1.334228445883445
1.442770901408077 -0.8567384966364231 1.848250389309446
1.376981330430098 -0.9359634695594325 1.824369236234558
0.825833501609869 -1.083467296354261 2.144066849913201
1.13919631809597 -0.9657119123091734 1.929999062552036
0.6369748605890287 -0.7099720471794474 1.925743754209567
1.166492665116547 -0.6500860952096634 1.688204356821345
0.7892849629566818 -0.92209855760978 2.250200745074401
1.223278588319308 -0.787602862040921 2.003232717786525
-1.619321579518747 -3.161572170712567 -1.059487559870813
-1.999906108908957 -3.071496998168385 -0.6698154317646993
-0.4003917081451515 -3.635869814126472 -0.06432741698721058
-0.6290484839508711 -3.57428659720495 0.1571548158053785
-1.919634220933441 -3.865930339121592 -1.23316248932158
-2.404418425322171 -3.749423977473121 -0.7115549709767199
-0.6228281381635067 -4.218291533891272 -0.09486689989909579
-0.8951846930090159 -4.180859545948204 0.2258558640619521
-2.477885010022369 -2.069560787061559 -1.817229991768926
-2.893380287662704 -2.017258119268005 -1.446188737458711
-2.928298821260143 -2.762247511168141 -2.213012590240586
-3.488818829576409 -2.656264345928396 -1.647051889900745
-3.455532898046854 -0.9436232262296325 0.1372460119094303
-3.31075697225684 -0.4923209704586526 0.5473372492845419
-2.560180827398243 -2.016774237514293 0.9564372937040224
-2.436321283935094 -1.588584942704662 1.40376145230417
-4.180278049857067 -1.24745266708265 0.5408930765183267
-4.012429383135884 -0.6918487293014857 1.061075885414369
-3.125258637253093 -2.418027165530143 1.339480202114585
-2.981496341841784 -1.91130724378788 1.860362353968299
-3.885386824986449 0.1637369215330892 -0.7778974774948255
-3.713551730232495 0.5643502132922176 -0.4100902431254709
-4.679077224935907 0.0009943373344932312 -0.4512742596914778
-4.467397062885461 0.5089449648788354 0.03571302175103643
-3.987916972133894 1.193068696841566 -1.652318485462259
-3.797137709965414 1.521799864844309 -1.338202853413249
-4.821091411871648 1.166340625971574 -1.463836872344124
-4.59421061646193 1.597069057283087 -1.053369704289675
-3.909032095887447 2.039440889154551 -2.499895316857838
-3.692526842807325 2.302359244858866 -2.232053927506435
-4.675716102580068 2.176091368011589 -2.5801559924563
-4.451752634462358 2.553117690440447 -2.220328030531236
-3.340370744474849 2.908655849598304 -3.082136843316324
-3.516211351930565 2.646128170534493 -3.354741526340448
-3.971162936640013 3.246540140466867 -3.31521078945761
-4.113705530835996 2.897133355850127 -3.689714106512739
-2.812368578385871 2.93378176883603 -3.98686841799088
-2.79484210462318 3.172739789815632 -3.660422291008778
-3.174993910824394 3.207136431957847 -4.337205772781863
-3.210777209269306 3.517042116391934 -3.971239451323864
-2.153539010451333 3.451908955783517 -4.39112611716054
-2.281341495235303 3.765159713312714 -3.919682878477632
-1.214075875532165 -3.008178227888536 1.380986582311605
-1.186573006756755 -2.794108459908851 1.655895195067921
-1.616084389176409 -3.413959707029529 1.698487878956147
-1.521666447475174 -3.045943919719399 2.05769554623405
-0.3604539529462945 3.548848083607768 -0.5846318724080136
-0.783334601539925 3.451980424575916 -0.433810161895553
-0.9929728826467733 3.278668251058592 -0.1117975124996629
-0.8774107861365439 3.115632271336615 0.37553591354061
0.04935243327890006 3.24490098215519 0.493038789291713
-0.4781673345068125 3.114744373030824 0.6463946771445446
0.009546012190437721 3.522547135242122 -0.4351442732737452
0.2243537813899161 3.392589862787468 0.04232884764106118
-0.3452568090728352 3.815683222801865 -0.4257987154015262
-0.8378513488815211 3.714697048122094 -0.2510825921631128
-1.082098740175054 3.545286865874752 0.1021355280078815
-0.9703034745882718 3.389060576140916 0.5995449897812987
0.06101116481454192 3.521295543655686 0.6814798136081128
-0.5363468831502393 3.394359048879649 0.8637220425886345
0.05618327007407725 3.790874111799833 -0.287181058388034
0.2721561372720164 3.662356656349409 0.2018582584630656
-0.07744444831782175 3.785808275360564 -0.5992088691762174
-0.09884179044148472 3.664464484313931 -0.6610471950580434
-1.120312936297957 3.565761336022939 -0.2417339894338182
-1.080737987175312 3.448463354814931 -0.3330369050157379
-0.8699926247830316 3.20215274276336 0.8615716357903717
-0.8274011642780638 3.07769797330921 0.7592271839811864
0.392932561344265 3.493709912998361 0.4841790961689446
0.3711807279147149 3.371677416784387 0.4095673396725285
0.4367939692114918 2.809243690881681 1.727823391865703
-0.1645048004031983 2.634503097402054 1.868989841055013
-0.4409817355861132 2.321605311495318 2.22484702968213
-0.2953338894571954 2.059425240854319 2.694130570048279
0.79200532198978 2.303034480250218 2.881366317836108
0.1728236014074997 2.093037617459712 2.96118060147199
0.9183763736927427 2.741103190212614 1.9259727249253
1.088334290823164 2.516880802644104 2.452363880573146
0.4600919907183377 3.100716944346765 1.946362231659252
-0.212705309145222 2.926612035966284 2.113459332087662
-0.521887739387026 2.595071099918054 2.485883161443284
-0.352409674662366 2.30700780055794 2.960544684642839
0.8480806738046065 2.579369925178495 3.10345109908805
0.1710195548082849 2.352218347278589 3.215592745385757
0.9848431172364919 3.027388939523245 2.127600005479934
1.166987274653087 2.799485448645761 2.653601716853328
0.845069626043626 3.076402881323599 1.73754904591145
0.8186381687305802 2.949188514537502 1.648865355877259
-0.5894483937857954 2.683257422431528 2.095580116601205
-0.5481409136023919 2.556279278816603 1.98210087222648
-0.2319595555773735 2.058918189516013 3.15784002712961
-0.2117144749068725 1.95660435384132 3.040316043978272
1.232813232844442 2.560807499242653 2.922228555453688
1.195738400967652 2.438716164732397 2.833109890129449
-0.7246899819368017 2.870004111418911 1.029662259786167
-0.5989620022981375 2.630551671645206 1.576447565311238
0.4860191465475069 3.188718790890571 0.698517817773857
0.6838259372247197 2.996544409920284 1.253681557930983
-0.8219398167724429 3.153294619648647 1.264515966250497
-0.6951220551243582 2.916974852405874 1.822465076058547
0.5358587446969965 3.465035046089659 0.8745045843915374
0.737845403815813 3.278207515024817 1.44502610760867
2.171591504367659 -1.448741161231814 -0.1377243255054913
2.275013379972679 -1.505919319520928 -0.2016835948929655
2.53690108534106 -1.27152912108252 0.3015004859208657
2.40471872125696 -1.445205040857579 -0.03025537540285506
2.280858195951599 -0.9271199710749758 0.6623840085375162
2.486441922397108 -1.06288856742715 0.5488334288406612
2.237993811510853 -1.281408941756252 0.6045396160958294
2.17993963384825 -1.547759348306311 0.2497188641049732
2.202406271596983 -1.663977248545211 -0.0479523419407209
2.30002066338152 -1.668254533502431 -0.117335580172569
2.561539393818323 -1.364747125239311 0.4220688098985547
2.427838421430807 -1.569542863626991 0.07545125371774011
2.340865622559839 -1.102573008848919 0.7564841752920364
2.524913319426161 -1.168456334261394 0.6660093304355758
2.215803556856256 -1.029595024435556 0.783698689117561
2.175781732896195 -0.9131915740362113 0.7498607533337208
2.130644855231364 -1.616138262625479 -0.01610412063705292
2.117735844243402 -1.490300157341177 -0.06630408761798844
2.35281484565443 -1.647219842746221 -0.1755516770611979
2.343417739189674 -1.582552570684575 -0.2165381789373313
2.63764653843832 -1.206832294320205 0.5718350363910928
2.625147597687503 -1.170939618333525 0.5162341229748647
2.68775360116626 -1.011593448342784 0.6321413507250634
2.790668520109021 -0.7712513636850294 0.8160988778700941
2.161788119356981 -0.2694274288762621 1.227074284505595
2.623013726322624 -0.4721831413547088 1.023214124769922
2.199926344275371 -0.9103541726106011 0.9913953720246929
2.049989343338699 -0.5686795525276762 1.30307508424587
2.72283947985609 -1.086692510407044 0.7561761894437717
2.842036785131253 -0.8498192624577622 0.936996478746689
2.251329705226606 -0.3868336412378358 1.383662748150443
2.685404552408688 -0.5747068239093645 1.14958411584431
1.854733939695246 -0.2523291264321699 1.527385181792839
1.789488680002764 -0.2037706263453675 1.438141417633886
2.902157475919237 -0.6815107810580103 0.9874115670802817
2.874711596347035 -0.6440339970944994 0.9330103204913425
-1.457442809466331 3.872080235565724 -2.276403054551115
-1.08063728638884 3.926175394805738 -2.202819259335085
-1.743548849318816 3.601388703522051 -1.464325803365897
-1.359255987036869 3.682394597846322 -1.345988949558169
-0.9392748627180894 3.888972185445474 -1.920053137700983
-1.068228067379541 3.802795123428494 -1.531245442690988
-1.14317599252031 4.205265944970281 -2.188131827550934
-1.581764931374936 4.154692094094212 -2.273590049377354
-1.969947000736064 4.030941153575935 -2.033685128180158
-2.111746856358208 3.869018745045349 -1.571385410706291
-1.459692640607337 3.93790677589149 -1.191694122969576
-1.891355223680923 3.834081365522848 -1.243674822368226
-0.988733771763421 4.17511597757015 -1.865535163439016
-1.137904013081166 4.0658704861103 -1.442352083318794
-0.8693681926058865 4.131924759109164 -2.149025835930053
-0.8516951110750478 4.001512431336345 -2.170345168592332
-1.814277968665122 4.026629112562937 -2.324759096960969
-1.743654744213901 3.907122594088122 -2.318970182440208
-2.114721669227213 3.687390603567302 -1.360556172975104
-2.026498784033982 3.590733108564432 -1.476585685616322
-1.180053409340108 3.910158667935661 -1.212985559276317
-1.145622118899251 3.793134170808586 -1.267073355818385
2.735528680853514 2.974602770215705 -2.058834209788088
2.378855973178097 3.155691232171578 -1.483731335407955
2.381067755171353 3.099471907345951 -0.8838680510437547
2.768384210913974 2.863363131724829 -0.4441771197704924
3.721960900272689 2.413716820824344 -1.139944810546075
3.300073119621031 2.617567365759593 -0.5249449292118946
3.168527212801559 2.672242578287047 -2.161806573780101
3.617810186728023 2.411289068365101 -1.761399539713721
2.983538020420031 3.179926592921031 -2.090750420763669
2.586341078978584 3.418964579545286 -1.464047544273011
2.5682960643486 3.381442292503852 -0.838670659933376
2.967735499215534 3.14525842874622 -0.3821846097082224
3.9974548614113 2.596837294463208 -1.155897504068038
3.537299736008399 2.872979930557137 -0.4777774355247204
3.440642590423798 2.818127109059108 -2.233993096904717
3.900634964689214 2.545613296197791 -1.829110107401504
3.061873112372538 2.930989568240878 -2.455936850153888
2.943440983473524 2.861299687451814 -2.422543131901793
2.257374322396945 3.435337331261621 -1.122001621526327
2.176683446770393 3.309018859095098 -1.140751206065868
3.146995728669844 2.909658766510753 -0.1096079185316407
3.053705991635476 2.783697089360255 -0.1436011865150392
4.079779135316748 2.32970837084889 -1.555091073741252
3.950526046709042 2.271598712657339 -1.527127718896619
-1.581127944903969 2.590711003026862 0.6626340482981624
-1.108863090861629 2.859787310363294 0.7061441036446903
-1.321850470186874 1.856761398032546 1.823782925400346
-0.8430895741678791 2.264734276019626 1.902157811340467
-1.229280339346459 3.132185956672648 0.9410608561573787
-1.7271128482324 2.834700128981259 0.9095809879186106
-1.962518723162037 2.416740915463878 1.203645022078819
-1.851367048526471 2.042122879809021 1.714980716367083
-0.9688767677247185 2.528296295771121 2.155734023489525
-1.484405608339493 2.079887505477026 2.079193695599046
-1.982145265324238 2.562863428116449 0.809708841409729
-1.910416416602507 2.470481417667322 0.690726399936217
-1.733969622924984 1.727242566984404 1.947053204797824
-1.654305232758317 1.641133278169471 1.83262431453517
-1.032538573563353 1.059133146611104 2.79461374360939
-0.5459577377873217 1.6089834163211 2.935539328865334
-1.724361886985952 1.476669241139398 2.300275975720421
-1.59263002994326 0.9706246023195391 2.7092557983969
-0.6423454419574864 1.780940680577391 3.185104208889609
-1.21228649595567 1.091231435334786 3.054294021273793
-1.453466190043054 0.5787141629432914 2.856571777421885
-1.362332038975072 0.6066512796482437 2.722308164098709
1.637428881874664 3.378622111667875 -2.879914224073576
1.349033984877213 3.524141058243274 -2.373113892313611
1.860520070713162 3.34916199599515 -1.420150173031846
1.422117093369311 3.507057936020114 -1.837838227478088
2.560694307135696 2.95204404012824 -2.633586545783848
2.059211652420885 3.14449927177316 -2.981573570725055
1.855893222468934 3.623196219716998 -2.923547418382172
1.531598655425653 3.813835358283018 -2.344700318793446
2.034048055546152 3.633082650646614 -1.37456226602602
1.584887585969898 3.79855578208263 -1.781153559634592
2.817538268464097 3.119778170635541 -2.711933604956152
2.301561555731473 3.332820069813147 -3.068910022944959
1.933029109990376 3.394562624040319 -3.242655529747315
1.829115959313291 3.305192229323133 -3.200260171107318
1.273515765216287 3.798890935085324 -2.032423945792911
1.203303534976402 3.664034127371007 -2.058969224197625
0.6936723797647238 3.614954168856849 -3.466956857652923
0.4510000871019011 3.697693543030026 -3.023266273591977
0.9123191816619256 3.635004273952013 -2.290197097089224
0.5340399478094562 3.696783824842238 -2.59030554222621
1.49150800937501 3.345515063438742 -3.34581372168314
1.076861746558065 3.472684378890286 -3.584450003797991
0.8711627277933407 3.886258581479467 -3.547972765006769
0.6021297539824157 4.023721264223452 -3.035634990071649
1.064311921812867 3.951236542088327 -2.235765308527154
0.6755153250921593 4.035393311863804 -2.555514485012448
1.712906473001386 3.554655905130197 -3.449353050634333
1.276651223707823 3.69226370944369 -3.702247207166287
0.9554502893047904 3.691223929084323 -3.802266284538419
0.8737300723069213 3.591244756154242 -3.746446058883932
0.4001389411629359 3.978332521438684 -2.734322368437275
0.3417831885412853 3.824842013420787 -2.743174005340484
-1.736514341829232 3.106680339631262 -0.4618867419435267
-1.318210318556356 3.281278609111954 -0.3943843482333715
-1.103256640233917 3.476122342168703 -0.6488893043721222
-1.136943384996074 3.63278004887312 -1.055428760976657
-2.200679723971813 3.614579158666816 -1.004698970857571
-2.204877861556124 3.383103617129783 -0.5370155608790613
-1.433031204810279 3.548368149700618 -0.1771391584638261
-1.892750639471436 3.36998841486932 -0.2125964123809206
-1.191007726388244 3.734752636563238 -0.4632762357760406
-1.219729839900516 3.890544460849469 -0.9088361314811308
-2.131993777691399 3.165728776288804 -0.3188262354923208
-2.045118238606983 3.058289458469102 -0.4451455428650462
-2.082816970425655 2.805168161486866 0.5657425398103907
-2.154639948993042 3.076165202243191 0.06237443942129542
2.039113986245041 0.1046190056604093 1.558486961037452
2.418615792623446 0.424330403786091 1.766809445772234
2.935060907458544 -0.4751014667237896 0.9631539586672484
3.099482186040082 -0.2476607239598225 1.017886679366792
2.805154913044181 0.4783559972403245 1.577221974980122
3.068633155276256 0.1317346809588897 1.224228620930312
2.14973218540322 -0.04504034965702775 1.723813036102402
2.513789739840664 0.3246276233726659 1.889454865072917
3.004168776838686 -0.5624655323525209 1.090950465388517
3.180467823630909 -0.3369722810753102 1.164331967090415
2.926429085716222 0.3832562165253953 1.711434388193162
3.16803355606744 0.052886317384718 1.38442249282865
2.717760517205026 0.5811125527208282 1.929754968811856
2.668561514988257 0.619168646805024 1.862756188139183
3.281100317452875 -0.1461181408051633 1.156206744824832
3.247968525935133 -0.1236509929683964 1.074385876199317
3.891997050158656 2.010741000937972 -1.851200047569507
3.688453454673335 1.574422686481258 -2.322551372207101
4.100031587416065 2.050532347074131 -1.257942121503986
4.398337607805084 1.7409753200223 -0.8584886005193971
4.272775554247338 0.804262883631221 -1.498064153373648
4.516785171882485 1.292167820707727 -0.9858704581201709
3.644211968043722 1.06045779259768 -2.330396028382432
3.901687052794097 0.7015191438618953 -1.973576966408791
4.183906335662373 2.08781422658066 -1.963683245239345
3.967876884918911 1.57255209418935 -2.513378291346992
4.394744150734367 2.177514260339596 -1.311774303161549
4.696772748790493 1.857673361616931 -0.8868685240921421
4.549053766482941 0.7932601764514035 -1.636714156273116
4.809413616950539 1.34836663856512 -1.040567297796495
3.911616958693553 1.0173624077861 -2.554800482020629
4.167920012434434 0.6571111866516376 -2.178821360055867
3.641503065582443 1.249924299700703 -2.721217661176572
3.522647166845816 1.269573337783718 -2.617817111593528
4.7345504557253 1.62365036407723 -0.6247440092638444
4.603013827436413 1.578558656372494 -0.6233438563899637
4.215792949394493 0.4575280038951835 -1.899289683649695
4.098408859111945 0.4792630484880548 -1.816473975716639
2.905561817451664 2.624338070068521 -2.71081101090692
2.762618113371055 2.250215638704471 -3.120181184509779
3.227352198369889 1.493579347572872 -2.773283336211431
2.827550031789227 1.813317032344459 -3.112916266969069
3.177123852282932 2.723277418269881 -2.836025636540989
3.026488787544003 2.256682677955743 -3.326652201357673
3.490163113615028 1.448818684440342 -3.009575197469344
3.083412344110531 1.769506390422005 -3.35480814656852
2.748110676674099 1.967295729528312 -3.486681260674664
2.636045230535592 1.985398079914095 -3.377578167373414
1.827231805743345 3.090043464079147 -3.430817106769328
1.780164753430724 2.788346294679977 -3.758528570863529
2.30432393516313 2.169376310184227 -3.495223065527888
1.893526143078001 2.43378329670539 -3.763364049219817
2.06419710037917 3.233158731255804 -3.576484580424838
2.007644804077632 2.832920761548447 -3.973810308490864
2.548831983097088 2.135119453596648 -3.740321724054928
2.122826506857068 2.414860027653132 -4.008090191571324
1.813652030867442 2.587789976383594 -4.082035226072644
1.717998484944278 2.590927309646132 -3.973396443394347
0.9207410360251673 3.410870220169214 -3.914763934004284
1.001961135941289 3.180462097370434 -4.135686259195539
1.446393247489594 2.749713942123286 -4.028165579327005
1.146111587141091 2.972840767681334 -4.1629931135298
1.097079282767458 3.57940804126185 -4.07820867801873
1.158530660196463 3.26536284216063 -4.343460407168535
1.63945361884362 2.756037834819718 -4.267867116468614
1.306399489632468 3.00728290341306 -4.392113895067207
1.120329603515742 3.103783149520255 -4.35774500545671
1.053897852095516 3.080198346656151 -4.258980650162488
2.300441707434174 -1.773794150870788 -1.620059160945364
2.578644034265804 -1.759616731110051 -1.468368228214736
2.35500511702477 -1.8378517969382 -1.094774299500659
2.528242236956051 -1.818513997066311 -1.308131168601628
2.113001292261159 -1.781416832011359 -0.9363803315369896
2.228287926957174 -1.79945251699259 -0.9337469415561016
2.103973058434186 -2.095865642039511 -1.15370878886744
2.1551829214464 -2.076635539712132 -1.581563951391082
2.423720692225452 -1.955801436562213 -1.718725006141118
2.637549444657794 -1.943195623232567 -1.528075368679892
2.368130011211783 -2.031447612050664 -1.079505716275901
2.56053141026426 -2.008802210196734 -1.316090505705972
2.152713901268482 -2.017691656357325 -0.9210951427859633
2.24725592562531 -1.999619796665249 -0.9189985239776546
2.080696336119235 -1.977546621416605 -0.9063102569377199
2.057345316036113 -1.848906594241711 -0.9255817363275107
2.172092454859941 -1.951731462816035 -1.840487799893419
2.065285867913949 -1.870293733747241 -1.789784298244498
2.73101312556206 -1.899806590785662 -1.41677775121931
2.709692386132359 -1.817733008749151 -1.403677042857074
2.304019535451708 -1.949925674280464 -0.9116330781853874
2.300639872997402 -1.864784686678268 -0.9244574283696857
2.292356476181851 -1.634867776248092 -0.4464183512173698
2.273446149491578 -1.760084707308794 -0.7559910684815425
2.110955942464474 -1.823244834330705 -0.2289218267782808
2.093892258862208 -1.988203371159508 -0.6370914051389194
2.30852130733072 -1.797009103971607 -0.3718554740068704
2.281548223062373 -1.942935506071126 -0.7109920483528392
-0.1040558113688661 1.733518054269781 3.234234594558097
0.01952691907528877 1.471765204417736 3.656702021421381
0.9098162173717679 1.567730675033719 3.98978646753127
0.3881949234084408 1.432383147522707 3.970870215023162
1.23410880247369 2.192695670542011 3.107382052580937
1.261382052577563 1.852603175320096 3.628755733587581
-0.1454513895192337 1.947594780911112 3.48637233187524
-0.02345977656449325 1.671624907322053 3.885783207163613
0.9436516885511681 1.779122215823531 4.192504872650063
0.3767713372307061 1.64316195190582 4.187755060799225
1.316539576288085 2.448966559987232 3.30443093033243
1.33311736803263 2.073844725006781 3.819540126793742
0.02637148918934515 1.420078585342979 4.05597523650741
0.04854542904641957 1.334254980662415 3.963128134186277
1.271341163728197 1.742627670120982 4.075211810685132
1.244748210974976 1.653187419030485 3.992796800430948
0.06923282429562963 1.057650816361515 4.144783843647433
0.02497513493421266 0.6436568630332868 4.516205278714227
0.541752033883164 0.3223304264371152 4.861776557542203
0.201536475045813 0.3795697987876213 4.81346161047027
1.130837223800984 1.272569532938137 4.221192176541023
0.9005410324591525 0.6617257195404757 4.622972998189652
0.00961272721417027 1.24060680105555 4.325534531443012
-0.05590943447423942 0.8101203146751802 4.645304035057449
0.5031688484574006 0.4906445694694583 5.002541739082197
0.1263906993988815 0.5459751623061023 4.937153791699686
1.172955776618644 1.457479582183768 4.395273459605574
0.9109495595513897 0.8281796105512781 4.775065463667549
-0.08870717923261719 0.484273706653796 4.809498937185123
-0.04596295578746751 0.4146650234872808 4.767172113619583
0.7266481405215812 0.3724750552701343 4.95761611088928
0.7314479586784113 0.3021055650802413 4.896452918553747
-0.2545664893359396 1.082250103052328 3.813461071112076
-0.6660454420888091 0.705123897240071 3.624167309281499
-0.7459262209400577 0.3698589541845202 3.697549293699861
-0.6714573803426609 0.1687765777771748 4.040468745920224
-0.2357277466442915 0.3242283081452368 4.635881947229026
-0.5241856469105657 0.1700408699854455 4.413250553381422
-0.3533326524762651 1.237771170442097 3.994436794354927
-0.840881083659017 0.7801218321037513 3.741873737162609
-0.9384664485072984 0.4154792900698363 3.738459238902136
-0.8476101331470052 0.2498609748476147 4.01351285896926
-0.3533147076127761 0.4666467929024943 4.688258408553723
-0.6747881259930865 0.2885194639498163 4.386140244246014
-0.9639666688332604 0.4880387824329357 3.548716041546863
-0.8727186234200022 0.4777484718983048 3.51358123139407
-0.7488761479703925 0.1078833319693654 4.204754694168868
-0.675366961573015 0.06175317926912247 4.236369698358772
-1.130434336618317 0.5905922611383769 2.927973451427266
-0.9006934292200622 0.5434768315216228 3.292543599769423
-1.34687659693738 0.5573462388364198 3.129785080795718
-1.110932069612576 0.5441394367285487 3.406519875024525
-0.2207894465675916 -0.1788771068228782 2.950939343036252
0.1543804211250737 -0.1906858197765045 2.838933054397644
0.3335875005693558 -0.2960044627800492 3.047850091941374
0.242760637551688 -0.5309238889832772 3.474666671864181
-0.3257788309063812 -0.6054839527054952 3.710821248708102
-0.0611892580495571 -0.6716665456596644 3.706932219380209
-0.4505505420852768 -0.1960796094975938 3.237171752767202
-0.4626525196901642 -0.3845350277358224 3.560750143232161
-0.2724568225649472 -0.2560963006693338 2.905769568333842
0.179680047604631 -0.2489401594727889 2.76223127459079
0.3560654223089059 -0.3919955101589935 2.960967401843171
0.2025395323334978 -0.6426237020978416 3.369503835466011
-0.4242447546097101 -0.6222673886190365 3.57773785558998
-0.09853538121021151 -0.7583399041075142 3.586694893377214
-0.5475722065615141 -0.2596203203016582 3.18975017950002
-0.5785083141024691 -0.3959923938846017 3.457338673600619
-0.5120317524479874 -0.1934805674220476 3.021647263888309
-0.4688273478921321 -0.1472606093147252 3.029469904553616
0.4403906805209445 -0.2242862721360952 2.723449097669234
0.418056786828451 -0.1818317065624795 2.748388221965987
0.1499400505665116 -0.7780396682462783 3.666612217714983
0.2164235633508238 -0.7281475323064976 3.729560091918753
-0.5609677076703334 -0.5027506626978172 3.665476397927688
-0.5024046864152307 -0.5133341287091765 3.725401017047709
-0.3607987701590344 -0.08173141417629202 2.54159431107781
-0.4210885423516788 -0.1109863506627982 2.839125504813743
0.7169698083029058 -0.04657606333028808 2.128061685458131
0.5101215945429063 -0.09839700684100466 2.531563018475396
-0.5284099833506737 -0.2772426170302906 2.875760325499446
-0.4969500176846331 -0.2433528111192764 2.702462073373769
-0.1946837827064999 -0.3527563488475927 2.486305145903517
0.4470465729232173 -0.2528258754714303 2.248730485752255
0.5634754407131998 -0.1928569945051259 2.50959659868833
0.7252863985114886 -0.1766467102302404 2.257141213309553
-0.4568653599568429 -0.277154573547471 2.527108280741837
-0.3760339326253876 -0.1705497851890593 2.419832551009328
0.762204912341588 -0.1789939544571023 2.072490708779497
0.8107441009644711 -0.08902971337433174 1.966620927999484
-0.8123164573721562 0.2682970566161067 3.355701405137725
-0.6268207915631673 0.001976585201741026 3.148887274656651
-0.6601109135941879 -0.1275088481748587 4.094502769691075
-0.5757769197240145 -0.3899390690975071 3.862586978951397
-1.00787930079713 0.2472527153537539 3.405052826215456
-0.7662908578987122 -0.07163167528260637 3.161660271303878
-0.8296433850052024 -0.03998114425799543 3.992298707624257
-0.7313197873702344 -0.3355595847355526 3.733449197409325
-1.308504347941094 0.2042174225914101 2.877464863155131
-0.8505518950204727 -0.1711366844130221 2.717571892606956
0.9872322434775562 3.616015300861591 -1.811215543493699
0.7318122361251678 3.639618146087189 -1.449464008987832
0.7676553222682959 3.577935107451557 -1.005774182635065
1.087958814046289 3.445479686220389 -0.5545411608286698
1.885144009540254 3.283955981254687 -0.8618506179828679
1.513552772540354 3.332549280662464 -0.4677393151447877
1.119598084753608 3.918453183093797 -1.734880356487608
0.8310346133939035 3.930248849534023 -1.363786615786601
0.8580136920055885 3.853021851371087 -0.9144590800807871
1.190414043501157 3.717383013970684 -0.4641887368747
2.041118681415879 3.571868561062364 -0.803745561920719
1.637347912369131 3.611737550516924 -0.3892925796189262
0.636460711897559 3.844957497280953 -1.19220631255821
0.5982241492591537 3.718765702173966 -1.232264090031223
1.36416754299597 3.542093125571571 -0.1908059830648101
1.315497840197193 3.420591515067926 -0.2320556261007575
0.1034095451073141 3.613320114764341 -0.832168246504746
0.4077590351049294 3.636220331238 -1.082080939318042
0.6400178847930187 3.328789437030983 0.2142855132149792
1.050503131149327 3.348805160327974 -0.06411521883314633
0.167762284690653 3.887056797703335 -0.7117012256969026
0.4854454730892056 3.91335716383545 -0.9841056185522565
0.7136594957336695 3.59836970188586 0.3586049263297868
1.147522838692107 3.616904319684807 0.04576632386116103
0.1793599822162458 3.757467835677911 -2.492385893517909
0.004709273183884508 3.787164564409982 -2.119115659377322
0.3880633322433235 3.68952837545095 -1.480442186912665
0.09128011349849395 3.752117813633066 -1.774892706405693
0.2903434527471982 4.104221160546783 -2.453296075862123
0.08871572915661159 4.121242678637577 -2.067086517663694
0.472386412058703 3.984118108511312 -1.397209467188261
0.1722075724384677 4.068281939398128 -1.707947804241041
-0.04509749213360025 4.024196283779993 -1.870196579266493
-0.07669176172336947 3.879815976223721 -1.895499870596625
1.478878055356815 3.232540878573381 0.04698820753306532
1.781340708024847 3.026022729331245 0.5532280500410378
2.702733482003244 2.775095207156085 0.1617791953660568
2.246281447869607 2.854378004855744 0.6226848823467308
1.591137607899758 3.503243743242372 0.1458887739363856
1.896694920269576 3.294289314589247 0.6703188954609427
2.882616814121338 3.063816845734539 0.2577948142488046
2.38478934962319 3.130618533407926 0.7402196119828699
2.047259321912225 3.07969377145823 0.968383269908064
1.994017033734758 2.9601380541777 0.9101591458922533
1.147451078296206 2.902832659649681 1.429276414460425
1.663736550887872 2.906234052171243 1.105002246756331
1.230038633891462 3.178630593955993 1.606771520668979
1.768983161194412 3.172177326187403 1.251145265567854
1.542416283246642 2.377882781936975 2.629829794055841
2.115740321710125 2.336439372438835 2.299694133584885
2.133000182799214 2.738388073791272 1.200425850368817
2.364198145679517 2.475149627878685 1.727610700950264
1.64614974774318 2.642959142974338 2.811948444798495
2.246980915979474 2.587584972138003 2.465562134614428
2.258977397211397 3.005385978090553 1.343111221687044
2.504899887404967 2.735439173642621 1.885117169905993
2.572522763500614 2.473561576161668 2.167501493856303
2.505977611459867 2.362971391624701 2.095270538377606
2.80606935842726 2.258679961142323 1.782012906407624
3.333210907700035 2.162078411941502 1.218399050329533
3.214547024885533 2.54163219512845 0.1223623784844983
3.51556634661568 2.264490046196393 0.5791643974849832
2.97555846737104 2.504008175024035 1.921674135357205
3.545176815345962 2.416000852937128 1.369365408764776
3.433956430451135 2.821809558753435 0.2129864935548501
3.748893687733151 2.528352183591183 0.6946369199783247
3.823069619545176 2.265996627060724 0.9438450629937292
3.717481463871312 2.157844847577805 0.8841991932036408
4.389731445258338 1.756286429000275 -0.2276105808239725
3.967843178155941 1.989880864191766 0.4386240624136768
4.675994351767996 1.902846653834449 -0.1834417588808215
4.225791054243635 2.201105013837452 0.5446634618985476
4.435144225189703 0.1517959614973281 -0.8782779914787459
4.60378711477974 0.605019272813075 -0.3374998807911557
4.557212119083372 0.6240086866735608 0.08838040795736696
4.490246086493532 0.2268030490789215 0.1111920631362211
4.299513287225417 -0.4831893925097183 -0.5997815284426212
4.438182331699918 -0.1875644693912588 -0.1608811373256508
4.250500716596499 -0.2869368387936554 -1.058786064277217
4.20811493352495 -0.5295516728879417 -0.9192297955470332
4.68240756349026 0.09557419779469815 -0.9062465520984665
4.853253984025826 0.5798577853787931 -0.2721949413220885
4.787461406766191 0.5957626400672748 0.2209398351531882
4.706729410094971 0.1778208756095641 0.2528375365318661
4.532321507113214 -0.5442313869772708 -0.5987282455099142
4.66171652199571 -0.2444579655261688 -0.06802142010529194
4.482239155004485 -0.3651580055670219 -1.124927910935408
4.435026032075981 -0.60371680629798 -0.9733682687133879
4.422874649218183 -0.1885539187034362 -1.228481335689096
4.317004361181591 -0.1543846258279601 -1.191547842090973
4.765387650189255 0.8451752897961651 0.1042430906696855
4.657019074939974 0.8483451562652604 0.05251825801376181
4.596362265944873 -0.06997806099544274 0.2009012530447286
4.502556227051389 -0.044206655120069 0.1375672621925935
4.33212049867805 -0.7279213741037545 -0.881894169673479
4.231527282428011 -0.6968414463860233 -0.8589822044191397
4.590267423194344 1.364628874539677 -0.4008613097150254
4.611266807269097 1.056924432431418 -0.1037653440848066
4.12382290080176 0.302021811129687 -1.572940197525531
4.225311372096637 0.025215378991196 -1.304053815274425
4.873447098175116 1.439284309903816 -0.3708539583746784
4.869016671174948 1.0791232378592 -0.01632061269944195
4.380028056069495 0.2459136497472115 -1.730558794226818
4.469001411562306 -0.04505564901372983 -1.412071560579271
1.28763692704675 -0.4612136948709686 -3.129157129360693
1.856358565862427 -0.03834671938160183 -3.070857762157514
2.420463395193099 0.006173356384874371 -2.839159347042688
2.720467414281737 -0.3407828030371708 -2.558910300759678
1.974729475980842 -1.230344791828364 -2.506545259114778
2.539549574367357 -0.8006426542461347 -2.45787381459574
1.459269452317763 -0.5718735641693728 -3.396758601947301
2.042559172089422 -0.1743749549273848 -3.358248223956299
2.63226469682715 -0.1315557754750752 -3.132241720243907
2.937606513775652 -0.4855754962209147 -2.844449890638779
2.17685670178009 -1.379335814698701 -2.748540676198817
2.738951322451583 -0.9605594980590864 -2.726399589335666
1.345360195736882 -1.0403880727324 -3.230237081955618
1.681927350812827 -1.417578616289057 -2.933047305154435
1.074158766398517 -0.7675741428572258 -3.337169731901367
0.9917411851064444 -0.7370440364968466 -3.224731782576687
2.365159177538221 0.13713015590958 -3.225739305528736
2.273448377725301 0.1964086884998583 -3.095165211420055
3.03866528175753 -0.6393331046232102 -2.58458315882136
2.943316720139355 -0.5733363552743433 -2.462561584377481
1.79528115861186 -1.577122388822542 -2.675662948254699
1.690156975680198 -1.527766639297898 -2.577608395340364
3.148701157393616 0.9862509975965112 -2.734335898301657
2.583657091431344 0.5148190452799786 -2.934440995615319
3.739697265495545 0.1945177731461027 -1.99287635648332
3.223254044891297 -0.2611258075809265 -2.272343863077015
3.399326643186372 0.9072304471113093 -2.995617100703541
2.807265620192378 0.3957423833107787 -3.222454915659791
3.988678761711177 0.1120219637265734 -2.216500114628388
3.450669927081192 -0.3885024378324367 -2.536288733274688
0.5497302947052368 0.4642369083384977 -3.715531169728912
1.094219206185462 0.8297670529638511 -3.67599083981402
2.002369996399927 0.4625955380529004 -3.191257676180005
1.648722683514546 0.8361733715338686 -3.47324310596219
0.7123221206647689 0.3486767517600536 -3.995914078533064
1.263515453104554 0.7083023192300555 -3.949219377344434
2.200630884937357 0.3353210251894014 -3.479355524957139
1.837133785940216 0.7172794642580947 -3.751803250148917
0.9076875881545414 -0.5307826801924992 -3.581146729039743
0.5756654264813079 -0.1125743626501009 -3.85730347704063
0.3414283691415742 0.1781499047960475 -3.942238752360652
0.2633199924578879 0.218975755717957 -3.813596896912721
1.569602942574998 0.9850531946340397 -3.836646182741802
1.487584253071309 1.036012562073614 -3.714941765154238
2.303022692405084 1.736547898588926 -3.449107526650544
1.782728912135427 1.317289590179775 -3.588682688624583
2.53612737035343 1.663144955910139 -3.713688300560103
1.984216992114901 1.213851104055396 -3.861554847446951
-0.006242312480339196 1.455861482774345 -4.233904339099109
0.4774010812050099 1.743322160919758 -4.193871209698962
1.237256005899698 1.299030825398095 -3.79680445080659
0.9407029773214058 1.679494232744772 -4.030274882664746
0.1473560837802071 1.378194679870843 -4.503834382885617
0.6286205588486355 1.660048816308137 -4.446583789609092
1.416326606166201 1.190121096951851 -4.063026457230732
1.109395177803469 1.583698948043887 -4.287292217250123
0.2224321736517366 0.4271054541470933 -4.17946755127767
-0.01538703111336398 0.8973781617908814 -4.415148745402101
-0.1922256714086377 1.228454988702458 -4.465462973179425
-0.2636929265236336 1.25881278641236 -4.336229246122587
0.8858704209262694 1.863551269162374 -4.343561861620105
0.8158015405307341 1.899858727414342 -4.23139262642905
1.469732587682905 2.401801789700246 -4.013295927503342
1.060323420652923 2.102888034054943 -4.121019917160349
1.666452145955001 2.358603011108558 -4.268231134620401
1.229235027845263 2.02901341518659 -4.374899237975844
-0.4312423037598236 2.552029581916391 -4.504881630417957
-0.005920097934806631 2.729429074895636 -4.475878188743667
0.6150456955909623 2.172691148697469 -4.282021672266043
0.3839154418826649 2.582516555088397 -4.418328143159393
-0.3290161684721682 2.594220870895677 -4.769979960986052
0.09222633285495169 2.777238744130703 -4.705334176572209
0.7539934228114871 2.113528385933415 -4.525729462284182
0.4928101972461909 2.57786003232631 -4.647982263624605
-0.2742512559333054 1.540910916337297 -4.659787143732507
-0.4729545446997935 2.10373062391241 -4.788885653833054
-0.6239678918790089 2.45215172680651 -4.733462735415404
-0.6670956337533885 2.442791798949873 -4.596316348198992
0.327220841211351 2.860567047737244 -4.601877021908261
0.2835063467948965 2.841598395957831 -4.503907183888277
0.8732949882581394 3.025482052277734 -4.271996269688254
0.5141880777375102 2.91803419086208 -4.391990164443341
1.004927996712324 3.068948303221918 -4.493521523641578
0.6195527760980654 2.95671976006293 -4.609466978194909
0.1406086452060854 3.065176194713585 -4.408620983867336
-0.03244448351721817 3.395641213705884 -4.232951432289172
0.5626198162380426 3.566056317525754 -3.826742008775108
0.1304451671984658 3.577605360855152 -3.98320820012132
0.2373149842119069 3.164720046217919 -4.615184863997363
0.07241814055530098 3.592114575615525 -4.411857470560277
0.7249613063619323 3.792432686048255 -3.95656109719582
0.2571331358641626 3.812388227426244 -4.124025116453031
-0.06080582748713531 3.731108206769685 -4.171486431621486
-0.1083767512145108 3.620723926652303 -4.102231216650825
-0.8316201835888741 3.389583754071011 -4.199355117721537
-0.4036859190882182 3.504766771552859 -4.12174055877897
-0.3142252966047975 3.767754519092582 -4.296506080208377
-0.7641946064272152 3.674748227136792 -4.413822911986998
-0.725170740183259 2.807518090522377 -4.797984794262268
-0.9281113765913315 3.324985120692308 -4.648159286712143
-1.057283074720727 3.51207880553175 -4.413259651052324
-1.081731689588811 3.387368725718952 -4.309999871657941
-0.2458733805349498 3.662951647739122 -3.842615845842768
-0.427080924630521 3.789191615779575 -3.444005845562141
0.07600680098993542 3.765545591281963 -2.887909883929403
-0.2978597807030035 3.812992003531294 -3.07071080321032
-0.1468116247684521 3.94689357669031 -3.96857069429781
-0.3484018868165539 4.088540785424139 -3.503381001667384
0.1905812077566649 4.102089308068194 -2.882429492127153
-0.2174988920360229 4.132179834309173 -3.091250605553978
-0.4915817652879182 4.054902923703012 -3.188932562753884
-0.522418008153776 3.914600707745036 -3.174752120370027
-1.104521225312372 3.766558679186755 -3.295238523777076
-0.7464360818118179 3.815926031556716 -3.222141060396716
-1.143233554075135 3.7950656057009 -4.244980216780159
-1.297798212379447 4.016037365017 -3.778115993716439
-0.7274742740858525 4.144192059020162 -3.288363096040964
-1.142324839766329 4.126102837968868 -3.405237527789016
-1.383780561488979 3.997346069444537 -3.408363217896576
-1.353414420637932 3.838633880934398 -3.322697470643845
4.032998335911407 -0.4029045190726973 -1.412277818360087
3.616218513687603 -0.8058152664212557 -1.698424192392857
4.026702044992818 -0.8724412486929962 -1.045427047856563
3.757610663566979 -1.173788519135937 -1.27684025664667
3.399622074579835 -1.135259950613701 -1.672539764988063
3.499839757305813 -1.26809096726326 -1.480544351469401
4.252223890054403 -0.4999561909171462 -1.540155772683456
3.798272278487797 -0.9345770069867323 -1.874661588718485
4.230684963191433 -0.9561884397968199 -1.137093187993097
3.911703162909889 -1.288000624959717 -1.402549608332055
3.544535834760384 -1.277920747863313 -1.840333820782463
3.629815527553342 -1.405394191414968 -1.620637817055148
3.435645972698173 -1.143709634109837 -1.942095855290062
3.364996910338376 -1.078679816017451 -1.857722202628731
3.642358959298186 -1.439601349311411 -1.459414863266205
3.58750433675104 -1.379803690933268 -1.403580608230532
3.029783569251292 -0.7006498683953652 -2.216782592405856
3.225165340127491 -0.9252924462461408 -1.953597209093666
3.231619088490627 -0.8493377336399347 -2.469879751506538
3.399800122599419 -1.072787401460979 -2.16667411415815
-0.7598419797589916 3.915262224699969 -2.429225371095936
-0.6179968707171711 3.868174357893528 -2.878326630372426
-1.732563316797802 4.140778381682018 -2.633083900941176
-1.522559964955095 4.139377429339723 -3.141968947166884
-0.770955976309852 4.220610499853113 -2.4175234242313
-0.5903483249734088 4.184029032828771 -2.894054019879207
-0.6271955655119142 3.8960998516965 -2.119502225760542
-0.2914446909975837 3.834011715581588 -2.011780701573082
-0.6262238454083453 4.201477347507387 -2.081215764971031
-0.2416794354945441 4.154109906543688 -1.963214325179799
3.718793031860169 1.914634922597794 1.077188275282155
3.724080321675156 1.588169131033401 1.361838617544722
4.463182820522555 1.049362696356269 0.386711516837686
4.052340481840687 1.271496143700255 1.016162137803606
3.9458720704259 2.108246268778426 1.228631874475134
3.927718541516241 1.703143935736233 1.545973983525367
4.692578342482435 1.058835543730567 0.5408467174552887
4.252541614317042 1.294792969176338 1.194631789826729
3.804478824683131 1.360429267047287 1.638420999623444
3.724197765519768 1.358519959909385 1.564180726812303
2.496120187876194 2.083744718246722 2.363863183330749
2.429847632496339 1.683545307222247 2.838111920452442
3.309128993429423 1.454027297691914 1.944270771873662
2.699871534802443 1.425863017689636 2.687570401374812
2.65073749792343 2.305410675103546 2.520926119136325
2.588072237399863 1.847587662203249 2.977043475021953
3.435405752384944 1.520323868317239 2.113352666430965
2.874354105095293 1.51752604668333 2.822262110850682
2.404050576079374 1.40089173317448 3.281121612986691
2.343582949484784 1.359105674807954 3.215907209369549
3.77299224710492 1.063346802995512 1.280972252975097
3.886651172926158 0.5615108779529188 0.9369090554776895
4.37120649778232 0.1041468779714799 0.3241691191441405
4.124511907066642 0.2345367919655328 0.6157596306514539
3.948474356935167 1.02410916141805 1.446041200233058
4.039337183637823 0.499887331216509 1.141009047021798
4.56478151592155 0.04467022386257674 0.5004862858836419
4.289552785213314 0.1698887129195859 0.8196399657490674
4.035407465815158 0.2064009119982334 0.9092652218956794
3.970075714614768 0.2410977798821838 0.8181527564931316
2.894146917311531 0.8535694637328872 1.816985351971268
3.331376034154747 1.140335045502974 1.694820174776994
3.404169078856635 0.02491163439267963 0.9837367461569907
3.722777943564096 0.198547739673662 0.866158645844365
3.020785408591427 0.7828307216018947 1.971402440913825
3.490334827244911 1.133444187382942 1.869565871038161
3.506675598241844 -0.05810450931700856 1.162601919678537
3.851644871787434 0.1216196894209607 1.065107585241742
2.250684498305042 1.135615482560929 3.145331073207352
2.069164265971818 0.7591098800956688 3.078937556368568
2.449228614011286 0.7330990461229567 2.138715511040225
2.137320984302806 0.7213504765588684 2.655493922175296
2.40303205773427 1.121851734790033 3.229175851369181
2.209756882713382 0.7436848122409012 3.11931118896569
2.56474712618407 0.6494417882394637 2.241943553133052
2.257424652629539 0.6455822047706992 2.713914010387347
2.019029035635397 0.5644871004443112 3.015021160771608
1.946263703099454 0.5812192078673294 3.024553998553506
1.911047446746058 0.9506886685411446 3.655113518751508
1.436978899310015 0.312383326367426 4.27235502739607
1.123841516578794 -0.3831137576604515 4.409002154389571
1.156112468168396 -0.2121328259384748 4.551700239479556
1.706208543898678 0.3713255353929352 3.369054710019404
1.324187058898014 -0.1077784547235733 3.935528125269974
2.055415580827044 1.020478460884381 3.751775174140683
1.561488706808094 0.3503659492789755 4.326810496143419
1.264052974008969 -0.4316750368061064 4.373955916511465
1.298933282604519 -0.2286135846942931 4.554117475718295
1.812042054157436 0.2930410996773239 3.381340097431694
1.440724491734785 -0.1925855001582341 3.918620589397678
1.231849143571479 -0.09257710383528139 4.656992945496068
1.181574981811626 -0.09756969864874293 4.642718594937593
1.199195928897117 -0.4705642457604162 4.227347581120031
1.142044083198759 -0.4411142011513334 4.248533089630008
2.424075937241613 -1.604963777175696 -1.838242170139009
2.998428059201739 -1.261927175292919 -1.858150543761704
2.914173506913656 -1.684577382149421 -1.440464412045869
3.315892179805922 -1.492551124623591 -1.426477810156021
2.57944334858615 -1.773721133361186 -1.99366192547838
3.137487350072471 -1.42072844798272 -2.044609967838058
2.978415378292329 -1.85811318323677 -1.499078606964101
3.412493582255213 -1.643669511617014 -1.533403282973012
2.170521155318093 -1.914276507144803 -2.147280101978783
2.00554643654075 -1.752257140349869 -2.524995087828044
1.514055843406368 1.550594662729909 3.802580300997054
1.98063638037954 1.434057765888213 3.466881133631318
1.618107063923978 1.748651921278441 3.969540157614098
2.135266084119452 1.595088971188833 3.602270677593193
0.8842874938641041 0.1701315583541871 4.814096898621541
1.067096413134682 0.007666194719161578 4.710446317226462
0.9144957598843029 0.2918627798723935 4.928237018044418
1.16120450505929 0.060804389025822 4.776061320614391
-0.1983723562622046 3.779984882479034 -1.720108202721933
-0.3583818602110895 3.745808182899813 -1.45001565976738
-0.2241882887706646 3.636663984913366 -0.928006671508107
-0.3683338477700703 3.699675071450997 -1.220339000554
-0.1382036871286866 4.093909136835702 -1.656228216161119
-0.3144736309419255 4.047329043923273 -1.369248002053601
-0.1672059788646289 3.918146138649686 -0.7989781473614125
-0.3262141711385552 3.990022002792385 -1.115203734756071
-0.4086417575990476 3.94051630896625 -1.272333068769779
-0.4283577003576753 3.809594136409063 -1.318848639613867
-0.8897016419682823 3.733284247194014 -1.296353535764388
-0.5704544651419917 3.73175450668723 -1.320125747692517
-0.9319438100083849 4.005202509201456 -1.19291201941211
-0.5582137186876871 4.021061027014001 -1.228398708802398
1.765078213314743 0.4529317334810211 2.917582807525221
1.469498954069997 0.218022777957666 2.76521203254529
0.9847996982156144 -0.5732717729814006 4.217640269078945
0.9027932173756114 -0.5545042943911817 3.92526065769714
1.112427386371338 -0.09490097681374103 3.036826871286538
0.8619180204207361 -0.4538804189526137 3.584680797957606
1.870429259235244 0.3838847195962879 2.917815646466716
1.54561937623438 0.09124107432645294 2.766778967829561
1.103320743821558 -0.6415870143600855 4.150773894063447
0.9055068669936921 -0.7679902700824592 3.977398321961081
1.177241748492214 -0.2363103807593508 3.010440213908058
0.921527568275068 -0.5879474274989971 3.544181059174139
1.315063031688714 -0.009304778632821163 2.689967326172733
1.285340946450724 0.0528844537087193 2.69582537499419
0.74640617866513 -0.7885427418550359 3.891450210324144
0.720753493849119 -0.7305549606888828 3.913455104519441
0.6450277384124057 -0.1035115463071747 2.73848270104351
1.03400922211966 0.007918845194604543 2.702216305141785
0.4047155968492841 -0.7019094872374277 3.81127582051815
0.6292373051499296 -0.6947896192807584 3.900642041518611
0.7044432772642648 -0.2159416557365774 2.695076313339443
1.096891729463341 -0.1270951327846004 2.680706968163035
0.2978213000303995 -0.8262135963180273 3.689488480089096
0.5894753978059811 -0.832289160070287 3.801906036777805
1.641025301650766 0.0407607908745479 1.79799239152078
1.415288395389428 0.1420124395037791 2.368904186987177
1.718647389385114 -0.1040859068621542 1.916227086356089
1.477562317611236 -0.001083717636366628 2.405971342018491
1.5014462084809 -0.2597777193666642 1.772295333727745
0.977569908917946 -0.2564629144026593 2.023973449189667
0.3311520256039498 -1.261728260730725 -3.416596411445565
0.813813224415085 -0.9777595342693175 -3.41459037357705
1.16921707216386 -2.148199636586245 -2.621609274574009
1.577650736750242 -1.811738980987734 -2.717506241155029
-0.4010458474292721 -0.2700639506160428 -4.076888077784589
0.08113035173330783 -0.02129362752671756 -4.04775620701255
-0.9176058459743068 0.7945983642274763 -4.656726151103634
-0.4426311035421477 1.045289830545201 -4.592517830647643
-1.347754172486659 2.03840527088281 -4.969229568127027
-0.8773046585348916 2.302711421226696 -4.877815734724594
-1.782405378728968 3.293033364383678 -4.603556119000468
-1.32302564990251 3.482807648900139 -4.533418423152392
-2.949054568548547 3.447151029290422 -1.43858238465468
-2.460240929884277 3.643201511652455 -1.338705610733681
-3.018301872701571 2.772898866904846 -0.28833678250685
-2.495239172266699 3.070164691204639 -0.2571570398682634
-2.838043051114482 1.986825775992592 0.8391710300367585
-2.330728552849744 2.386771325943701 0.8680268675760893
-2.550674117747721 1.028833361402519 1.891875692654635
-2.077162843246916 1.487998016724697 1.968767196656164
-1.983386146855865 -0.04225661034789463 2.572724447973828
-1.682183999909271 0.3496818121524601 2.749828903828668
1.942102340173991 -1.93140578809227 0.3214947229641158
2.07086350130899 -1.758548326990548 0.1018129119968587
2.057054785661742 -1.254863467921861 0.9289668053164409
2.155338126193709 -1.140876122928357 0.8464290054984706
1.509102603407837 -0.6276140040412663 1.502205491167579
1.697099854967414 -0.4514370513445878 1.515602993653062
0.4038390164832882 -0.6245983535771832 2.037566519071112
0.6083542525711257 -0.3791445062108008 2.076283534260612
-0.7332800234282563 -0.6218056652174107 2.441668068389397
-0.581669670409 -0.4005220268259903 2.525611645607488
1.942949877494707 -2.276491067566226 -0.6829727919078143
2.038137382332644 -2.125402064662274 -0.8374695211863057
1.746170429702906 -2.356598826053928 -1.722099871036388
1.997752736014125 -2.135918935329309 -1.848736889381874
-2.591445619716073 3.893616045508913 -2.497162609334936
-2.136119702484288 4.030335309405584 -2.386194202739002
-2.103897705097368 3.944868167500169 -3.572935740137162
-1.666953055493843 4.047609024600408 -3.507252237784695
1.011915301794181 -1.774603071658682 -1.559911031189691
0.9601232033191215 -1.460109408214981 -1.51207363928258
0.801524938623477 -1.675485217536504 -1.840832580103513
0.7593696401141767 -1.335913643696204 -1.749602106244148
0.886105753928717 -1.482259844315396 -2.12136467149875
0.8381085294635078 -1.114445671891235 -1.973562447794126
1.292378201136852 -1.330647695389625 -2.291982863138098
1.193144479080577 -0.936930776692474 -2.109061175235758
0.9123925521919125 -1.021908437385751 -1.710765113280734
1.097551873774577 -1.159799528892341 -1.486985507357384
1.236714748820083 -0.8283286464458861 -1.829406402451964
1.398343545450768 -0.9783918348335683 -1.591393788675106
1.260283547674204 -1.424058805638017 -1.423191258457267
1.338397740417208 -1.760630089928085 -1.470762009580063
1.562936239869302 -1.26871189338586 -1.531033814667871
1.684011768949202 -1.640108818869667 -1.616365148281921
1.270973125921403 -1.923546179540715 -1.622324335164867
1.060393051627011 -1.83932980925492 -1.922683160016968
1.675193610478394 -1.825308018783345 -1.841296364703091
1.491766766632564 -1.704169771450557 -2.165408639106689
1.672746099719579 -1.369373684235738 -2.215180189631238
1.52657621293489 -0.9550555459316938 -2.033598342835162
1.830213673399781 -1.512544955422594 -1.903944576996805
1.673992127890674 -1.10404896306623 -1.764923981485647
1.34584365323142 -1.967240610568667 -0.8351307793047813
1.313109003720609 -1.665267778580792 -0.9184405628552613
1.21686208926058 -1.891611009310624 -1.177922630221766
1.177702174255292 -1.579548480010882 -1.190113555508035
1.304873631412536 -1.28552943454653 -1.210374896288491
1.435999416179075 -1.389528483521048 -0.9844001699661808
1.571305906487201 -1.110866228180955 -1.30965923130368
1.683725550374244 -1.211175783563336 -1.0861066888668
1.518567150077382 -1.574471979794826 -0.8374466499152794
1.564154825319108 -1.866277601052921 -0.7236616159337796
1.764245686341798 -1.38780949960862 -0.9594363219845464
1.829994761292693 -1.677901472561435 -0.8827489962488406
1.534263699947716 -2.052254916755341 -0.8523104532559569
1.439509020294822 -2.011631254687166 -1.214230144783033
1.846346910079819 -1.903494962598212 -1.045628316518087
1.798811264249619 -1.898605638361792 -1.415010346244782
1.941111060105674 -1.594642094089156 -1.507137233204517
1.810561402868496 -1.219435808714315 -1.436272081412387
1.981248526967151 -1.595328756743361 -1.182148351136721
1.887529624241397 -1.27131553712319 -1.181200973798192
1.423385332573149 -1.951879503911653 -0.4285409818204445
1.439934522406833 -1.843391185362305 -0.100449374768226
1.384895326437964 -1.64633205227162 -0.6262254938412047
1.382315161810322 -1.509735378391062 -0.4000310176258996
1.481906691248257 -1.366179960808704 -0.7997379904408668
1.454720062027501 -1.205090913210587 -0.6079888788348211
1.719378759195653 -1.177463933417026 -0.897708222106216
1.687585218639016 -1.010792383024734 -0.6833488519752419
1.516872616316404 -1.266260975774087 -0.3016930323121019
1.617762487831985 -1.59579364525106 0.01093333366349377
1.747420371207263 -1.058387373342515 -0.3832207430473753
1.87151582868257 -1.364652198672514 -0.1361404707418898
1.623552886864778 -1.898586270966224 -0.01852572050419787
1.593815979877557 -2.003349255173001 -0.408685843195393
1.907449233890566 -1.672098987018461 -0.2112531236748289
1.877334847975026 -1.811075837788022 -0.5924790196680879
1.921772882669598 -1.206966070393184 -0.8874357633353072
1.909775919088209 -1.050514280425433 -0.6205242820926543
2.005126486769211 -1.496702380156708 -0.7783031004216058
2.02030744878215 -1.34277376372899 -0.4426065185815967
1.492437635234708 -0.9991091899915999 0.7402276778709503
1.28822952728008 -0.8093808823949447 0.9546596664553638
1.211138574297488 -0.7554028477329284 0.4480954476149416
1.011703891854095 -0.6075482245069357 0.6927000274866461
1.155668785926307 -0.4650855476337826 0.3051073150926751
0.9655050811984254 -0.3122152912043714 0.5829621402526131
1.363479542078969 -0.237275807198884 0.3365837438276382
1.18682680830966 -0.04654134661429454 0.6366780676450641
0.9966268930619929 -0.3609060598433857 0.8838480861800451
1.250320929211096 -0.542662288201566 1.126442556289974
1.221537234010886 -0.06051156583978302 0.9450904625428397
1.464225327608849 -0.2544096612906711 1.174862776012429
1.547452801050723 -0.7657949358561371 1.145017585964277
1.743980380119012 -0.9983968477871907 0.9261795412058942
1.764643224411463 -0.5133534297323686 1.173352155105796
1.95106576797077 -0.7827020259425803 0.9185364966682409
1.690194690781556 -1.009427227291387 0.5968057925192486
1.411464875546763 -0.7445611548932556 0.2998951419503474
1.871690345212075 -0.7949519471080237 0.5757888110021399
1.60771609191285 -0.5271654292400327 0.304016326980409
1.650595536533923 -0.231197773275065 0.5029566130013688
1.48415725746176 0.004410469834903515 0.8039771931476667
1.917986540616508 -0.482665847939973 0.7559324979394318
1.744455642230248 -0.2100289676145532 1.040263761332388
0.8834036807906144 -0.7006710390404516 1.251054162367285
0.4718019114938312 -0.704369763461823 1.498032799989749
0.6739712234654304 -0.5306733451468563 1.005962309084681
0.3704614354127708 -0.5292721123938757 1.24456146832591
0.6781981419024131 -0.2251526998461305 0.9180586975663108
0.4400388591380555 -0.2306880777470326 1.175587476173479
0.9186098162612542 0.08520706643101231 0.991876043572283
0.685058599058047 0.09500426228064263 1.258189170379661
0.3482144541123306 -0.3279650961996963 1.414398947458932
0.3779332347778832 -0.4914353259217427 1.651520421565618
0.6000804426951976 0.01262091153172066 1.483201811987282
0.6448344834276337 -0.1429755824640341 1.704877045521184
0.6928987778020522 -0.6065667796057755 1.690611825744086
1.139561317583807 -0.6121989275343683 1.436517814972097
0.9615929772324509 -0.2555359763995841 1.724089865820198
1.381451613288319 -0.3021492990711938 1.477996094530675
1.205076847389257 0.1835239260923638 1.153308789921178
0.9319938854628133 0.2223405272220152 1.40495916155973
1.413865814682721 0.01063135354144076 1.363500779751382
1.060321877247109 0.07409949528036956 1.606265614480611
0.01942612161409698 -0.4748667527155391 1.397632749779268
-0.02214868248838921 -0.669325106438612 1.677707714419528
-0.2776478895730085 -0.3403750454488195 1.421084705835647
-0.3882600470999625 -0.5520716060528765 1.709546365996022
-0.3584701269459212 -0.07044964531293794 1.512388026320975
-0.5157016592489537 -0.3082233774642867 1.831670720846114
-0.1605788135090711 0.1927478307904829 1.646441596707625
-0.3330410300220695 -0.06326686134357644 2.008860522480125
-0.3361389780321055 -0.5495382914734542 1.957560410650089
0.1097137053553701 -0.6214308913614718 1.889881181894498
-0.1270616798437866 -0.2840067500393819 2.122411449930368
0.3692698335809513 -0.2871433509987776 1.967794195281705
0.2080016292042123 -0.1936415206873535 1.287899986915305
-0.06093768798851347 -0.06801892631634754 1.288338776575209
0.4442977767078896 0.122719511320728 1.380874932796971
0.1573013799432817 0.2162122386077418 1.396618809334689
0.1936179686969513 0.2846674162227003 1.682680528429664
0.06982283014675281 0.04250502705524326 2.020446381521093
0.5533988507264673 0.2348041285262132 1.595524767143686
0.5359575939419121 0.05202433395869521 1.853447592983213
-0.6989173046867224 -0.1103894101418407 1.437380414713351
-0.8920762231140549 -0.3549655914738066 1.731707345828839
-1.048545642379246 0.1190053953703589 1.417974343606652
-1.320589413046197 -0.1497176570069113 1.711782997989533
-1.10596136545828 0.4546244566346036 1.462315753278348
-1.422391160823961 0.2115769041449002 1.819298058896827
-0.8924919662851404 0.7373839116104137 1.625282344072629
-1.211068084739014 0.5373060897777803 2.09092950597096
-1.369768289691417 -0.1486557985231308 2.041709096816305
-0.9139822047681969 -0.3776900637611532 2.031094857464536
-1.182161094365504 0.1699355874554536 2.383865039950432
-0.7407181484112026 -0.1196622024030708 2.306244978328928
-0.4459436698078778 0.16204653950987 1.292751648604805
-0.7488053342467571 0.3983893382021643 1.262555886609261
-0.2397324722593425 0.4223566662352068 1.414244578506757
-0.5379321121060542 0.6588500371275807 1.386037037562576
-0.5931169447971157 0.7254740151908824 1.782373147700931
-0.892073871139035 0.5116727497527914 2.295931291978776
-0.2639829853619741 0.4684887536492262 1.770140290084292
-0.4975185195158892 0.2100505145322309 2.212778824318429
1.511939066326378 -1.579545898089562 0.2518686075201146
1.571710334340087 -1.306386303425297 0.4727028981482548
1.368776789230022 -1.257096110089731 -0.1013395022508365
1.339985969988921 -1.01891148943459 0.1451004942702764
1.396963991117278 -0.9457355584394421 -0.3131892010473092
1.316201427254613 -0.7237089696941843 -0.03731608269700407
1.615996611305105 -0.7514215147897509 -0.3467515978032674
1.524811776982371 -0.5216270261086158 -0.04199921084602039
1.818986968846463 -1.344060574112755 0.6354132125510635
1.735591809926381 -1.627357500606997 0.4066308353617658
2.028387483603992 -1.140586580263596 0.558908681782746
1.983505113875871 -1.406999715666459 0.2426440178260876
1.861201961461697 -0.7945321303483732 -0.2339139888573673
1.790892451136633 -0.5521258308515832 0.1017078921303051
2.034189549581743 -1.084788127233012 -0.004942041448334988
2.020137563783524 -0.8336549950124749 0.3534429936206405
0.3764136757542241 -0.3034247088334196 0.7868333112735685
0.1615188834071872 -0.3394823854747679 1.066494774062918
0.1250455373901694 -0.1142402396742933 0.681610050724606
-0.08793568497910681 -0.1718986491556934 1.016824697758281
0.1068418724481225 0.1601097636977146 0.6760598531971982
-0.1242632987258997 0.1117583621994648 1.059443593104165
0.3323573639275265 0.4054476742901763 0.7469635238506337
0.09304426747008981 0.3766200044291635 1.158202717105878
0.663239681560913 -0.1432599054658185 0.648082637917176
0.4076229184020879 0.03171906784765002 0.5116598293952871
0.8962681549887446 0.1303331314170471 0.7132650999316063
0.6376864122337693 0.2760902124815237 0.5719495004649832
0.6374697335226357 0.4689410868278426 0.8476348089352191
0.41219313642495 0.4560446204081275 1.23394484781744
0.9057392309369556 0.3494376773999163 0.956798376972778
0.6932053008596405 0.3549553416797069 1.266472694861094
-0.1898503635042233 0.1375647206116555 0.5845072423347862
-0.434056076291593 0.08005192989888163 0.9816226484243572
-0.4307682062215634 0.3603985886962158 0.4907695751221239
-0.7072267329245236 0.3144067024177353 0.9294696306914871
-0.4203864376126683 0.6519414335276618 0.4464687587654242
-0.7202713976401141 0.6238555156592862 0.9188106095693265
-0.1912301022018122 0.8870104082777677 0.5053968304685675
-0.5010220080775368 0.8751953785864992 1.009087853926359
0.1047255917416297 0.2680239547594349 0.3725331739762208
-0.1206452686462203 0.4860962355502551 0.2527718448337967
0.3345969273587674 0.4914298503850663 0.4236409109568982
0.114604029769748 0.7092507576959766 0.2985358037974994
0.07817734776491274 0.8826764044791284 0.6282404409298966
-0.2213820984744357 0.8739357717132616 1.140313592690933
0.3130246296099501 0.6667313505326449 0.7346358170804734
0.04697501369632792 0.6504516032083729 1.201583365545177
0.855221544980508 -0.4729316892401924 0.1428254713672948
0.6570643030343967 -0.351886264532375 0.428588333581139
0.6031031179321927 -0.279086398528219 -0.05162780168197759
0.4023280210904305 -0.158055863824285 0.2690279561406442
0.6047681314899633 -0.034679575394537 -0.1379419481510717
0.3965541763681215 0.09741247091482708 0.2116416435103645
0.8407657997832637 0.166442810894431 -0.1123876521766227
0.6276117215635298 0.3143654583079307 0.2543178142102361
1.088094041786687 -0.4510814780033612 -0.01584579179033974
0.849808231787593 -0.258048010737994 -0.2244164309890214
1.303047099211304 -0.2464723476893661 0.004728113390252533
1.080509526213398 -0.0600733969158783 -0.2035557657739676
1.11421948648086 0.1829508793124919 0.01789699166597645
0.9152746459569938 0.3522658307895453 0.3766327856498264
1.340650022456603 0.01780210186650235 0.2193935351689103
1.164333028409855 0.2124635834112327 0.5490255136174397
0.3208943430449477 -0.0299166994911936 -0.2463240436183895
0.1090388115222464 0.09035827231143363 0.1065615025991577
0.1134621031378793 0.198212949780486 -0.3929305500399429
-0.110039384534074 0.3102712831016557 -0.02555343261820002
0.1629068007140791 0.4754776285736265 -0.4882557652509067
-0.07641464708950994 0.5895486341394777 -0.1014215800557091
0.4300001345808566 0.6797979953773172 -0.4806243133983776
0.1726059515032082 0.8060320616606195 -0.07138270953653993
0.5849796544693001 -0.00993122463008056 -0.4395388016150417
0.3928089188153367 0.2215756476035985 -0.5995193356549192
0.8367663473801017 0.1855692820506988 -0.43075326087706
0.6609705997146589 0.4199351992068603 -0.601875577203127
0.695110588750354 0.6466973526495555 -0.373322212986205
0.4366148427410378 0.7863462699361947 0.04330871143146343
0.8688523361873263 0.4144369167178855 -0.2051586059082481
0.6350336652239678 0.5637843989260752 0.1896761329690177
1.258564167432485 -1.369692687686734 -0.8629688306743097
1.210711723504435 -1.173485237436938 -0.7065354039420427
1.093685088357384 -1.229880980487934 -1.071417653000829
1.011276125864082 -0.9824218151090687 -0.9141170275409272
1.145240369646797 -1.040462613854418 -1.249547593620654
1.04686542858259 -0.7617670964658747 -1.06236470179898
1.420383251180023 -0.8522522314761192 -1.332351038267524
1.315829380916913 -0.5645478790074939 -1.111041283581038
1.113455231633187 -0.7205656877067903 -0.8120513604346145
1.317011573910607 -0.9300987705054777 -0.6076906482506285
1.366909075355308 -0.527722665663615 -0.8403929689098799
1.55157780703629 -0.7382639016518329 -0.6480250244070651
1.676800364746961 -0.8208017221338322 -1.252588521725086
1.584344337458693 -0.5551206184199464 -1.022035178274047
1.80145325229277 -0.9611396569707096 -1.058524392186847
1.743299819581692 -0.7508491659838252 -0.8390718016733013
0.8550798758683862 -1.083839138196832 -1.323511444470348
0.7546201835885287 -0.7885625622499726 -1.147863648964015
0.65676578416534 -0.9425268455652616 -1.523042544310035
0.5589492924822865 -0.6204569747247567 -1.333673025977185
0.7260065122281093 -0.6920341486063686 -1.713548691093133
0.6235330583471179 -0.3541955980828394 -1.493478178718069
1.045469756149944 -0.4760447039796128 -1.823477393886735
0.9217132076988799 -0.1277410568507243 -1.564362802115399
0.6732123113618342 -0.2976243957128742 -1.230542626942245
0.8617177705422989 -0.4922861251433339 -1.044263924584102
0.9587225676617575 -0.07933898543964843 -1.273412827355693
1.137093978247816 -0.2870019001693677 -1.0766892324748
1.34918653141837 -0.4739281123517016 -1.752140075009224
1.213092317179412 -0.1290665095064525 -1.478362110442313
1.50215216772798 -0.6457305211297906 -1.5220251832237
1.380058126951768 -0.3289518635034934 -1.267043964466405
1.12791783315085 -0.9155259233822668 -0.4439296156277381
1.034286625557189 -0.6998581136771822 -0.1939391779377019
0.9001572519895156 -0.7020975086723025 -0.6596325964828549
0.7922866201559597 -0.4952613886909953 -0.4099166965495588
0.92113529591393 -0.4616074489386762 -0.7834514334437986
0.8037144850774569 -0.253900633675868 -0.519451855192663
1.181208251529664 -0.2649239568924571 -0.7956283345897749
1.051538659674571 -0.0593858846251949 -0.512750312052231
1.454151600006276 -0.2709106729169263 -0.6854232504092268
1.320300093017647 -0.06176347752851191 -0.3879172603276852
1.638636377744628 -0.4847356726094383 -0.4929811544914571
1.521561857477814 -0.2601575875607307 -0.1820921710813103
0.6295370296000375 -0.4645858545224137 -0.8854746539360292
0.5172270745282453 -0.2465058970158165 -0.6267502804308346
0.4344278340971441 -0.2606636800507307 -1.058347263510613
0.3187421830250959 -0.02201870307558882 -0.7870984698477698
0.4967387776428709 0.01535927042669195 -1.188195859915082
0.3788471513670326 0.25575672093082 -0.9012103960139024
0.7815284744913714 0.2339267717005089 -1.219907727381512
0.6590677983873499 0.4619287557172085 -0.9152813405904084
1.061826156967138 0.2148171417307551 -1.11958276668426
0.9310242545134818 0.4288506542060129 -0.8124084942605052
1.232972408510511 -0.01241794906546035 -0.9231887433461612
1.096131619944829 0.1926190450329495 -0.6265987861471543
-1.656625907704919 2.897329497059204 -2.728604019404534
-1.811115045841505 2.955615916279139 -2.462080283377796
-1.949701257233913 3.131995041649143 -2.967483671924402
-2.09773043644423 3.160718222719761 -2.66561394240271
-1.953247855813362 3.38788002791789 -3.079529410254611
-2.108749647325734 3.401885236710589 -2.720026087863781
-1.625931139639602 3.629730172590187 -3.055489759615412
-1.797789619232951 3.664741633299867 -2.634055051754851
-2.019702487185453 3.293247315639051 -2.41565105612268
-1.742375979000563 3.09764524273541 -2.255760431447075
-1.734978159733335 3.538736188359826 -2.315810105471809
-1.465521899080293 3.309344555932722 -2.185924895658703
-1.48312686595613 2.927607762192533 -2.299852546760589
-1.314037492525879 2.852939348281705 -2.565535631136543
-1.200614483823149 3.134345826027787 -2.260093518719779
-1.015115214032387 3.053370565470432 -2.554856518870341
-1.385124001123982 2.951746225484721 -2.901460340585611
-1.673787504210673 3.206562538148436 -3.16000073098402
-1.074834373788818 3.144952823542255 -2.904948758527984
-1.351157980324978 3.415256468566041 -3.165244544407997
-1.248627962230125 3.611695006008135 -2.903923550262606
-1.437738058531926 3.674524137164798 -2.489639011300321
-0.9809023828711603 3.337316813720831 -2.683710862317179
-1.17422231727408 3.416760328013455 -2.339787325785179
-1.557636783013373 2.130853642113242 -4.104991184390116
-1.308275734200944 2.02418452607878 -3.824095388480844
-1.646524013408796 2.473197611476602 -3.958122166623085
-1.364890158658225 2.28573183231574 -3.662438140330324
-1.486420745421077 2.788824033608591 -3.8666859160553
-1.211778427852597 2.56401490103809 -3.564380136138665
-1.151120929777554 3.004516270688082 -3.949670597413169
-0.9034047020505878 2.76313059128884 -3.624104095235234
-1.029595580611908 2.267727285849481 -3.508214661942354
-0.9983110639632159 2.05473258367993 -3.687872276177659
-0.7290717610107156 2.470610710140818 -3.562803455840545
-0.686672365427159 2.257940443183145 -3.736633915701632
-1.060038606527205 1.98574142647231 -3.890651515801568
-1.257049627201031 2.038452943782883 -4.196036517567753
-0.7268395708194952 2.189862178854664 -3.940376160594433
-0.8662259565942947 2.253185502386769 -4.251736887748105
-1.493437864808042 2.31127818933473 -4.306497651494744
-1.613545385494535 2.693995429070861 -4.176077224366504
-1.072030375256107 2.557426341116305 -4.416424766209938
-1.229804960487009 2.942194122550945 -4.289724345548257
-0.8699059583105111 2.963671855799727 -4.138233167148036
-0.6676582857728359 2.738048000779958 -3.786742628845388
-0.7236051094880908 2.626678763546086 -4.264549799733611
-0.582790819901668 2.482412508316603 -3.93163474769818
-1.274026598954716 1.279452865911266 -3.922823575136015
-1.053562381201866 1.360171677992533 -3.642973151093023
-1.417851339251089 1.669294797296783 -4.091382725417845
-1.197827960286736 1.683820895482737 -3.817133494293335
-0.9184533018063658 1.834204980735279 -3.684911473852257
-0.7583440256835838 1.542428133290761 -3.504908986157337
-0.5980143157859618 2.035534443467431 -3.739819406167925
-0.434271047782849 1.743319528102517 -3.585473019589535
-0.7397787606172914 1.260463722451003 -3.573767069810705
-0.9174493714516375 1.128255480324563 -3.856531676582424
-0.3848160226509842 1.442135412191565 -3.675911279369846
-0.5037274091500589 1.283260385281116 -3.976669966037324
-1.170608360962222 1.329515662895695 -4.129072694835102
-1.324607009622488 1.78033117276108 -4.283276354380558
-0.7047498679052477 1.496910474246168 -4.269580924699575
-0.8691016176396329 1.991325932440111 -4.399733492688813
-0.5248642262228133 2.117908950913404 -4.258910452958473
-0.4366614136866033 2.126122874114171 -3.937692801850999
-0.3580879558461798 1.662084044550572 -4.152862497229058
-0.2740608217610016 1.780438252165763 -3.825389171337086
-2.012314947921144 2.938121526803303 -2.131840938664769
-2.15800963663338 2.857180026569629 -1.866546948827103
-2.292340715729193 3.088265837752903 -2.28373750166196
-2.429726618351276 2.9502267844131 -1.959161921050899
-2.303826078207506 3.305321065474401 -2.292859728970282
-2.42467045904684 3.159203566896711 -1.944313867940734
-1.995791938219057 3.593546157881654 -2.174862422360991
-2.110780516484957 3.452215700801935 -1.831186679036562
-2.301732323053706 2.99894533329841 -1.694203196359754
-2.037304417487248 2.925589773506164 -1.668619287211884
-1.990578479507759 3.265495173301441 -1.606772351774788
-1.742989705212028 3.155352891043132 -1.603210426380545
-1.855085299299787 2.905839738322225 -1.761840229208913
-1.693451028763704 2.945655918440143 -1.992250595517597
-1.570998264243523 3.124718297357345 -1.704455166548234
-1.418427648844971 3.157671177835271 -1.9359968666474
-1.644437434254643 3.645066845591483 -2.057002043982838
-1.754523168259187 3.529922529571028 -1.750587743313732
-1.390362345399796 3.424228085797826 -1.971376000083307
-1.514127751419426 3.359909579969122 -1.713735527159413
-1.440249230708837 2.570113439989853 -3.360640058511449
-1.514424297567289 2.747616648832988 -3.07648497123191
-1.737020084747083 2.807787779327882 -3.647722432845308
-1.812680230241765 2.996532925413929 -3.348424732242939
-1.727625510721273 3.059200955557704 -3.862283339828459
-1.811192640375435 3.253999398363705 -3.525185706375921
-1.375287098121791 3.298599470093096 -3.959337133374301
-1.468102046179964 3.489076524245609 -3.580132208211466
-1.163759285562045 2.695002913608431 -2.919157590904396
-1.093976918536451 2.522492704860822 -3.208270465718648
-0.8548487068446408 2.893278016007352 -2.945966532074392
-0.7885319407377609 2.723794910492192 -3.255985271077223
-0.9988414025141458 3.280863983979474 -3.810879024368764
-1.081928498618027 3.460272656518367 -3.429606125949505
-0.7461343212234866 3.008091138466523 -3.474589113848479
-0.8149244555037019 3.17821633759761 -3.133199344227716
-2.200129679505136 2.468674449557883 -1.231421473208399
-2.539498726176199 2.45529296316956 -1.147692239555787
-2.228004097700734 2.680902783842676 -1.541513530945869
-2.528761436526603 2.701295871731498 -1.528318069457423
-2.532143068674161 2.873895512173689 -1.473411168363109
-2.552498670446628 2.614158497542382 -1.048313439530161
-2.195620222608951 3.187972787735161 -1.357040199924568
-2.209583410641131 2.940979436213194 -0.9107819680402681
-2.322180172552847 2.466070501100994 -0.8246360405283227
-1.984171545622543 2.467370388371521 -0.9639828012891117
-2.001939718051716 2.761454897488601 -0.7112298600893925
-1.689949331722644 2.717952657144681 -0.8889948728447831
-1.834071385997788 2.600644500637614 -1.285011292212894
-1.896605154404385 2.797882138644932 -1.55144707157496
-1.546407148152544 2.830075195056227 -1.225867237092951
-1.607061401706621 3.020416051934127 -1.493968471150856
-1.561595030231598 3.201481953774422 -1.396970273488715
-1.817768826591298 3.309419359592833 -1.327924763398717
-1.532654990461953 3.008360830474591 -1.076149201850484
-1.818005209066672 3.088792344846736 -0.9180430233658353
-1.15754343258964 2.272784497197378 -2.181439556880438
-1.3289037597155 2.362575830366288 -1.943348927726085
-1.357628628855161 2.555475670637741 -2.419789241211339
-1.521263768525891 2.635417955706989 -2.182190262324242
-1.464370845844788 2.794121351613122 -2.012890074564108
-1.286086857348721 2.538936098686454 -1.778593509753609
-1.190178540748384 3.008453617929771 -1.972056782517601
-1.01471837740297 2.763852304417988 -1.746514046723681
-1.053451031904962 2.3395429307323 -1.777595051880241
-0.8684347174435602 2.250821647471736 -2.038265904826067
-0.7785228479279639 2.574483156741479 -1.758302402870953
-0.5796859006555795 2.493733605449699 -2.042233910030541
-0.8901975665270488 2.342265694939371 -2.346146053044339
-1.088158123420779 2.612986827004191 -2.583614334072887
-0.5913673528244199 2.576692255667256 -2.365270308800231
-0.7846153114861579 2.823064208869414 -2.597659806151151
-0.6957160584879565 3.026509833999222 -2.412873932214653
-0.894051816836994 3.111887671048105 -2.117162274625048
-0.5060177051932379 2.791825688642078 -2.189315192087955
-0.709252231621222 2.871695866370219 -1.898118897995773
-0.9461649242364777 1.933255409191641 -2.753407988450312
-1.012163838720203 2.106287454179518 -2.493175168250577
-1.143911513894398 2.221621514010657 -3.008290041949046
-1.212929759738366 2.394183230615852 -2.738928863470888
-0.7140453560241123 2.084531874090716 -2.369693754490708
-0.6464491831100201 1.90732265317844 -2.639863474705671
-0.4142649566664857 2.333319830420544 -2.404957158893422
-0.3450687675749812 2.154409482957854 -2.698931401206806
-0.7345652338226096 1.959909994188481 -2.949145140068183
-0.9282913121184221 2.233791108282025 -3.20000808582138
-0.4317453762454198 2.192363052465962 -3.014234367235431
-0.6270442403979435 2.44682456861283 -3.255328208232132
-0.4645591810744682 2.697528569897932 -3.117560797455997
-0.5281026175276009 2.865551163609774 -2.805322117402262
-0.2679871444382686 2.460029227603424 -2.876537878562585
-0.3355449792136281 2.634028004567481 -2.569359925678776
-0.9227084867429705 1.515828104943046 -3.297720723732691
-0.9072497576754476 1.6963998344759 -3.056623382738547
-1.086808152595062 1.791497084593977 -3.519067676290927
-1.092186169838532 1.977827067629787 -3.309400577157812
-0.6099621497772861 1.65825760823704 -2.957747587088063
-0.6244070952827683 1.458577976701644 -3.212487674487221
-0.3055645746487255 1.893241564008971 -3.040148853826599
-0.3083599973199131 1.675128378499364 -3.306560309695541
-0.39749443174459 2.252295552300647 -3.644225156923754
-0.4205580259082493 2.450645715362604 -3.437138268076765
-0.2235134684775467 1.989874960146054 -3.473648715143438
-0.2284576908733482 2.203004371417671 -3.218383832705364
-1.590620122194939 2.424967235484743 -1.654022859553359
-1.839500724949581 2.448322533135311 -1.4353835918643
-1.750142294389563 2.670545825108604 -1.894359943889645
-1.946329427291811 2.661757712193316 -1.68278463733228
-1.607989128788923 2.438735340020195 -1.216149150707586
-1.33904066659622 2.406581060799766 -1.45972575341094
-1.333393020568698 2.668333626506071 -1.162228258638581
-1.071251608829632 2.634239063355501 -1.418983143187196
-1.137936085698124 3.150982473855531 -1.788228851426764
-1.315658959002219 3.149190314570579 -1.564070197763036
-0.9852175661723148 2.922833596299826 -1.562895675534491
-1.215809407014869 2.948405208068959 -1.320066891313486
-0.8524845016728764 0.3686996698262212 -3.361743803771004
-0.65259995924711 0.5367348938550531 -3.103276023424968
-1.059403342306462 0.7806425328516006 -3.626329480784233
-0.8465372106842912 0.9166874193446968 -3.356709054657104
-0.5496493059690248 1.134317725923914 -3.240175979036612
-0.3636463490689371 0.7781712764671337 -3.002477997364922
-0.2193490301822062 1.339442148156465 -3.351984730966602
-0.03425633341938957 0.9893563485461604 -3.127595243954187
-0.3037482632392463 0.4143559392793488 -3.025523670289951
-0.4275594401132813 0.195290748717493 -3.30249822548518
0.05575201870599455 0.6023194374657508 -3.16203663899649
-0.01169199738294042 0.3372441940328879 -3.453472698240709
-0.7346527039132411 0.342437548705656 -3.59155028091099
-0.9457477171782011 0.7729133831672552 -3.845407652139299
-0.2484192518373128 0.4527410606334235 -3.773973406799573
-0.4729616618743113 0.9015599670214416 -4.016238550802394
-0.1276727064681953 1.108137967448217 -3.926741867777732
-0.05093649157533089 1.325946216317893 -3.61164340375076
0.09016606980068165 0.6833339309553017 -3.698427780466115
0.1458289117545162 0.9523873835655856 -3.39157655735266
-2.025452454730917 1.842711873218996 -0.3471975066724408
-2.396802075826581 1.775710055141388 -0.1784341699663353
-2.120047874902612 2.141599689826389 -0.7678493459374544
-2.483844328160411 2.097535210063838 -0.6294539509370547
-2.515045238846361 2.2572014777398 -0.4868951582404602
-2.442936273582446 1.939253082455143 -0.01444679168149335
-2.177381328225095 2.617771156585709 -0.3167113171184211
-2.115606505356352 2.338095818066465 0.1789247626935187
-2.155316031604031 1.792869786380099 0.1997995361657272
-1.796723702627091 1.833288603788616 -0.02311905523408014
-1.865780368254777 2.157144277978918 0.3481004826206708
-1.537715286551858 2.128950073834096 0.07264774890875356
-1.65067227375205 2.01926440536893 -0.4516257927278237
-1.741489694451501 2.295105356302847 -0.852854568357201
-1.39188013289209 2.28100415448436 -0.3767660864785926
-1.466272942309361 2.54115826493117 -0.785315586195625
-1.480552873810854 2.729427399108939 -0.586580133462121
-1.783300595664197 2.797852362152312 -0.3510512965359705
-1.424508303993841 2.479709568464294 -0.1443717465794982
-1.730417204758358 2.546632367259869 0.1343872624658055
-0.52716860308844 0.7822923389122101 -2.764042485458702
-0.5041081085095014 1.012651185080624 -2.517571094571895
-0.7114028009608209 1.12253075862486 -3.006764895597717
-0.6867144387717447 1.324284963532696 -2.757111442072795
-0.5131835736469735 1.606237784083048 -2.655059883798797
-0.3383371746741193 1.310310860168049 -2.419507770881538
-0.2156475670030911 1.854668446255711 -2.731832317739396
-0.05108489153186471 1.560640832972603 -2.49890845864045
-0.2137583712578116 0.9696029617678266 -2.432859773564779
-0.2176439223242416 0.7100762849754669 -2.688530692026742
0.07537573811947906 1.213010734375405 -2.528593981945319
0.09337759326091 0.9383457467514567 -2.807915435287438
-0.005781540885974871 1.6171015900249 -3.242781833109226
-0.0136083252618625 1.862398793933522 -2.958385410170886
0.1692918356644267 1.289713707346617 -3.024361237028423
0.1491459207537953 1.55857623501891 -2.732363978675206
-1.29195546548055 1.839002388488593 -0.9826449221369402
-1.60308610048008 1.859734253076134 -0.6726835882910837
-1.422049486371841 2.104163757711333 -1.301247021714859
-1.713788676997253 2.13521049131997 -1.040726796480093
-1.378578761503574 1.840561955187527 -0.3980137130586606
-1.058599903518135 1.81886851782624 -0.7475051927592479
-1.134081512595294 2.091714104921183 -0.3314849944745167
-0.8108748177097864 2.053329218912681 -0.6959127833939096
-0.9621104155931861 1.95408749559837 -1.152819390080755
-1.099229479855467 2.216303554717898 -1.446818651647037
-0.7025294286642757 2.186945462753152 -1.113840555276403
-0.8332184184994964 2.449381700009145 -1.413819498695471
-0.8329693315119879 2.620383389582458 -1.205548325755909
-1.114921990817153 2.662893216085652 -0.9125932531572778
-0.7235771261817052 2.360780671782995 -0.8746885936990139
-1.035967799917714 2.409594140689692 -0.531030181169921
-0.784088810342479 1.669059754012142 -1.649503935053287
-0.9754481791138441 1.768222962744713 -1.364039352662632
-0.9429048084763534 1.932953083711068 -1.889290604583901
-1.124841267150521 2.029439453331112 -1.630588307113754
-0.7229581034012096 1.753505914872894 -1.1740140814772
-0.5157752492220941 1.659939783042008 -1.491274305792351
-0.4582694449966281 1.988242356028428 -1.140661496479056
-0.2352693683729409 1.904519976639363 -1.47782291516443
-0.5146050649892043 1.743030666955707 -1.821912746866154
-0.6757490147114635 2.010404336554857 -2.058041249782527
-0.2260139362394668 1.996970845597226 -1.831635939501036
-0.3826848672292398 2.263847059727082 -2.075633417054064
-0.3024768864492601 2.4884107423624 -1.892956697561381
-0.5153381923891698 2.561940015572967 -1.583100728973606
-0.1516111456449434 2.223849634876682 -1.634725976749264
-0.3759576045501225 2.298177229311517 -1.300965686337372
-0.5429852779784675 1.290961300439417 -2.222232431029125
-0.6212436696040813 1.485468731713334 -1.975350202510763
-0.7207841994893485 1.5766626236185 -2.455590306838259
-0.7906883757251956 1.758407340509251 -2.204342250791845
-0.3424600471517654 1.475856509200831 -1.849844232562761
-0.2616265706950029 1.27155160641472 -2.117788953399192
-0.0558308984789602 1.728666131654154 -1.871542198776928
0.02129263416029143 1.523093296394367 -2.173959587156034
-0.05744548484854028 2.143461930557477 -2.593079910433756
-0.1286833169975767 2.330357256984586 -2.281303500536807
0.098626845560216 1.860250592225003 -2.357529895419288
0.02637222882553395 2.059250736067144 -2.038791963681362
-0.2599128193575855 -0.5652616103778721 -2.755138216610368
-0.1325046986624774 -0.319313978084959 -2.534298994235674
-0.5456904191917807 -0.150857396347065 -3.02110486294734
-0.3793203933320302 0.05971885925844337 -2.784622917661505
-0.114476203197319 0.3308260066814104 -2.703867930714553
0.1117084902269307 -0.02947308670212783 -2.46598099425184
0.2214657097725984 0.542040529085446 -2.836160731648393
0.4570720475041731 0.1787147377217452 -2.601497905667727
0.259982491614896 -0.4321404283268304 -2.478286455901568
0.2006804891663496 -0.7253318038539232 -2.705852982787439
0.6333010255260274 -0.2480152632117766 -2.62629153705615
0.6416255111301551 -0.5825803418936838 -2.880996720277445
-0.08870137158806021 -0.6481884526761084 -2.980648851130228
-0.3983066390290416 -0.2111195144070397 -3.249294360998025
0.4185302395341265 -0.5293922842546656 -3.187563661425547
0.09850945953908752 -0.09614769637731158 -3.45005150174062
0.4181209525185319 0.1658727183468811 -3.393994198206127
0.4322501783203604 0.4791475097159382 -3.099261292463849
0.7211861742898122 -0.2476942543953384 -3.144702354144879
0.6961556056002129 0.09538315795677083 -2.862135652295465
0.4434085945604328 -1.402264025111553 -2.190451503362762
0.4635331462940357 -1.071925368169585 -2.026782314741348
0.1222058187644062 -1.050694422611829 -2.446317959076121
0.1959192127784431 -0.7625457222638466 -2.246254861384782
0.4080713396958846 -0.4534742458149094 -2.189405869403867
0.6471192362753645 -0.7535040558209054 -1.976808663353999
0.7585290796310797 -0.2480319634615867 -2.325457418616549
0.9913565153922406 -0.5500369111125568 -2.109118854272509
0.6623217158697249 -1.545830146435585 -2.356007811554004
0.3146298113338692 -1.163148545075082 -2.650165065834776
1.150991361434719 -1.399122389620319 -2.568425759134261
0.827708258237697 -1.036027521071165 -2.856749026912937
1.104269319767403 -0.7299117054908345 -2.832666109122921
1.029409187217215 -0.3529125901214935 -2.575834097326493
1.390097620856373 -1.067607358131971 -2.569901763713959
1.27848957044248 -0.6674393596728024 -2.343556463744592
-1.38957085534927 0.4531724598264979 1.257134066250048
-1.733528998019624 0.1970693168922394 1.5401488055376
-1.57474716400913 0.753849555818535 0.9996997888773473
-1.944203058204946 0.5421177628225271 1.265719115027308
-1.519844286955993 1.136484554820942 0.8718887619508309
-1.873410992795594 0.9995959566905214 1.175316355874346
-1.281010585401462 1.443704910083362 0.9909932104116979
-1.597731131660913 1.374411909598858 1.373770571119275
-2.001589670200206 0.6346381927532337 1.54414568927437
-1.793289763229564 0.2466005864276301 1.860779371786927
-1.716649868537147 1.057682217345988 1.857301461712644
-1.553292489913496 0.6412429591421873 2.216041784069143
-1.046431233063675 0.7279424593569843 1.093372216942706
-1.217983061339274 1.01093453928532 0.8363609760990663
-0.8273775022821237 0.997782185263592 1.207180911763199
-0.9945882415552085 1.287739908121386 0.9364125060082236
-1.053121973297262 1.433049597984332 1.296083482231962
-1.358726492912093 1.3677346959737 1.769662678819341
-0.8934242742232983 1.108083640940057 1.60383812948664
-1.216405542282973 0.9767716400709775 2.129525887143513
-1.754075441860502 1.141139004183952 0.5744135767998091
-2.131856155970385 0.9930561778423574 0.8092655499137607
-1.88361204769855 1.456188088956627 0.1781599485942859
-2.260075018707154 1.349074827644005 0.382278446754673
-2.313701044441786 1.501537141619655 0.5835082955532298
-2.186780553781976 1.129282916668697 1.029867693692489
-1.993045222772075 1.9360026589274 0.7999779864623134
-1.870125487080427 1.563809246927413 1.286018224971659
-1.390856634238274 1.370164736754756 0.4257309885481018
-1.516380412239265 1.662324480619133 0.04852337184810842
-1.160251698977225 1.650017701127689 0.5127998652362127
-1.27592779397848 1.938065004201524 0.1302095063265918
-1.320930836967742 2.135472918205923 0.4021385331205432
-1.619400288382794 2.18209545017941 0.7370057829235162
-1.20948351615342 1.830537613201741 0.8197971275888778
-1.500936410766473 1.835448236607433 1.211043777865966
0.3946303804245606 -0.67715309143205 -1.768638210964028
0.3182983085255512 -0.3430043163629612 -1.567874360400702
0.1728478511196481 -0.3854689548725028 -1.972076384372553
0.1233862255290701 -0.05921967577587053 -1.764684956228332
0.2417197431591489 -0.0493626941996085 -2.175990555278716
0.193741681796731 0.2729095475336918 -1.93950902299398
0.5709776480539092 0.1723319802331111 -2.294485957586684
0.4967296567416533 0.5063768334244375 -2.019512420905982
0.2651524976159316 0.2782889772225696 -1.662714062441425
0.44672523857834 -0.003737269785344411 -1.465409435018277
0.5594910087311027 0.5109394170448274 -1.714757998137298
0.7392520000818146 0.2252276422731095 -1.515994734675028
0.9128459521433862 0.1084863912699475 -2.235177997768518
0.8049215906612215 0.4601255656999535 -1.937947956381105
1.124516138608107 -0.1866437771215645 -2.024837605254158
0.9942612405411627 0.1715840974273058 -1.734430807573119
-0.6746223777377205 0.6591447351658863 0.3041001840824503
-0.9809645925551863 0.6272821058399463 0.7590928396677681
-0.8275213295100073 0.9158121552936891 0.08256850182465059
-1.145549732412706 0.89220413400772 0.5210138324489199
-0.770957127581744 1.226166717277069 -0.04600712600887393
-1.09690210288422 1.220418648866129 0.3864235420619572
-0.5416552489592833 1.465449185086021 0.01045478223940192
-0.8747031945183269 1.479696118515513 0.4608392654474133
-0.351328400809286 0.7850957057508511 0.05558611964935095
-0.5007439361493544 1.043378521885464 -0.1571369635053284
-0.1123272287660947 1.013776047900382 0.1005708671315766
-0.2619157271076921 1.274933937975637 -0.1093605257315367
-0.316819152137263 1.450250515053538 0.2093050915087506
-0.6524274923088055 1.468749568295632 0.6957489183735305
-0.1620772918594896 1.18883969674482 0.4326272418623661
-0.489003876607115 1.194602151669886 0.9505691084940205
-0.1069774178147014 0.5061784625595597 -0.6072239059727146
-0.3360060130951942 0.6085929457662097 -0.2304042610024979
-0.260967356971274 0.7674919875775986 -0.8179744842364735
-0.4851203304396373 0.8662488181496495 -0.441752802607538
-0.1835900541949257 1.069283404754403 -0.9414764465464009
-0.4150980536563963 1.168913172845474 -0.5640243990162688
0.08919854418994697 1.294688867853754 -0.9125150503738489
-0.1626175477324396 1.396855970238064 -0.521731842132934
0.180345809556959 0.5387695874619508 -0.81648995941188
0.02289959899636276 0.8102188747834811 -1.018595406642653
0.4598986814383736 0.7465375226425954 -0.8164120628206044
0.3042891693828971 1.029104067783333 -1.006136091156494
0.3480646462862657 1.257469596721704 -0.7643951325268129
0.07776990007763666 1.370184624902894 -0.3539172785435687
0.4985532672108323 0.9743605584730676 -0.5803993434663761
0.2255414296550422 1.100885400742984 -0.1578235597711099
0.2100451697069863 0.03662553817718313 -1.285158303435674
0.09891042729789444 0.2873351468910794 -1.00898950085026
0.036449107281606 0.3121154749849631 -1.484286563157323
-0.06454723523938971 0.5558248430944317 -1.21537262105719
0.1105908348690128 0.632232271795624 -1.629887799117938
0.01377877878527452 0.8650322205582331 -1.34733061881392
0.3988099385951365 0.8658682453093752 -1.660702822606552
0.2992278956349791 1.093979368334043 -1.345614631155939
0.6832227183887588 0.8253381703237873 -1.551144448117945
0.5743975501912474 1.052044419804831 -1.218435678956063
0.8532072252905287 0.535880597421635 -1.357162399660823
0.7338252779176542 0.7605082017979775 -1.033787504232729
-0.09106167269993602 0.01834007913811741 -2.238570171817434
-0.106034230242666 0.3182523902179333 -2.018598529847361
-0.2906177108387092 0.3568029702497578 -2.468109381469916
-0.282937079304556 0.6268990591905961 -2.234522635513874
-0.1254924701679839 0.9419496964929958 -2.137184989008409
0.04674593035798189 0.6449330921968224 -1.918951596908148
0.1580532431791678 1.186744905226979 -2.2086603506116
0.3360609899628929 0.8832289065938719 -1.978976565148953
0.4127898324889909 0.8651941479362408 -2.737201571813674
0.3670208642979864 1.165818511756352 -2.441294477379053
0.6341783594847044 0.5184691881271412 -2.505763179023581
0.5614735987057804 0.8458012088588538 -2.207236745365809
-0.4440780034180571 1.091002863482163 -1.105818079822386
-0.6573151226201559 1.189274119655748 -0.7499073129634547
-0.5949412603219832 1.349324273225082 -1.348610882772832
-0.7984573033931461 1.448664105082159 -1.023052673926104
-0.7989902816630314 1.630117729926717 -0.7763205037961087
-0.6670954145395841 1.368142366812748 -0.4804458172259026
-0.5492429286083848 1.86195385131507 -0.7300649436663303
-0.4246658168941713 1.600481020641036 -0.4313590490122007
-0.1668459418839368 1.146354504582598 -1.293279992068202
-0.3215129107725672 1.413731387476537 -1.527866256204494
0.1152033223237787 1.380177112756696 -1.277061278266747
-0.03732496172668403 1.658433579275993 -1.522115072540441
0.02651997243892778 1.886099251891703 -1.302432547789065
-0.2153941627166253 1.969136091592779 -0.9380622518312874
0.1689694724311518 1.608418089220075 -1.041283163956597
-0.08758201426188621 1.703487878944994 -0.6548044882081216
-0.1693455830862644 0.6623407946184727 -1.738292688586311
-0.2604164675728955 0.889391581904261 -1.482009897966375
-0.333160034533888 0.942555771301905 -1.948569167672271
-0.41970028855061 1.155165528268671 -1.699773276086454
0.2980946700689273 1.49494467862031 -2.057931505439991
0.21783945141101 1.708057554887553 -1.729215215961347
0.4696954234194233 1.195780104228392 -1.818625247290888
0.3767540670576921 1.417587805485948 -1.484086923163782
-0.9964168252154906 1.242109035221849 -0.2609990647703034
-1.319712061633598 1.230799221221 0.1413431830241695
-1.130327906919632 1.508758551800391 -0.576591790677659
-1.452268978483165 1.510853356578002 -0.2098411212399667
-0.5908942867986878 2.036442961130406 -0.4559351521135939
-0.9239886470210132 2.081685013630298 -0.05600827687098481
-0.4765759092691111 1.775411415730408 -0.135834810059412
-0.814342102947729 1.810054037888243 0.3019803404969407
-3.479300025791098 -0.4486853344119571 -2.347211814882924
-3.11111831301219 -0.4682550914102831 -2.649572589517688
-3.598967403867424 0.05932586407727476 -2.631708452350808
-3.264089476216938 0.03917201417830568 -2.922514620323834
-3.843635143568072 0.2200778046356175 -2.885518753321925
-3.496522276594163 0.1907371052892946 -3.234920752758879
-4.134632352665206 -0.002228932514131965 -3.022866648384409
-3.729904306725484 -0.05432525782227446 -3.472336447254265
-3.154117192103177 -0.09479918573127127 -3.269927183803258
-2.982879734617122 -0.6146123908649187 -2.999981190834982
-3.344177080801718 -0.3598925992117095 -3.558494399329697
-3.172029738371945 -0.9007749210956715 -3.290100402377655
-3.149422354644996 -0.9796040139072405 -2.623298773705866
-3.574538557291524 -0.942470191490135 -2.246295868029376
-3.384222705699301 -1.274100827692113 -2.860649144468809
-3.874353302610967 -1.209001270251932 -2.380607546536301
-3.873297724124431 -0.5218315183457825 -2.182535322195268
-3.970437868544959 -0.003839025863103755 -2.481779124691493
-4.202899121109393 -0.7511184608511274 -2.254661323002284
-4.295541177957406 -0.2149214486843363 -2.556145142149556
-4.26133441257546 -0.4778189388595631 -2.93945280576945
-3.791876045852705 -0.5540983090511564 -3.461429803735099
-4.151063377748891 -1.028066216437294 -2.654717918887382
-3.640998848104318 -1.109033945959077 -3.190636836439637
-3.725557562888845 0.6422796932431655 -2.96195428977395
-3.438991243834838 0.6403827911094053 -3.249218347232844
-3.807416352154998 1.063593835313313 -3.169194533500923
-3.570294302141711 1.112216699321608 -3.458244614735212
-4.02035177462633 1.223290801007514 -3.318093132016051
-3.783935124121096 1.324129279731473 -3.6578801360325
-4.296393885825363 1.10838564170829 -3.463219224419145
-4.015350462208243 1.208526651365257 -3.872165208757548
-3.501047874889609 1.06808073550083 -3.798422244049675
-3.351175228998112 0.5433967256059377 -3.591874409911032
-3.690032892025087 0.9083853850848245 -4.059348707320876
-3.53880620583895 0.3250891539266636 -3.868515340601341
-4.058629088617666 0.5914926187359673 -2.830318736107841
-4.096445784796809 1.006518094411404 -3.067954864927881
-4.37031573629677 0.4179487789183249 -2.913393762919625
-4.395151824322804 0.873322158800669 -3.16924542386796
-4.424223805429338 0.7283554766568825 -3.491317276952369
-4.079146703701729 0.7542054523837939 -3.956811951642698
-4.361757081201342 0.1983934710724065 -3.27168684809273
-3.953168073754674 0.152665796473335 -3.769991400641237
0.821262880800979 -2.65261210597788 -0.838393917367303
0.9625124182453618 -2.586877512497683 -0.7327473208915231
0.8166771530885271 -2.203075394564983 -1.479585244729752
1.010653955461719 -2.205968580564928 -1.259614006604346
0.9077676535897163 -2.072442795434902 -1.900299990929157
1.15533620600842 -2.121295328252149 -1.589205897325043
1.094097067872279 -2.316470463667412 -2.090019248018549
1.371062971897084 -2.351228831919254 -1.743059995546846
1.230504103947841 -2.346529958095172 -1.1579876444369
1.157292282124253 -2.656691194009472 -0.6813731887975498
1.436682793052688 -2.536504720046271 -1.256999256182755
1.349091374200353 -2.814628070224554 -0.7470521826072147
1.031536584345119 -2.919410489105334 -0.3977748305677579
0.8982320292083804 -3.02658920071418 -0.4659258894955733
1.206301397055377 -3.066768103454391 -0.4759202562462015
1.035316565778492 -3.186563636086508 -0.5865353211975662
0.7817998852756883 -2.832375390847524 -0.9727716100289995
0.7240216594642392 -2.390281786653539 -1.68969840405376
0.8927065218770729 -3.025644576026584 -1.126938797388378
0.8454746715840031 -2.618702794449325 -1.870543284682543
1.153071402474175 -2.703747879035761 -1.841172536192
1.431805071851563 -2.670357013917712 -1.536798900624343
1.124089333948769 -3.067376190834989 -1.134321326662784
1.350316691153561 -2.968370044674608 -0.9379619157120977
1.220407827328228 -2.283723183612066 0.7251293660293614
1.060396284041619 -2.29197685910599 1.085690997154412
1.312502263272781 -2.165527268960203 0.7186423393330733
1.136501621252183 -2.198926020761292 1.142452255870016
1.468005020315358 -2.131146563475896 0.8052318850338032
1.241056551080486 -2.192345935890782 1.241275182612839
1.586964075711293 -2.184570670602634 0.8630136362697268
1.315021048359204 -2.255335360559147 1.304989731153878
1.031966057089448 -2.244246500499834 1.443912476995335
0.9759046643823885 -2.336564332418887 1.372516323455512
1.090917953167636 -2.309890884156908 1.529460135566364
1.050031395915799 -2.400500703246183 1.483167326903598
1.083204383628571 -2.396463628243202 1.135651236108471
1.251669806054758 -2.390292448535684 0.799469194574268
1.18250935388037 -2.458121897018443 1.245643210241901
1.375380761707403 -2.450330754820767 0.8836268593024763
1.370037214108038 -2.31575871476649 0.5422462266791341
1.467880359315846 -2.167270753124521 0.4760774356297204
1.510762253898126 -2.368482999446763 0.6076395455134849
1.615558929424817 -2.215598349756016 0.5391353304151684
1.585083669800733 -2.281058238636371 0.8707500602632537
1.319705229301069 -2.334432125297468 1.317636213730917
1.495852208537594 -2.406855165100043 0.9007675318925611
1.268974229792587 -2.426655365108823 1.306729731490332
-0.4009980158133278 -3.478662021610909 -0.5920912848178648
-0.1087373076817253 -3.310732182466291 -0.7141023743001456
-0.8590062480332499 -3.283280657099731 -1.127556461566725
-0.4902098824076171 -3.097955919394243 -1.302847830809356
-1.164441002019782 -3.282699073450036 -1.507817600312069
-0.7230625323116056 -3.072346375840849 -1.733424012454879
-1.22649794777991 -3.579847433787171 -1.649672785181185
-0.7248623992620924 -3.337784268389405 -1.913881622641663
-0.2262123740809749 -3.087341581873212 -1.502222231956083
0.1039326419873688 -3.324049013981728 -0.8694765713621737
-0.1898119990999824 -3.334008044127752 -1.680625448969319
0.1484015345196781 -3.558542616623808 -1.029065251714768
0.1382613213255454 -3.557612474469125 -0.4074228071979633
-0.1389397086022604 -3.719571092800424 -0.29083211451429
0.1530512592121629 -3.792064376632617 -0.5366457661499515
-0.1859110147341467 -3.965617088970024 -0.3700392360935725
-0.6299377706482542 -3.7034427123439 -0.5247800970103539
-1.138865244328572 -3.524585410707466 -1.038725913908848
-0.7118911837377088 -3.976277889589867 -0.5850025608899391
-1.229310664697325 -3.824857727523741 -1.127301083619447
-0.9811476577877726 -3.927638674763521 -1.394740434946318
-0.478712380690477 -3.682828095038046 -1.663288644936196
-0.5099243307542575 -4.068929555768459 -0.7995609924708332
-0.08195638327875683 -3.86188458470951 -1.026277096965895
-1.375542569730909 -2.847857360054633 -1.671956330632526
-0.9486539377654186 -2.65611154024222 -1.892344100704721
-1.738082508943623 -2.33550244363031 -2.012183993825911
-1.296127460859103 -2.151770672612133 -2.249270276170317
-2.002763559888671 -2.163660582429079 -2.351824817214327
-1.518182990353283 -1.96212780480836 -2.608588515156778
-2.111433763905239 -2.455068895476929 -2.602603972213124
-1.557785604736578 -2.209316892860333 -2.88589029309707
-1.008084317580632 -2.138686658556212 -2.530348568808338
-0.6582527023504161 -2.639763537958736 -2.141433584292977
-1.003166543874231 -2.366161003552221 -2.788715770708583
-0.6362183444089595 -2.87953051975644 -2.358863292479485
-1.704889867937706 -3.100624259100807 -1.585219990974878
-2.093661046266769 -2.589855171384053 -1.949992552002699
-1.818472312673114 -3.415720742138598 -1.724962185550768
-2.233724093320194 -2.902244971671822 -2.14058148867027
-1.951911290852867 -2.996878986021507 -2.506559224928217
-1.362548730239394 -2.719238896500119 -2.810963247994524
-1.539510595944537 -3.518398822183415 -2.05210752986817
-0.9744587528820743 -3.245265040288238 -2.351769796730307
-2.112461737183635 -1.625617314042881 -2.372801780825988
-1.674777088131232 -1.463475455276183 -2.612351666047062
-2.361128545838921 -1.052748094585244 -2.648004423017611
-1.936269473557039 -0.9108214442971785 -2.883200604502751
-2.578893084678076 -0.8827630659851947 -3.008667153920216
-2.114197199482567 -0.7235323681250799 -3.249647640886028
-2.71313094553226 -1.16032002727682 -3.321213286044787
-2.168297452365346 -0.9576411383047057 -3.574027321956283
-1.672224345158432 -0.9263449190097859 -3.196153570075007
-1.398100521948326 -1.462559396781909 -2.914930341500136
-1.687416573906204 -1.138422217023322 -3.513872220569395
-1.409891370541996 -1.679657594037337 -3.21622261390573
-2.483964310188949 -1.875373314215737 -2.349231753217692
-2.733659054279511 -1.295100730172375 -2.650063636669634
-2.651831819408278 -2.18047201149307 -2.594567391721208
-2.915085463595408 -1.594424482914918 -2.924592608317978
-2.652161786112313 -1.683827219391454 -3.325303185508657
-2.053748032972847 -1.44104124351748 -3.594918449925764
-2.378574183585016 -2.269150843708438 -2.988274162681055
-1.778912963745679 -2.005513663617424 -3.277584720258361
-2.619679868826489 -0.384246858984502 -2.983227754425794
-2.214286538995669 -0.2573515459786552 -3.218106417105787
-2.80362685544341 0.1222769244097077 -3.25504517223764
-2.41229938510141 0.2456453837835303 -3.494561369181469
-2.997099318149433 0.283679119166075 -3.61284432506889
-2.561950422764532 0.4226747641122344 -3.857616991941569
-3.135356665278137 0.0489811289210772 -3.920458167253425
-2.618754110100361 0.2160822466828092 -4.170877772568836
-2.167093477778282 0.2149396072158491 -3.811935037322185
-1.962617905568627 -0.2860219653481191 -3.53656891603964
-2.182921309291278 0.01566644342460071 -4.1275375608674
-1.97790614806136 -0.4934659263358232 -3.858442709322871
-3.112543303554871 -0.4422621158220603 -3.956635739306171
-2.536805877181101 -0.2434494188831914 -4.210976735784669
-2.925260243652911 -0.9897603314146992 -3.691304874888302
-2.336909990939086 -0.7719979608218962 -3.946808995421439
-3.017543041995643 0.7348488276113392 -3.587016610425222
-2.636949485266314 0.853353812215715 -3.827927498087109
-3.17599025515578 1.229450613867758 -3.808808558624875
-2.798061975609115 1.341671416943638 -4.050775905518015
-3.353713057225942 1.465484830603329 -4.054999002379843
-2.933166606187901 1.579450630266709 -4.303904227780527
-3.50657157728884 1.355403032282631 -4.318181869698884
-3.017425682568528 1.477015305634098 -4.567704741678403
-2.563753499703926 1.332891679267692 -4.338396680250655
-2.396394493761751 0.8287709007544106 -4.133461287276852
-2.598863797119485 1.197894826074236 -4.618439208019963
-2.417561480671444 0.6535936817011337 -4.433439886197868
-3.497250268618075 0.8815883677384815 -4.433897888094475
-2.955046243625619 1.0201201245427 -4.682232673914211
-3.327267519503173 0.2639443164622076 -4.255791231559097
-2.769403897126487 0.4308588026548382 -4.507475567787637
-1.523687778309009 -3.058564354577431 0.797183347971962
-1.340137528988973 -3.273869857094558 0.3789669203664661
-2.172313038814985 -2.725256922947148 0.549616929565416
-2.000988341469899 -3.01040092263022 0.0858984711620544
-2.678492396356752 -2.634382724940304 0.4410577246150109
-2.499649181737281 -2.972611358519321 -0.07538463220707341
-2.92019513718313 -2.863669378734779 0.5522899852451969
-2.721390821785231 -3.239963447376176 -0.0200704260568258
-1.95649126833573 -3.327621199269643 -0.1704363681121703
-1.286464917823521 -3.555858161082093 0.1661651761086339
-2.137147463272439 -3.614889688879851 -0.1404929243193404
-1.435519791586843 -3.836006172845025 0.2110321386603922
-1.000089389081137 -3.583612540848595 0.597067625041415
-1.209707324563041 -3.404290710275204 0.9989985660437555
-1.148601885438838 -3.853831773236895 0.6684971789754449
-1.385957837318019 -3.651888654590378 1.097635192736877
-1.713673430080532 -3.03901369294362 1.129794876730891
-2.362370827003783 -2.649559877595073 0.9191090800949593
-1.914172068928948 -3.256014596952785 1.25583559501496
-2.591253138666777 -2.860008140202234 1.056405829804576
-2.665729575544654 -3.25225292686475 0.7944467315186879
-2.444688915102545 -3.615651398033294 0.2232081930288342
-1.953363385883694 -3.603098846478045 1.028407829215416
-1.712391658831218 -3.880518641346161 0.531441427692896
-2.838495278182439 -2.232109916580858 0.1697452256674106
-2.674031663141445 -2.562150003267659 -0.3198325802932112
-3.243796534378856 -1.762479825887819 -0.1970684100716751
-3.079326456983955 -2.094259929043055 -0.6812804970136345
-3.644699151758078 -1.57197534793393 -0.374481866319042
-3.47266646498522 -1.923666064426052 -0.8967407703497448
-3.971686233464462 -1.764888909053155 -0.2756006182886105
-3.787403033367237 -2.160191015543989 -0.8762517803504439
-3.079950937079004 -2.413178539191176 -0.9798885940024213
-2.651096253556172 -2.893298316711935 -0.6094495171998219
-3.353425932903552 -2.683837316503961 -0.9985328600299765
-2.88118926648691 -3.176527431125999 -0.604169072326082
-3.042915690811714 -2.111670594705673 0.5614910884736107
-3.468226880007541 -1.626180732578784 0.1914846217013098
-3.314553855929838 -2.3078062534839 0.707324952859429
-3.776512755167209 -1.804480829730397 0.3373655835821298
-3.928464118944692 -2.220541693443019 0.0382155175990652
-3.732783743974863 -2.645298200144877 -0.6114618619371992
-3.433288449847927 -2.726796529068841 0.4174392704943004
-3.229533679227806 -3.145767586681487 -0.214177891118593
-3.607101595609068 -1.135401440068074 -0.6747738759873193
-3.444075030326132 -1.451053791188426 -1.135393889270325
-3.807509883228406 -0.6154189939172962 -1.056846367312375
-3.6510879691172 -0.9149328331609445 -1.491650044410117
-4.118359790559523 -0.3836777159458453 -1.246669100891018
-3.960971980894345 -0.7104883400935258 -1.711052319022214
-4.480469591202724 -0.5266773555086367 -1.180798299632185
-4.309701246652969 -0.9134761776025817 -1.72269313014194
-3.690363623783837 -1.193159848970631 -1.782212565553004
-3.469349396680033 -1.74639921279121 -1.432937891340606
-4.016251427676059 -1.437237850393872 -1.84493920833285
-3.781214603055137 -2.00108094371956 -1.479188412692276
-3.849371594202519 -0.9895231392873429 -0.3069454642143022
-4.054120985655266 -0.4638859941014489 -0.7137119518333765
-4.190130825399077 -1.139066610709152 -0.1722147528341938
-4.408912467763816 -0.5869056962681504 -0.5952241649252189
-4.604602072031486 -0.9669366467959176 -0.8890614270638638
-4.422293981542178 -1.389541780931662 -1.502806424425445
-4.371721307689927 -1.537503402665354 -0.4723477779470412
-4.183593412636306 -1.958709992626082 -1.113232200951619
-3.956945699015332 0.01986166104825962 -1.51203253202485
-3.817902114952683 -0.2609758740221896 -1.908642398282067
-4.018707483670423 0.5110009063015702 -1.863561986808116
-3.901053192132144 0.2422543099015195 -2.224931867727269
-4.269122470358903 0.7429747456460419 -2.056862312186951
-4.151382359747898 0.4374473980586254 -2.429885520635354
-4.637529629412924 0.6542404726621575 -2.028837771951182
-4.494227984262748 0.2796499678252632 -2.458946094566741
-4.202143632780824 0.1759491257530209 -1.204631627472857
-4.25758777335285 0.6707052288428256 -1.590473832354365
-4.569590093177298 0.08537120128638508 -1.108064178099405
-4.632076471811459 0.6060563391603009 -1.51522126340078
-4.846852168892372 0.2758268108476375 -1.768899044605519
-4.678844581548399 -0.1460009276070825 -2.2745691930647
-4.777049381271883 -0.268482472849894 -1.382940553452182
-4.601142397603398 -0.6928401204417948 -1.944220942960016
-4.056727978186463 1.067917580081079 -2.280775742614878
-3.971729013935791 0.8088435209148067 -2.592639542586709
-4.048998248473159 1.46104423481401 -2.614016876253864
-3.990829190188494 1.194514000830335 -2.86206484903406
-4.21291403916092 1.658798503948229 -2.869905851538167
-4.154426211383853 1.326718846499187 -3.083468495402298
-4.539593909079445 1.638898510289689 -2.943739963736901
-4.458488687131296 1.241668133422757 -3.182765759442598
-4.276317029001965 1.23736607973399 -2.064030838679105
-4.245655231321042 1.647369568224963 -2.454472331004944
-4.646336802840521 1.208496676242477 -2.031974574006515
-4.598766294001028 1.650300786414384 -2.473888355332008
-4.81660621232102 1.374136020607815 -2.698687767466575
-4.70162206820424 0.9632357262574905 -3.02145253428899
-4.86657024238987 0.910455651873332 -2.263279570215561
-4.720782510795983 0.4993302697354702 -2.683295304171758
-2.654699089988101 0.6793952005282935 0.8431905808442473
-3.075034866767292 0.3228735269717826 0.6695204195519535
-2.792801348386407 1.08304666133622 0.3971558570015086
-3.231645510133268 0.7622368571045138 0.2242588039907075
-3.04164992153488 1.377592374827361 0.2730977135474341
-3.491050604639264 1.039687083027659 0.09543607215394595
-3.31870568302363 1.446631640086596 0.5441894938812774
-3.801030093272317 1.064098823687918 0.3371405479035743
-3.660756438308875 0.520162672135322 0.2012637719422626
-3.48780005627605 0.0455077180929394 0.6472366765414532
-3.980004758845768 0.5057898429216777 0.437290339691261
-3.799522396407569 0.003309662074973947 0.8950880048407985
-3.126400811047743 0.02285246338393512 1.09805384395335
-2.71534250184702 0.4294496323124151 1.282946558582118
-3.418945415635001 -0.01189426394025426 1.359044358180663
-2.981796130681468 0.4455263287639225 1.565943302166448
-2.542033081533763 0.9118313448994135 1.052782405908358
-2.67128538320083 1.306792567818354 0.6160653042328827
-2.794647763432064 0.9899343419456609 1.366901889775486
-2.92913483015659 1.414241714317493 0.9118924093270983
-3.415360576264288 1.219708377820242 1.011154574386851
-3.915581867720346 0.7856449312989198 0.7858905964264805
-3.265730376104031 0.7579386653803203 1.474793912463973
-3.744432606651262 0.2878015354301073 1.251075315464682
-2.157455029499721 -0.2346754748432509 1.660811758773932
-2.450062380139161 -0.6763831720647824 1.564367878762074
-2.422736341003109 0.1572275984499336 1.344127601956611
-2.787825602453017 -0.2364245987266511 1.192798610812946
-3.156927444861752 -0.5594283710381567 1.176648446206748
-2.758298524242355 -1.05502299932736 1.571304611258402
-3.449729961719407 -0.6411192480703849 1.422721624085914
-3.018528954698036 -1.167203153461725 1.808801976696002
-2.312853564446713 -0.9687769237638891 1.899179626864722
-2.072157495627707 -0.4946856123256304 1.992965731466517
-2.528718144854755 -1.071375282082574 2.139969171406201
-2.25945160140192 -0.5470297519905375 2.257632256832099
-2.081580441789201 -0.006083431924323412 1.838276664065477
-2.327078936430027 0.3899227177070751 1.550841560104876
-2.299781987388867 -0.02884681021056259 2.174225956992156
-2.571210840727408 0.4194479710613654 1.873382607720457
-2.998480586388027 0.142829296100709 1.983967427352799
-3.416507087748232 -0.3613941239688643 1.770380995786715
-2.664285615468768 -0.336207273246858 2.297634429042193
-3.005477216710333 -0.8726089435972881 2.119062502835161
-3.011630266680216 2.320134462088219 -1.174851240235306
-3.397011290339318 2.100465139851483 -1.303647124686065
-2.976838286696465 2.602479247786035 -1.595325077032569
-3.35099181150231 2.410166974675934 -1.722755092360592
-3.108383669644781 2.884815701010925 -1.790545935005503
-3.493489481680447 2.681981887958576 -1.937527086207107
-3.384229435854736 3.065179642674045 -1.686890218942298
-3.810801033285616 2.835137730158052 -1.878742453055874
-3.770804428286415 2.332995378679671 -1.798272065561234
-3.821623105880181 1.982531328829611 -1.354634180338995
-4.107698275645569 2.448004242171674 -1.730754204743191
-4.163966081280393 2.060004100071606 -1.232163422302064
-3.605442489665026 1.938856236463172 -0.9299545098182327
-3.190181843535507 2.199679833953795 -0.770321530139377
-3.931604061504347 2.014308410883828 -0.7538467515773773
-3.480951316723509 2.315308232169042 -0.5551453252026332
-2.927066194839128 2.520349045665248 -1.012828303297543
-2.896890374606631 2.803187668585997 -1.44944947238533
-3.188352201726242 2.691851392887628 -0.7978340035656381
-3.152011011176085 3.004979098103552 -1.294847135600489
-3.614455446950508 2.976951219130509 -1.296670876130387
-4.07079833421616 2.707981735847474 -1.514390072005774
-3.662207343160269 2.620279612499587 -0.7546762499886911
-4.126997084267853 2.316336205742597 -0.9750185996451001
-2.920606297757726 1.561237189242199 -0.1730477932915927
-3.350643134555976 1.279650294327279 -0.3299070056227515
-2.986575959691753 1.91993489975961 -0.6272410282932794
-3.396357182307085 1.669117725454927 -0.7705552280806002
-3.826777936250671 1.503333378555655 -0.8024322072606991
-3.784476302395666 1.0796809324055 -0.3547269890481957
-4.165315826104666 1.54136808944437 -0.6247509349044668
-4.113785023134968 1.094265690274261 -0.1454957280513294
-2.806307792876469 1.771848108644239 0.0357364665421785
-2.886787130563527 2.122771228084933 -0.4340223543993749
-3.067268799430509 1.90094286612228 0.3160541761091833
-3.150702988045563 2.267222050277347 -0.1750447616475481
-3.635633781826625 2.147997935625487 -0.09863750891748324
-4.118290569624216 1.799594003695231 -0.3230200089383125
-3.555875497254973 1.747992962791554 0.4071929489500752
-4.054030117834658 1.361784466281787 0.1820464213614408
0.6983792297732818 -2.263001576160993 1.460683432484721
0.2983852757888759 -2.197743666776312 1.68245574626557
0.7548839146174653 -2.146559923089155 1.580753217239078
0.326821996853939 -2.016296397705195 1.83687374786016
0.821271761080419 -2.128539026811674 1.711408333299001
0.3860042935530562 -1.959804482498746 1.995355090804078
0.8546848342477014 -2.191145978186781 1.79006999564431
0.3992781838681262 -2.010524443179867 2.090229084508409
0.04589972186566545 -1.943056757076614 2.022577607629914
0.04141372407687798 -2.186076094556039 1.873631410156959
0.0627987428435583 -1.996915525785051 2.145289747157468
0.06591720530990833 -2.251992106828117 2.019078522486605
0.3119033031116271 -2.357266569200033 1.671712467393653
0.7133853590400203 -2.388454909443826 1.477192117013663
0.3522427625390874 -2.42888314961907 1.822909837646942
0.7790131937924726 -2.455918726109559 1.613432538870768
0.8525178702540144 -2.287942001915158 1.793067087658679
0.380684317444923 -2.144223648918601 2.085761098576638
0.8279888518705667 -2.40930638786273 1.730264755744867
0.3763503692876837 -2.346756158798106 1.987084730573411
-0.2311919671875146 -2.103435184093292 1.85033792152896
-0.6253813713957467 -2.061685274269001 1.923382109986408
-0.2676704791133357 -1.82260353790637 1.986415012364494
-0.7461278260462737 -1.716464248364688 1.998626318789768
-0.2563391343601931 -1.659280655892796 2.124737412258575
-0.7779162921297569 -1.539842104811957 2.131008641951005
-0.2502358578416503 -1.709362698276068 2.25411097655549
-0.7763610104251799 -1.606089277335216 2.291739923385739
-1.046069697524058 -1.722046510037405 2.100302322633366
-0.8583235746301849 -2.104079196222992 2.053232306036092
-1.070635270306325 -1.797137707452906 2.284765481508928
-0.8747482744426123 -2.16744703622745 2.237043859441989
-0.5185923515808684 -2.309138330409534 1.974101012300073
-0.1768807548113566 -2.313775741708145 1.859725070924236
-0.5144463563175758 -2.369004030956132 2.149696808795114
-0.1573454199388825 -2.382215496326329 2.024799948068547
-0.2376561678957738 -1.950200968529295 2.299803615776062
-0.7476035457087192 -1.866371963934254 2.374922768128213
-0.1897876466301309 -2.24848672184671 2.199325415972773
-0.6180527739380106 -2.20312442793917 2.310314785925959
-1.051447090058808 -2.098532838893793 1.933104869826374
-1.326905473357386 -2.217423435988575 1.857111773982536
-1.306837084070126 -1.658832023960344 1.959065866100765
-1.733878438745678 -1.681110089390364 1.848302889071636
-1.440954865429107 -1.446019047889017 2.094510495118613
-2.001142980521159 -1.406222476979159 1.985456229300409
-1.500573121060547 -1.53699130221309 2.295348904118148
-2.161669616981553 -1.514902516422428 2.204379266526338
-2.086575979067712 -1.826259248499102 1.841894506939888
-1.549505895010411 -2.390001385840062 1.87984438402721
-2.283841571106534 -1.940948511058839 2.05536177179967
-1.697040034880477 -2.488090602317865 2.079063245053137
-1.096306055510774 -2.57553262048912 1.984010285487493
-0.8721520352515594 -2.405045051084879 2.032783472038244
-1.185334692820207 -2.634490252323991 2.183727817580149
-0.9095299998960208 -2.4560188340374 2.224586562811711
-1.449670355915589 -1.846081117531019 2.40215954483258
-2.061775084114674 -1.910507908815697 2.320363515971528
-1.158211389639219 -2.244473832863694 2.367081685991756
-1.575740045510966 -2.393086300192262 2.311125737377776
0.6879929264720083 -1.944640694135479 2.153435381056642
1.025289177626234 -2.087822765696486 1.935907981768396
0.4942385060937288 -1.913036255134969 2.018803543559281
0.8795316541199233 -2.078424114929929 1.761164647793728
1.124500953322398 -2.174125804707066 1.590748291586035
1.256609833358489 -2.18642162569791 1.777399458914539
1.162354286177027 -2.244887839548512 1.642017550635138
1.271110268069881 -2.268413069387472 1.796448189662146
1.10879523223739 -2.150743968755913 2.061300211956471
0.7668192370798899 -1.99969434697035 2.268801145568571
1.08534532489232 -2.223076101239156 2.079881333456294
0.7128296836245837 -2.034114767496288 2.315096700118188
0.5063915095204039 -1.817800574429672 2.277213074914366
0.2831392611896992 -1.772458790819802 2.174496818762038
0.4618450362699378 -1.834151300905744 2.34310927913656
0.2711576920670727 -1.802355468252383 2.259775420911966
0.4880790793415695 -2.013528897764094 2.196466811424215
0.9223655833691388 -2.222041885387851 1.900536670289452
0.6131369012030955 -2.029386744806248 2.282743427971778
1.010825103352433 -2.241632722956273 2.014933006664382
0.4733937602789827 -1.327267599172504 2.225153779767364
0.45153651586661 -1.634872372184751 2.270654909292404
0.2597630380722332 -1.199959119543049 2.068343633771034
0.2129206110124133 -1.546853237119399 2.147711240614189
0.09239056516495148 -1.113076833743146 2.040264448993512
0.02028381987674197 -1.507052764533868 2.147527395575569
0.08349045219497044 -1.112042281965754 2.139757476918184
0.006958053625241174 -1.531883903551398 2.248333210635847
0.5310234235207044 -1.684339388118283 2.393506107525032
0.5458481409602283 -1.367673627296013 2.364508107938572
0.4589763094012826 -1.669936051810492 2.456491018431113
0.4826175865611733 -1.320864308028599 2.425606378726038
0.5482030503594568 -1.118562986258643 2.182545744146615
0.3744875345828764 -0.9782832253588994 2.007223404853083
0.5225679364247808 -1.071182037958726 2.236548520104226
0.37729777947686 -0.9578139295623903 2.0801031097176
0.217505627814148 -1.166699398958035 2.238273638219616
0.1676256060437526 -1.5765526120145 2.332940838612268
0.369804160134766 -1.248797968752745 2.365555213411204
0.3380056545165213 -1.624399232199598 2.422930329385156
-0.1450512031097124 -1.040331353002347 1.960072035771751
-0.2453145369807939 -1.405908311839434 2.056645558341882
-0.5682296475628686 -0.9165236044015705 1.946681839748863
-0.7174766965596959 -1.270163247081782 2.020719796794047
-0.8835158540297622 -0.8825124094916561 2.071662917042186
-1.047091841745408 -1.243946004646275 2.116680193871988
-0.9365070802627988 -0.9579329318466471 2.280391268331315
-1.089688896341917 -1.325665869485769 2.30146502835855
-0.0483897516947398 -0.8379763590873384 1.937392966291385
-0.4788497731846907 -0.7496103007066879 1.986715826892359
-0.03899769401552686 -0.8484759334415308 2.088069390899068
-0.4990013175887481 -0.8058511437216721 2.19936132708089
-0.6228624819632167 -1.048289262017746 2.345228174942465
-0.7519467794693083 -1.416662114321573 2.382714466539971
-0.1565177447814263 -1.089550374540251 2.241414024404714
-0.2512542767315735 -1.496420100798957 2.32671056682301
-1.162476186528437 -0.7527066447645464 1.936637808708791
-1.346453750288304 -1.134636684109414 1.97421678799758
-1.662422888697027 -0.5866687455363814 1.887523044016549
-1.866377827351687 -1.024722968341233 1.878034478454902
-1.077538134230356 -0.5856909870581513 2.035561079274119
-1.579205503169228 -0.3974000448786743 2.031741613263686
-1.16932210923602 -0.6682030601312123 2.315806449132561
-1.743569410588118 -0.4603843683366308 2.344422566032649
-2.015331892205409 -0.7588991536260754 2.478499784126345
-2.235471547462198 -1.246999261596748 2.386986705628387
-1.361246845649074 -0.9394020981760074 2.461222935620269
-1.524358501871963 -1.33685280980102 2.434291041368717
1.120039387057681 -2.531689397244912 -0.5138121915539937
1.238452333948 -2.480063217927524 -0.28350975463703
1.191745706218511 -2.25897094395513 -0.9105512241189335
1.314772773786181 -2.292957987565025 -0.5813566264238127
1.359339644542559 -2.192081451118402 -1.142186910173394
1.479296170467219 -2.223220405294443 -0.7591194167679793
1.593965636622471 -2.374115241511407 -1.234951563859527
1.706717404305478 -2.352694270383258 -0.806880223067918
1.497243766277323 -2.346631187762488 -0.3825087102994936
1.400707269261146 -2.489582213103012 -0.1250266091738323
1.690455874325651 -2.42515825166541 -0.3922724852197799
1.578906801881371 -2.569487198807066 -0.118736890405327
1.292593196863841 -2.64202019495979 -0.07960493140958404
1.183907142834794 -2.772265625237043 -0.2492440140141904
1.472000138316142 -2.741617178358716 -0.07802410762527562
1.375664493236771 -2.89665235713812 -0.2785132686728455
1.661861203067146 -2.618228687259438 -1.07159337763731
1.775590327695057 -2.53815186036764 -0.6581021772755867
1.554746874830879 -2.836700690830288 -0.6122699946732901
1.656954128151438 -2.703016002410465 -0.3103541913574084
1.324513700352096 -2.395176266987133 0.027252743702475
1.310099501262126 -2.318059791008243 0.3122370054701109
1.392077666168052 -2.257085219451637 -0.169425243252379
1.394821621990182 -2.17614822338985 0.1867554598735062
1.547578176765275 -2.177522991124921 -0.2867780299875838
1.556999862616913 -2.080209450676304 0.1223901824542751
1.755623054961154 -2.257023136053723 -0.2781403231636194
1.740559825399864 -2.137994350135283 0.1730514096259812
1.351097243177745 -2.424958725144066 0.4213538367655962
1.363129689731326 -2.501726518231179 0.175086435688292
1.496731281103021 -2.489340852805894 0.4755636498149894
1.52214897880701 -2.576712779064567 0.2071567589213341
1.814740623066971 -2.401128845226576 -0.1413075617757827
1.76935842763492 -2.287157614883868 0.2902420450638947
1.69617404185353 -2.540544625681736 0.08377198169362486
1.652048750744991 -2.442637881339525 0.4232104362298647
-0.3631557490731151 -2.269398890132929 -2.10548876790142
0.1123028764002869 -1.879196212288801 -2.209464782779523
-0.6973623341587124 -1.797439514345425 -2.459276953869221
-0.2292913241878213 -1.451880129184411 -2.535778478936429
-0.8922781407836834 -1.615146326416425 -2.822593083140557
-0.3998983945565269 -1.301465756364433 -2.890895187410449
-0.8755344291817025 -1.82250786666132 -3.111088000562603
-0.3406983840172282 -1.502129597060905 -3.192921441757399
0.07711684032216148 -1.372742518461086 -2.711420238574723
0.4342672515922124 -1.77814600994682 -2.388278122609895
0.1946537564089587 -1.586389990382344 -3.015513270029857
0.5705099868125639 -2.021129278857248 -2.642662205233874
0.3629926854545967 -2.286274347624413 -2.069707136268863
-0.1286141827678725 -2.681538247097054 -1.964322282482812
0.4582339375951776 -2.524352776946803 -2.279544943169129
-0.07501469517553033 -2.922665568472681 -2.166432844658512
-0.6388037304031811 -2.284628392619473 -3.053078683424333
-0.06947262354674098 -1.928662075149506 -3.161620695800385
-0.2663728426670674 -2.79295373780114 -2.609831665638157
0.3093583248188828 -2.400798647456321 -2.740602856231924
-1.09258467175939 -1.170344171348089 -2.815609095842104
-0.6378568617784226 -0.8916228137378565 -2.872624646877336
-1.378399342214257 -0.661197917663547 -3.088183252106864
-0.938742121353346 -0.4280160753563944 -3.145169477830515
-1.530196943220595 -0.4718317643163927 -3.454590769074862
-1.080509276125709 -0.2527606035716503 -3.521655523843263
-1.519315050455004 -0.6676666819065623 -3.773420232690397
-1.031077457252396 -0.4390591372067655 -3.851181368520996
-0.6532622625829918 -0.4036271188028995 -3.329077941310711
-0.3454185015754075 -0.8398296247313157 -3.057693983268816
-0.5710612525056694 -0.5845690557515318 -3.680542133352107
-0.2530653872250426 -1.034171874348221 -3.391691629660697
-1.354428044811107 -1.102978723433101 -3.794867951720311
-0.8293780032803824 -0.8479014325280597 -3.87667905107234
-1.064032425075272 -1.623100716156029 -3.491558215005412
-0.5162189801105528 -1.327253488386257 -3.575303527309031
-1.682496314854612 -0.04549215407551566 -3.43058581034301
-1.260881942906907 0.1474219882917173 -3.493566346570808
-1.891886911937689 0.4376582332025139 -3.71079444163434
-1.473409183431671 0.5989849901759793 -3.770233040173268
-2.003682055129043 0.6220957252190202 -4.068439837850727
-1.567343476203951 0.7820147736650503 -4.134717249971231
-1.99590088015887 0.4445682064074143 -4.37528918424315
-1.527372162466271 0.6242276726300539 -4.455736994839107
-1.196504887032418 0.5932552487402457 -3.947821611947522
-0.9804521019658815 0.1564746622739771 -3.685246578933034
-1.126715581827101 0.4414395539285795 -4.30089962283029
-0.9042259952035856 -0.01882343835526341 -4.034995643176612
-1.868655143211627 0.02086591765896614 -4.410204486034752
-1.377083866971425 0.2199566535396539 -4.499755491148576
-1.65693975532026 -0.4789546113141817 -4.142638232614665
-1.155004702292918 -0.2610237822280633 -4.229650870510464
-2.117403150914171 1.023693117426013 -4.036896836050292
-1.696611709432948 1.15656135782549 -4.084620347341763
-2.27330108629374 1.492853444486233 -4.243160972642993
-1.846271365852502 1.59976426330668 -4.268723232694468
-2.373002457525934 1.727763689059266 -4.487299925987676
-1.930015966215013 1.842457592711549 -4.514694290698784
-2.403779035144025 1.640448959786238 -4.75632286519709
-1.934112425786055 1.78988215305882 -4.812661801960409
-1.583214120649269 1.607815450865935 -4.413083192452236
-1.423877537515441 1.157965257532171 -4.253566198962341
-1.545117042014349 1.556525774370988 -4.753014054295732
-1.366197053883871 1.044396966884775 -4.595426659325235
-2.302711907933733 1.213096882543179 -4.876564215223849
-1.81566236249916 1.392744205912633 -4.956467278976778
-2.110706143259689 0.6576167640471053 -4.706662413845161
-1.623436213472758 0.844858584089569 -4.793580574050631
0.2654361728414795 -3.03989740427769 -0.8192922549431304
0.5533280866495341 -2.82827610735668 -0.8668210595628582
0.007937383415875658 -2.742704248097589 -1.474370133524774
0.4209170495467227 -2.415277367217754 -1.569698810027405
0.6832639722320898 -3.181190778283875 -0.4985139482692273
0.4604988190445773 -3.335799312479687 -0.4844109364076739
0.7809687340345333 -3.36530169882203 -0.6549119566086646
0.5322077730000173 -3.54580892477139 -0.6457542673572434
0.1412407501540251 -3.272313636108793 -1.892450395054272
0.6314643921679175 -2.929236962814263 -1.989340374577682
0.4167658286793889 -3.536983721011751 -1.198088497835249
0.7649295013613763 -3.283412774163623 -1.236538114074533
-2.859626079086492 2.913391685645284 -2.084432292884405
-3.226827333143734 2.758523010610289 -2.21945736066957
-2.716821893013329 3.115279909653132 -2.447959366930909
-3.081301800410159 3.003604089264574 -2.595175524871497
-2.768936552124456 3.365822703031494 -2.672633137597074
-3.150492861617917 3.245256855520331 -2.842481723013293
-3.016343850149235 3.583100470406357 -2.685461331747242
-3.424282959911 3.426124097216508 -2.888275119831804
-3.473671150489065 2.997354163298433 -2.744041910936314
-3.637201633176771 2.7247186959467 -2.334601536481775
-3.775757551400005 3.162363005328726 -2.794628877577505
-3.959700300569793 2.875453065802836 -2.336098390268226
-2.780512775442598 3.103632531045283 -1.96516852985184
-2.636442898211114 3.2844991079742 -2.34302148848549
-3.024971796524487 3.335960066534964 -1.880033386426196
-2.864869380420081 3.540420488422392 -2.316878305294674
-3.297198766310251 3.594955973407258 -2.411719847543133
-3.734908366467224 3.405323566953893 -2.64304147774565
-3.472846814449627 3.355446546282137 -1.935154446573782
-3.920507524349892 3.131098423467163 -2.160091097300023
-2.421432412353137 2.069228424437373 -4.349181987478238
-1.996310645642221 2.144891209464761 -4.326321532747749
-2.504416721634674 2.510832554490515 -4.280251760100398
-2.089857099565622 2.554272300229151 -4.214430134533854
-2.622470576501047 2.8271954930497 -4.300414839121211
-2.198403511880118 2.869410573014291 -4.243586319543917
-2.749048768271455 2.930098105305011 -4.493049570601804
-2.297946669696338 3.016877589694511 -4.496569631018343
-1.882703662208748 2.625160478453333 -4.298814048018194
-1.759734980404891 2.18674021927217 -4.4406548354916
-1.932672728767529 2.769556024168164 -4.616227606314634
-1.764682476028385 2.234466051232491 -4.772749514596572
-2.735999887840405 1.977890066002008 -4.439884800379808
-2.838484139010486 2.486707374940449 -4.362590199980037
-2.810770490005122 1.932587948759462 -4.680288693987795
-2.957658536394205 2.531181132496448 -4.56332053729352
-2.728185257262212 2.626423710517472 -4.763241563679962
-2.253010381693658 2.756492980149666 -4.816656969617576
-2.544449463839781 1.985175474638847 -4.909694725974468
-2.060924238096769 2.142133190887429 -4.977513476228449
-2.521155266432014 3.276759852742461 -2.863328542806818
-2.877929720749298 3.226697003162677 -3.009281763475571
-2.376594235120399 3.300748279738667 -3.183541882363618
-2.711331532212935 3.293604630477693 -3.30741195211273
-2.391135260839615 3.437716671039742 -3.463094199374549
-2.738018521802887 3.410033412679595 -3.554018968179486
-2.545275635851014 3.679820799121107 -3.585936598399631
-2.92531967217858 3.582494603366758 -3.676349249528812
-3.002906598749481 3.337236115711814 -3.47359949518556
-3.237322710927846 3.255883942503379 -3.176553684569173
-3.216618956675243 3.503173328071442 -3.589764043149293
-3.49684531720753 3.422471667924082 -3.271940668224757
-2.418433457973738 3.418807653061519 -2.799261666530852
-2.252884262260554 3.424908915817308 -3.151389791398342
-2.613011394383893 3.703166497245766 -2.836523362299953
-2.40622418421603 3.730868541079786 -3.255077415491967
-2.777253903531026 3.849281446624094 -3.391645880329653
-3.1768997732337 3.710136404786526 -3.535978197771224
-3.017806212114293 3.796518117570904 -2.959586332509021
-3.437625749345363 3.640785940873911 -3.168513060281306
-3.937788376257053 1.851130256830463 -3.04305268896425
-3.898612200064948 1.507958792497592 -3.203218176898737
-3.744981268228029 2.087407679231506 -3.406067155736511
-3.699895460735525 1.67097459247953 -3.525064077773526
-3.726269000401873 2.218624572896132 -3.751873832270525
-3.65634704080607 1.720997071189065 -3.86917547058442
-3.960803480013033 2.24758946593117 -3.951379226710046
-3.863730326628484 1.661047418124634 -4.10091155986327
-4.107763216761544 2.078600884848393 -2.959880075268566
-3.898466682874581 2.354528852802797 -3.373759613328484
-4.426221690372488 2.119521004502072 -3.057229413883229
-4.178741085006116 2.420320740215097 -3.528436708861515
-4.337805622366287 2.130622280832454 -3.799954042787585
-4.239731383312579 1.525328578144093 -3.977656322609984
-4.622583819943286 1.84437078001731 -3.299913627797702
-4.535050333926203 1.33974248787162 -3.509102148272063
-3.385708829466544 2.291115714232106 -3.842180565122616
-3.325976665655267 1.833986375156823 -3.918371197512428
-3.01595513627529 2.402333582649663 -4.127239540911863
-2.947387952886656 1.942090812175854 -4.180173908921835
-3.520818049141445 2.591525675386682 -3.841453571158677
-3.138485598096411 2.711570065363869 -4.129713224084592
-3.741473129588808 2.673823186779399 -4.023056321446834
-3.308773797731617 2.798949448122156 -4.305860752689251
-3.342954401055025 2.493177700130127 -4.57364369604842
-3.18259401860605 1.830201355546542 -4.718414958216705
-3.833990115175431 2.369333028605092 -4.302679715232176
-3.702035914393293 1.708882119547755 -4.462290260004607
1.45127169237491 -2.155083278925603 1.581824902063866
1.715215221431679 -2.119424207013411 1.319289101596651
1.285069318566994 -2.144994576017691 1.333702578944479
1.507309611730379 -2.088737858062636 0.9612543952565397
1.684485522237969 -2.028062993664305 0.799303013234561
1.878573886770337 -2.089539094037618 1.207118116643646
1.807078209393686 -2.078165265728566 0.8377464749469197
1.96796676273342 -2.157364965341499 1.186139691486994
1.88521935240421 -2.208425270177215 1.508888683609459
1.576672021076886 -2.233598026562189 1.738800626931057
1.942277117123109 -2.306216073887592 1.461679260974227
1.59906317843605 -2.334114021706093 1.716730056232682
1.420674386010578 -2.303996469025781 1.427687145865047
1.733893973212157 -2.226004238046146 1.035842065300546
1.535395845925157 -2.352375704848292 1.589381961033856
1.878109882105799 -2.303171621041403 1.284186186663814
1.88336575700756 -1.934773065288665 1.198777111801814
1.881995560893639 -1.686664662268033 1.275210679436434
1.699231029519694 -1.842705634443417 0.7830546802758378
1.773750447624406 -1.568670080174812 0.9129284165353231
1.688529946618339 -1.7864608880649 0.5558972069312271
1.780150357905821 -1.485901196003379 0.7403192580761909
1.856798516589299 -1.836195048946248 0.623974159174244
1.94520488878055 -1.517439436235713 0.8215153178545833
1.834628347777361 -1.390397925938596 1.048158608569916
1.885956319321004 -1.490502182841884 1.356222220391901
1.947224599581427 -1.387312160264528 1.096301735939406
1.980620452649578 -1.465801395395476 1.363943929475785
1.994845705635248 -1.739364223337582 1.484099625673294
2.048980908326412 -2.015790303265765 1.411624601416348
2.0894274440784 -1.736732604180686 1.458831375018295
2.134281976735536 -2.069363461716621 1.364236430262111
1.989339141092337 -1.934968306947526 0.8590884304644416
2.051399475446016 -1.603717553583788 1.005347943067244
2.10170336450679 -2.036486649993641 1.158603325331018
2.10273083120393 -1.689232476725411 1.266983745616243
1.736658563759906 -1.318237357210723 1.425340433629975
1.515859398782914 -1.055357174319076 1.55602497119498
1.700080704279434 -1.220934405370397 1.119120351186161
1.48267345037341 -0.983769018744715 1.290761102720118
1.708647551061284 -1.129248463654926 0.9916531658183279
1.48650757127275 -0.8940392773413399 1.195588927838004
1.85229107406755 -1.122024362819296 1.091060499390889
1.606029944696802 -0.8492371910297474 1.314728420100654
1.325778864204973 -0.8515389495123862 1.466959228250748
1.363893400813742 -0.9110469932765777 1.686589768078114
1.387290499532337 -0.7889146674103649 1.551002183907039
1.416967582066209 -0.8379873130265345 1.728850036463631
1.561993455496839 -1.039203773496438 1.728271302885196
1.796852509809477 -1.327702612144919 1.615492639824209
1.645897054235559 -0.9641570963091001 1.744154284278748
1.892478734566089 -1.271530155739563 1.617242331439399
1.925283158870635 -1.166841068589039 1.251985833612722
1.659558898196076 -0.866381586078852 1.463616508282947
1.934833287867092 -1.215938535911456 1.467902268636919
1.674101047956213 -0.9046841100963173 1.633815385994339
1.113491690456798 -0.9300000519906118 1.791182681365436
0.7556452735162079 -1.025022641768232 2.019938785085151
1.048177599057889 -0.8557035348420291 1.560176160854613
0.6221056762533399 -0.9096583349159153 1.812608814387829
1.028984582135556 -0.7569968743300471 1.489107083756462
0.5672733368777486 -0.7880674313948567 1.737328382836226
1.113969251145649 -0.6909223790699176 1.612155965577978
0.6103512475989766 -0.7398018295852516 1.853775486347885
0.8157317339739554 -1.038866073909627 2.173401537064072
1.16243608601545 -0.916483781555821 1.95024034703477
0.7993867305925948 -0.9666997800544141 2.220866057923529
1.200038820399828 -0.8368309927942734 1.982991433303791
1.144293166271785 -0.7102537994492523 1.749999471195515
0.6489962188322872 -0.7993862924879769 1.988535252512524
1.179549743567145 -0.7657944122725917 1.897574269112591
0.730237069123064 -0.8852553468904132 2.139673592720594
-1.034329067020439 -3.46929808864644 -0.07411318775966304
-0.7566907679834087 -3.543172784354391 -0.3540281261669013
-1.656639772465037 -3.256349106871375 -0.4448911990742526
-1.308608306263135 -3.344513213010828 -0.8042085567391184
-2.111710563391978 -3.258871406870104 -0.6813519566679496
-1.702325952155518 -3.356251980410096 -1.107490129772258
-2.292613970839148 -3.562049568771402 -0.7000184460734692
-1.836629848296671 -3.671250529424061 -1.185159919420136
-0.4618716253349879 -3.79684721831223 -0.07276832246428611
-0.7026067230071331 -3.741939236906335 0.1761433185309459
-0.5613482209736711 -4.057314129705515 -0.0864259944220202
-0.8216264539527538 -4.013206906246818 0.2068673613363843
-2.015734261899278 -3.9247907748761 -0.4507683501639683
-1.57931563970927 -4.027214232424364 -0.9296955084032856
-1.333400653646982 -4.103173273722175 -0.03198465855469731
-0.9946674897517029 -4.168216857937513 -0.4177411763162538
-2.298812070655719 -2.830853767191837 -0.890164581906272
-1.897226670226632 -2.91570271025935 -1.290725740948458
-2.694861653761596 -2.349180117729396 -1.237166439818992
-2.279442424088534 -2.415326454078504 -1.625177319138587
-3.057955453005315 -2.193875096512373 -1.501705947376198
-2.602376325648015 -2.261014688893454 -1.926621611555341
-3.324243664233796 -2.479647368684028 -1.591534679983257
-2.803807505634499 -2.570793609336246 -2.103620970454169
-3.242789944994598 -3.003592485568792 -1.394663761816042
-2.689811052864633 -3.118035502795308 -1.960464612086615
-2.75675191509411 -3.506088700143656 -0.9739297433185158
-2.236444567702816 -3.627307675357644 -1.522555874081047
-3.062291409011355 -1.675113985529969 -1.651204882122652
-2.650588001724905 -1.714659859473617 -2.004572381241047
-3.281765209957841 -1.116944546095909 -1.972542739721739
-2.883673234305411 -1.141267964359299 -2.299571222414966
-3.944139083512698 -1.725552057485332 -2.256395962574294
-3.39797726149295 -1.81186040155975 -2.807940690599799
-3.692620667440569 -2.301448194888342 -1.889779775033683
-3.132308339614262 -2.398892317921468 -2.452003781854863
-2.732761944460995 -1.276297005663617 1.201863565434111
-2.861104902865508 -1.72777785520088 0.76369123337518
-3.123558740051336 -0.7899499893612105 0.8082407856242935
-3.259461683749839 -1.247362385676716 0.3889178213202959
-3.504694456830191 -0.5474690866629931 0.6893311160440228
-3.655847531370856 -1.027599618324831 0.2488113166755048
-3.818491898562533 -0.6367006130971449 0.9190820186548871
-3.979963416533067 -1.163476274987451 0.4293277717522524
-2.716364492784455 -2.127677819200791 1.062307749758779
-2.587003963976764 -1.677783192938548 1.529962837665366
-2.969074971866883 -2.307123583843645 1.233609746059828
-2.830813661800113 -1.822108993553994 1.734160968607103
-3.796486284224317 -1.032324650666177 1.316757079066427
-3.9475028103805 -1.586166934795872 0.7955883442201617
-3.335989047117855 -1.577180790162074 1.684856753372433
-3.474979988262808 -2.111989164489096 1.158991181699468
-3.462634219411436 -0.1958795089756295 0.2826684864380068
-3.616035158491285 -0.6367611326906887 -0.1172159792455934
-3.640882475848764 0.2779878569706823 -0.1465695070193787
-3.806569648812689 -0.1397283178400822 -0.527498590513407
-3.921909455725681 0.5490365792617848 -0.2868732511727384
-4.10475745622358 0.1187559775439956 -0.687621040396952
-4.259039337392275 0.524258598909268 -0.08750397020169619
-4.459706593698776 0.0459752813235868 -0.5415506967893509
-4.382930210719297 0.1858667367239459 0.3284533301206586
-4.585921165007379 -0.3412699488540645 -0.1730106053804206
-4.183931687921612 -0.3528942412452309 0.7896786582889431
-4.367244512537071 -0.9024789077403519 0.2736263279177266
-3.761087236653388 0.8434035359529052 -0.6707030455440992
-3.937871237921991 0.4612666911609269 -1.024426035146069
-3.795370104081353 1.273335874708356 -1.085749408328142
-3.979874222100291 0.9234452024808256 -1.415268250195803
-4.017443243018717 1.542603757973236 -1.259476907220026
-4.218200723565878 1.185681239743843 -1.600223448847288
-4.373905083408626 1.576265164154161 -1.132095650482898
-4.590807660439665 1.173728083069296 -1.515931908959095
-4.585244169473257 1.308113846888469 -0.7448829840146884
-4.809172108296707 0.8570100443775716 -1.177655627117687
-4.529165446394571 0.8220119879872899 -0.2593229743891167
-4.746916661083156 0.3354032703856116 -0.7275825267524511
-3.788025543203479 1.754833541755003 -1.587711462168816
-3.986983941460219 1.44769080506535 -1.886572921930963
-3.743802789731312 2.102556214929538 -1.986905713666432
-3.955756672594338 1.826389598966448 -2.264204481481578
-3.902371690593665 2.371667174624396 -2.228812969292206
-4.120938343611097 2.077210152594848 -2.522078822001247
-4.241907786676015 2.483809760674916 -2.223568988745465
-4.463809854856417 2.138322104571293 -2.55797248731289
-4.522102490860504 2.307171167828736 -1.893900594685745
-4.752007283789444 1.918003250440381 -2.259938049395085
-4.584072958411967 1.87753910575186 -1.369985840371756
-4.813813988243829 1.464623621986854 -1.760052563436229
-3.619625453407309 2.491811964856701 -2.476087910003396
-3.835512328297501 2.23559107796464 -2.738762224911337
-3.460163212141654 2.766232713719543 -2.859372056871026
-3.659283713303866 2.509317712197017 -3.123906753694898
-3.51471741842169 3.002044770741444 -3.146556897651362
-3.681354681363984 2.715504297485241 -3.447325670440218
-3.796816262693172 3.153151219323727 -3.250790735122572
-3.948562201402577 2.82775722889938 -3.597129962412967
-4.139065673223973 3.093946012458346 -3.040606249966374
-4.314161605027656 2.740248128076346 -3.411908171068724
-4.354402534008917 2.780135450631084 -2.544171566585663
-4.565608589415034 2.413628188564644 -2.90565543388157
-3.206936234466676 3.024160200151586 -3.287096108449537
-3.348311701601684 2.755116343203847 -3.573374788697015
-2.961997634797541 3.136421065313587 -3.559119058187199
-3.02911342553597 2.878756406764577 -3.859866361769425
-2.90980374012452 3.267902612400187 -3.746330041262524
-2.912595755235533 3.009335139526243 -4.083699281349362
-3.095815573767966 3.421879293807376 -3.88533170107012
-3.074766733974732 3.131583061267634 -4.240374909423382
-3.430712663734822 3.473184356772741 -3.85241396325591
-3.452651015494517 3.144875762677349 -4.210861874233909
-3.777754916097408 3.361638387374479 -3.553766847418857
-3.880206848235381 3.014908761561256 -3.92581715293597
-2.601209697411948 3.202698742153063 -3.67402254800843
-2.57170554172823 2.965583403700017 -4.000835491988769
-2.246983619791271 3.185403307222082 -3.593347987172641
-2.178033069597383 2.963447930125485 -3.916147518688627
-2.092606834268536 3.292796461104885 -3.611872017552633
-2.00472399723381 3.061591346202396 -3.958652673392766
-2.209251269601187 3.584733006005763 -3.80210959171065
-2.096696733438504 3.302820895331141 -4.225935960872969
-2.558226923728538 3.697786530879948 -3.955179743749184
-2.436700949597289 3.376220080331489 -4.406627365888958
-2.978986544843857 3.58246842385095 -3.989028507184164
-2.894112581634598 3.26865907333219 -4.386878786039408
-1.549651635935938 -2.474390233943254 1.608894444802449
-1.610210700046968 -2.739798687689864 1.288110924954771
-2.112817505727947 -1.935812309886898 1.507900509566658
-2.220570195225728 -2.298572579816849 1.107034445944113
-1.32518829595007 -3.120333470322064 1.468741782409724
-1.279190555889895 -2.863714069085994 1.766950080791911
-1.504971968758506 -3.301804464596 1.610732678858027
-1.429048898342032 -2.976338310542255 1.946640660510061
-2.601042322163339 -2.252450116227936 1.949259800551326
-2.738401698148863 -2.709034070542074 1.472295917248158
-1.942316509219927 -2.756911766161847 2.023795820297404
-2.055565090777564 -3.150244567078409 1.624278276130099
-0.06650645010009081 3.342961565731272 0.1699257891409837
-0.5675026540297695 3.220255703780282 0.3244423358903287
-0.2522854806385358 3.477119600302196 -0.3113270088059624
-0.707489472968154 3.368323144028713 -0.1600378268597605
-0.3562535656860547 3.622599502202454 -0.54073146751951
-0.7984026599139242 3.524593513442158 -0.3833055037578397
-0.3494571963330749 3.741931804207177 -0.4696991202900298
-0.8227832905075214 3.642083959255852 -0.3015872503008259
-1.017606663812294 3.352359823787094 -0.05266787436669902
-0.9030856937633307 3.191205996087271 0.4374504994558429
-1.057464959009534 3.471595293146249 0.04300588987491766
-0.9446285669614847 3.313486851390261 0.5376304038660656
-0.4942477662618306 3.192027968684782 0.706462483616197
0.05257482742220931 3.321294560092803 0.5451226074377968
-0.5202664513952214 3.317075453225691 0.8036542361169814
0.05778877067123305 3.444901965718074 0.629395995462029
0.2375660276072646 3.467151570720773 0.08642169235121436
0.02243623324105694 3.596710887542975 -0.3942482464962753
0.2589438910546673 3.587794948416103 0.1577654137529125
0.04329304902345768 3.716710359498983 -0.3280770851655037
-0.2387030198192768 3.744099109342784 -0.1426471189819959
-0.7603475762492657 3.633754256644169 0.03902468847185517
-0.05438469107933808 3.614522186139502 0.3512425602223861
-0.6239203978845188 3.493713831968571 0.535791595481954
0.7039515356402756 2.453311850030136 2.566627252702849
0.07976012372231878 2.246166165318767 2.670005057569533
0.5419241298151667 2.677670120446718 2.05464365376394
-0.07277479949152736 2.488355071052618 2.185242763421785
0.4432333839818584 2.889804916777127 1.788226041612246
-0.1778270933644865 2.715240022337675 1.936559546533959
0.4536525759479707 3.020155718451318 1.885959581912708
-0.1993830161839338 2.84587511103066 2.045889626608715
-0.4633436050578998 2.397189396463305 2.296995642042554
-0.3111092485009869 2.127855377352059 2.767765620305673
-0.4995258699152395 2.519487014950066 2.41373454908286
-0.3366343156185745 2.238577664060198 2.886909634385444
0.1723249751909344 2.164673409335847 3.03149838861961
0.807504168045176 2.379411718769128 2.942749041697326
0.1715181810248507 2.280582555402453 3.145274958238137
0.8325818277492099 2.502992686659585 3.042068375226831
1.110073440890436 2.594990805723235 2.50798465055649
0.93674732978393 2.820230625223125 1.981701134658758
1.145248124585815 2.721375445566629 2.597980946869983
0.9664721611453045 2.948261504512733 2.071871595746475
0.5749025329764641 2.969924567731465 2.277086651068237
-0.1086871671748817 2.775617218364653 2.435701130358949
0.7535333483675201 2.739662068609895 2.790114525383134
0.06701563463760578 2.517931359867828 2.925371113075674
0.3321017047189017 2.937970827470737 1.388638249047638
-0.2523699260567128 2.777509034076226 1.536003888346805
0.1602654227710696 3.134968066744976 0.8306614061451593
-0.3912219934965 2.994999486252607 0.9827628840451746
-0.7515691752053106 2.948303682155563 1.094574227776129
-0.6255399872273084 2.709717091774284 1.644445132916265
-0.7950606235039337 3.074995048911994 1.199603998260534
-0.6685440701951874 2.837809432276796 1.754467508453518
0.6987565505796693 3.074394177495809 1.306567890749487
0.4997944726788983 3.265090725498781 0.7471593637529449
0.7229147904608628 3.200357747449292 1.392139774790166
0.5220834185656041 3.388663111481448 0.8258630384124495
0.1724225008546962 3.416449963084343 1.027756456987488
-0.4503173829425004 3.280755360408205 1.207121148198701
0.3489325701131916 3.226587079946448 1.600253644837542
-0.3078685970960899 3.069783610029243 1.773089181854042
2.433841194634939 -1.201147826460882 0.3600834850722482
2.331447207769072 -1.397378765804552 0.01693957277262449
2.267238420452855 -1.087434148516768 0.4550183830078718
2.212947569355494 -1.320255965880944 0.09340040373470782
2.181539549136035 -1.088386806802208 0.537062220355994
2.149809057195209 -1.346844798297328 0.1702585230705592
2.216430202093478 -1.207681046784876 0.5787655443955396
2.168430777667423 -1.471016819037269 0.2193677145874849
2.18010361963331 -1.508246504489181 -0.1129158631251398
2.28192336029386 -1.55079360942744 -0.1783718680547345
2.19388741658612 -1.604493397409116 -0.07276619900429479
2.293108108706743 -1.623388452855755 -0.1406493675964331
2.411108849223071 -1.479571169853613 -0.001038781681158516
2.543710946319113 -1.297293943758771 0.3348247510749771
2.421448293464697 -1.535176734630958 0.04623465999604318
2.55472953284027 -1.33898230256306 0.3887445447444433
2.497075155016999 -1.09206678055685 0.5812200515090131
2.297443840750633 -0.9756139980298099 0.6883926549590592
2.514280086806269 -1.139278121131694 0.633622707767224
2.324279977760804 -1.054078981894085 0.7304755288704935
2.321593409458404 -1.272209369076526 0.5536388678941325
2.249437172522888 -1.524243909146019 0.1897301394316867
2.46779908113027 -1.317842811363728 0.4721566271690809
2.360046606373778 -1.541649382687999 0.1148627647156113
2.573436010708139 -0.642947244096675 0.919485858872204
2.523159374200316 -0.9104317182783556 0.7108426390720903
2.18249801942973 -0.4535235986718109 1.088138652743565
2.25529068391242 -0.7476558375052864 0.8384211436927747
1.941596234774767 -0.4134382559255728 1.223653402942043
2.113644707236433 -0.7205331165878099 0.936389648932533
2.008586860013535 -0.5093826536832763 1.27273870143147
2.166969691531479 -0.8378489809902927 0.970385055379253
2.697451099531097 -1.032350318592698 0.6664237369890923
2.804866359372543 -0.7929669968208807 0.8495141529207214
2.713141981491253 -1.065935640157129 0.7218938031797428
2.827838945867729 -0.8281036293219112 0.9035812036960618
2.640266703625699 -0.5004135883161761 1.058292940317688
2.186559260123502 -0.3015991439107366 1.270749618223914
2.668163428352639 -0.5463293330469701 1.114713989666072
2.226589596663679 -0.3542769602728961 1.340533770294642
2.267176716655035 -0.6040496790266301 1.214362486703541
2.32867882895769 -0.9232445423957856 0.9382010880447134
2.628145685066724 -0.7450363584971815 1.041610338789042
2.566565690046364 -1.011328324874041 0.8299999056072743
-1.30126808454918 3.772793270656027 -1.579651903231552
-1.683562243786302 3.698745404841078 -1.687260981201029
-1.172468356445823 3.878219947099507 -1.961724721560993
-1.562134539836766 3.824136511421911 -2.044557088878682
-1.097754401686895 4.0032473805637 -2.198788450986882
-1.491364355611609 3.950017491146195 -2.275700691265964
-1.125826488645037 4.128101719725429 -2.192202295498158
-1.547234984035905 4.076513352401959 -2.274396242840724
-1.848021699125819 3.847319021004254 -2.081889576256969
-1.97140925553203 3.703067076953601 -1.70753931377084
-1.923375679609531 3.960803740020292 -2.05209758893657
-2.058142662742223 3.805630848324043 -1.62339157397599
-1.784490181501884 3.665836200403996 -1.403392261671566
-1.387049858560194 3.753067162308024 -1.303363110346958
-1.850536409777722 3.769817430890284 -1.304681455586003
-1.431945566902677 3.867304325970002 -1.234347880658453
-1.087486025131812 3.875507365353204 -1.506675922435345
-0.9529449689689221 3.968060384454776 -1.904984740214534
-1.118646055328895 3.99315824418559 -1.466921603574437
-0.9750636655125894 4.096027778560847 -1.880603560925465
-1.252372413551931 4.159929506191324 -1.904957513035196
-1.69190178780643 4.094590585815769 -1.980229290620752
-1.400325560349676 4.035033929002084 -1.46256591454449
-1.834182598909925 3.946522295338055 -1.522316070048581
3.470275051181747 2.582347078188013 -1.398399899524633
3.061095385999725 2.778834984133446 -0.795389670983308
3.028499051353537 2.833877028897522 -1.809931399603942
2.65012323681885 3.020612190040829 -1.222905659506407
2.804076776404216 3.031352879071445 -2.067655633543317
2.436203445989477 3.228458195719279 -1.478290869343747
2.91498992486933 3.12317648406529 -2.081928997008442
2.528993606167202 3.346197615997587 -1.469488010337219
2.432816387096709 3.177406605039413 -0.8713757993814101
2.823483551860309 2.941277075567791 -0.4270428113988652
2.516547432423244 3.303507594810388 -0.8511629115957198
2.9126361582692 3.067344484903256 -0.3993189180798496
3.365640943783271 2.688161662438878 -0.511908154589589
3.798105558392332 2.46433007493093 -1.144354026593122
3.471731911846156 2.802385633877853 -0.4908142101470261
3.921310203291657 2.546224040356622 -1.151488288020989
3.695981032784367 2.448415371835539 -1.780114280343114
3.243738053404043 2.712564070905878 -2.181758438065807
3.822464118632869 2.508486992727351 -1.810395366772111
3.365431749821314 2.777805616440277 -2.21404123261901
3.284119230662616 3.030885289580218 -1.839569880625823
2.864978671894412 3.280785175030625 -1.200543733890066
3.738046838383712 2.769459939735495 -1.42133152675592
3.288987132967929 3.035740994576476 -0.7598195707124645
-0.9187488897963827 2.442821567213319 1.574185267846478
-1.394073577024522 2.079152373234547 1.507380621610036
-1.038349457518309 2.712792822358448 1.036038155978066
-1.513581072951847 2.410480636245557 0.9853997717581712
-1.1421159125965 2.93500154699952 0.7710698345916148
-1.621399457768839 2.657951854647762 0.7308789150656483
-1.195986490937876 3.056868214229095 0.876130063701573
-1.686733926141308 2.767188295638755 0.8413228699488388
-1.842168801500004 2.263909536194611 1.009401960472131
-1.724230576245507 1.891212442014872 1.520660571738456
-1.916549143630528 2.358364523130544 1.129450774623904
-1.802805237324901 1.984480221828784 1.640757025817742
-1.366822814396422 1.918477525453181 1.894421634287401
-0.8778728037792169 2.337598439746719 1.972261706045469
-1.439492977545415 2.018234379231359 2.008617048349378
-0.9341163466085061 2.455456196351533 2.085653834220606
-1.161952053103371 2.987550358481847 1.276093334993424
-1.663824574220017 2.653182852127844 1.23612711765548
-1.045118598212401 2.714943890764836 1.823200516158133
-1.553587066547418 2.314233286425559 1.762273352877285
-0.6330370791382917 1.783307584678621 2.667151906074484
-1.132693686932571 1.253162122069265 2.56059231214858
-0.7657820250896221 2.078422136659276 2.205755898959439
-1.255754807576641 1.625491775367539 2.127562130576471
-1.595435968458574 1.367372930886317 2.125790521493967
-1.465038415957769 0.9152036876302962 2.523960734954576
-1.675116568139294 1.434921765467675 2.23362846274838
-1.543894370080258 0.9494556965958566 2.638479382109502
-1.082459905083842 1.068141579998436 2.866862105514164
-0.5726904027987308 1.656563444102966 3.004698607485555
-1.162697150886159 1.082411895391618 2.982701400030122
-0.6157395844865466 1.733432803670943 3.116195400914126
-0.8843683188600443 2.318478795949782 2.461808335424491
-1.418690535455833 1.8094503529855 2.371412153229201
-0.7373015123520649 1.979640379457393 2.922065917084496
-1.298670734667267 1.360777633909285 2.80579348895713
2.429958007408022 3.103016738065921 -2.301934619983741
2.094500757942082 3.277871079908585 -1.742780835349178
1.931657901311704 3.283862720173372 -2.672425857809667
1.627206593143166 3.44386927800358 -2.144963353378079
1.697810940548953 3.446220732579014 -2.891974142372925
1.399493618787816 3.604210593504837 -2.365260573741006
1.795511163794645 3.555597598805858 -2.911487500082822
1.48113902151505 3.733765823021455 -2.352553637366051
1.467105751051 3.587625959142318 -1.822170970614345
1.908482026121145 3.427635734919191 -1.407549985430629
1.539898928288208 3.717987758960426 -1.796820816498335
1.986086100138168 3.554608911722573 -1.387162453627236
2.631684232085834 2.998404613585775 -2.655241140355352
2.12619551826188 3.19654986019371 -3.005712772427271
2.746548343513959 3.073417597178006 -2.690279010384647
2.234577689890477 3.280769481392596 -3.044770821242743
2.158525675184824 3.51715082468756 -2.710414056657295
1.816249357102135 3.722911035912963 -2.116539428294948
2.67008440766093 3.318274442574701 -2.3355409487695
2.294769912362172 3.545541517062071 -1.720844947368009
1.362970756593991 3.46023667115735 -3.066512337562329
1.087856493420654 3.586448057957485 -2.579443409459634
0.9466071692845754 3.565549123220457 -3.327466349040376
0.6907085272186811 3.660308526058604 -2.868902261503944
0.7427295054248235 3.689940864246177 -3.489349103719642
0.4927712996859852 3.787805388912953 -3.026684902747517
0.82210560213324 3.811271886090141 -3.525580518940048
0.5603585413983319 3.933609418340522 -3.03221636091611
0.5731427803761524 3.790373185272365 -2.580689530513233
0.9543289418309988 3.722408723196997 -2.275152520744357
0.6364124925254631 3.941803951433676 -2.565130496725424
1.022302161643793 3.863832092843345 -2.250809884872021
1.552701039709939 3.403320170395107 -3.374431288370779
1.132082199923343 3.533374613209859 -3.61700835005305
1.651713442666458 3.496850798173831 -3.420735483946694
1.221430770342544 3.63157347512412 -3.669688860911227
1.13892437609535 3.833358320632481 -3.397877978756446
0.8540306127867137 3.982466459211527 -2.866950332758291
1.572731219335368 3.715321482152803 -3.119016599001261
1.264160813153765 3.889557289031977 -2.557501863398052
-1.354149854776642 3.394494601695178 -0.6715062178572824
-1.755120006399666 3.245060028685716 -0.7559339443592538
-1.373642020735737 3.576489755938145 -1.096127656799768
-1.756228910924389 3.465053254536807 -1.205109152201297
-2.047472008682458 3.44830910785048 -1.208298597286602
-2.055645210560257 3.210639245955537 -0.7459827703954092
-2.142159584069997 3.551069650566147 -1.082467108056679
-2.147876061106954 3.317228089189598 -0.6168339323800861
-1.779692523238522 3.179459670939472 -0.3929820133977751
-1.349944323909341 3.355101400268703 -0.3343382705891424
-1.849566281774497 3.297212910521944 -0.2814975808882813
-1.401294840325336 3.474546820312836 -0.2371838762943915
-1.127510443937029 3.547605997435274 -0.5975871139633981
-1.159824998370039 3.704024380125355 -1.014911554684137
-1.166753922685133 3.663268981296666 -0.5145784261847645
-1.196848226526551 3.819300129597231 -0.9493533377736502
-1.485139482633811 3.833386376764383 -0.9177890208708382
-1.919890657830266 3.712689583689238 -0.9640858828404584
-1.468395967977288 3.657297282299496 -0.4648243028272601
-1.916576041391848 3.503823993169623 -0.5043383839128841
-1.175437657642113 2.988135652951971 0.3867056333213268
-1.637545256575948 2.747806542474274 0.3442422016758031
-1.270537626869888 3.171653581956197 -0.1055938666638071
-1.706375753002974 2.973143163965428 -0.1588524196867915
-2.0208901855409 2.906694248127341 -0.1353493745999513
-1.961148147771074 2.64670630717595 0.3730955035616803
-2.103552085341583 3.01143305787681 -0.01314933714955807
-2.036343615542788 2.744641119060431 0.4921579197953165
-1.385993113846772 3.441268926961393 0.1184349274359036
-1.858204729414684 3.2336982483394 0.08714428853828116
-1.293461110903103 3.259424323839958 0.6176340453740643
-1.78364622927707 2.997785726989389 0.5892873585725922
2.909166139115212 -0.03223321407637512 1.200451755551873
2.706498579992396 -0.3011748393368692 1.109723862844346
2.603373933850527 0.279913736144025 1.526116056545469
2.30476714593844 -0.05281538519272869 1.366904785485737
2.444929801755711 0.3968796350006722 1.800858815000456
2.069710559650972 0.06353274116173591 1.604577311156188
2.487487583955426 0.3522254360590117 1.855614185214224
2.119166644200884 -0.00356911922788917 1.678269041846181
2.954161852777198 -0.4992483005844952 0.9984760443963063
3.121866065750071 -0.2723458312289079 1.058363161395149
2.985067831520032 -0.5383186984918148 1.055628379659459
3.15808394392092 -0.3122871738062249 1.123855485062056
3.096106750355866 0.1099415292584504 1.268505118165124
2.838674269979227 0.4520710643152504 1.614317373649778
3.140559960987829 0.07467946908515724 1.340145995593839
2.892909728781175 0.4095411494504695 1.674338989523508
2.698968891129919 0.1752719400388723 1.663757310850852
2.389597323530984 -0.1708723874449465 1.512175924180155
2.995271878503889 -0.1269056875628287 1.34723757079941
2.777448653415918 -0.4047148364752564 1.241154334695814
4.153587579741145 1.010983227091201 -1.71641302723565
4.397035730017049 1.489526502902728 -1.216371385337613
3.891179010309413 1.361073993195654 -2.088981106723181
4.112755953980735 1.815077437787044 -1.60602014896443
3.765684191342594 1.573905667487593 -2.375294635463681
3.972678792345543 2.032043516581092 -1.882289638772795
3.890646148249651 1.573069113183014 -2.460635028090412
4.103224593475484 2.066511710937538 -1.932593654036057
4.181488136534923 2.085629284709407 -1.272820970576424
4.480823052085977 1.773229865434946 -0.8663326184752789
4.313287601615509 2.142417322704319 -1.29689545408911
4.614287304509601 1.825418816204285 -0.8790245061362603
4.597665684884288 1.307700791937997 -1.000988292791266
4.349136974039045 0.8012218101603719 -1.536386071667007
4.728533103948735 1.33283366733485 -1.0254494631254
4.472692346691232 0.7963012499222527 -1.598392237979758
3.97527203305359 0.6892450863631703 -2.03030512161277
3.718120889707064 1.04854652118741 -2.39241989392266
4.094335032174941 0.6693852441503627 -2.122093204851887
3.837708037030209 1.02927367919637 -2.492776616480401
4.172413484859931 1.359538449409034 -2.271901107063867
4.408498197316121 1.890285561980424 -1.710264799101496
4.433844311784968 1.006582016643084 -1.877413444059063
4.694104040636264 1.557571060513174 -1.296020180284578
3.457452052836546 1.777107720563142 -2.552630423637194
3.64470592005505 2.195941118643797 -2.095381477699247
3.038776196646497 2.079406569286436 -2.91085836080034
3.200464636597228 2.470590860005287 -2.48156409911267
2.835550173985587 2.252003084392206 -3.177248370028186
2.98061971786821 2.651684233346425 -2.745419482254458
2.953556726929469 2.254895232268006 -3.269585015839265
3.102065951866386 2.695931254991978 -2.801417165193452
3.299991348820751 1.481207804554838 -2.838592800410122
2.898268635626806 1.801208068730883 -3.179773538169838
3.417523963164165 1.461190227458376 -2.944265733270651
3.01269374027295 1.781615354035582 -3.287950875367752
3.308174208614825 2.080660188750123 -3.11408543842388
3.47866752741007 2.560388349725972 -2.603770122489582
3.73386455941151 1.775227015887517 -2.749223695243366
3.931943608551526 2.276168455129162 -2.212844481639204
2.481367509623171 2.409168573668639 -3.317591200784021
2.601295791924976 2.76582279335067 -2.929732350596554
2.036129806513902 2.647735339010751 -3.604998934816406
2.112166747136257 2.97277266291433 -3.254030761277522
1.843038693077019 2.80066637431634 -3.818030979712297
1.892727402349861 3.12959955106497 -3.471078606276644
1.944770864431337 2.820600681912083 -3.914307899642095
1.998701503772654 3.193602644269981 -3.53622308091752
2.371904297507498 2.159907947892966 -3.562966668625362
1.956903204899992 2.428553033774998 -3.831004691378645
2.481251620752719 2.144587815887908 -3.672578120957456
2.059449445035076 2.420090290583525 -3.940449549412497
2.278029421385581 2.680494419424796 -3.818692750031366
2.360914837534398 3.104222579852009 -3.39311070908913
2.738684903880714 2.424023395184987 -3.527136709228433
2.865251720092416 2.876416937325255 -3.059336384268058
1.546385395073992 2.924677166987351 -3.890852633477147
1.564037276361803 3.2000093923709 -3.586704583883825
1.203434581931942 3.110827071087069 -4.054976908113014
1.165441378110043 3.348296601435718 -3.800799952681477
1.045235888124939 3.203928086096409 -4.193113621298567
0.9694797287214233 3.457452928241249 -3.959938950193371
1.115255908012813 3.241896853434656 -4.286033045065508
1.048340590071201 3.532825333189815 -4.033033661829641
1.499753821755711 2.751461823076337 -4.094417454761827
1.19041407379262 2.982360339868556 -4.226320540040951
1.586093044577503 2.754289953866667 -4.201615241033793
1.262097002980937 2.997763331225839 -4.328786468556056
1.379365953000641 3.185787334056347 -4.267019039023271
1.361253185411438 3.511535606955409 -3.961487100662017
1.754950321277754 2.980457238525407 -4.106583656738206
1.787025932111848 3.352357759630115 -3.738900577523285
2.269918216704942 -1.830906130200297 -1.114186776869463
2.417951281943836 -1.815833201544764 -1.360760471972364
2.130354787600712 -1.820241745368369 -1.146330917335977
2.198040286151681 -1.823286320669098 -1.461218652378843
2.058285446894486 -1.889464123922126 -1.163247431208248
2.060189917396298 -1.900957649696005 -1.548067232395169
2.086521943690823 -2.017027277448248 -1.1573522260351
2.118898822592718 -2.009532556797838 -1.568769343246248
2.334549633115811 -1.824099224336577 -1.64725340604322
2.594938248883434 -1.810356496817751 -1.484841722864394
2.389660378458395 -1.905495667885572 -1.691425284134061
2.621273416173263 -1.892455591977951 -1.511561585435947
2.537166744964713 -1.871108365643863 -1.310331075271685
2.358632748558312 -1.891360364219336 -1.090554166889345
2.551606902255598 -1.956207841619182 -1.313890599035916
2.364502379678242 -1.977939044769528 -1.083725848887213
2.233528744456956 -1.854782425520233 -0.9296706028986336
2.123972853001688 -1.846734764184936 -0.9321556713320114
2.242012608988727 -1.944296843729036 -0.9230748953948478
2.141735797702869 -1.952391934158523 -0.9253198887570154
2.176598373437086 -2.053719129584989 -1.157743899242749
2.283330397175634 -2.030665248780043 -1.522382251110081
2.294875878041673 -2.031333359750485 -1.11809559361955
2.461248657264765 -2.008414198916677 -1.396221341726383
2.234695478148696 -1.606835528584317 -0.4147820302317343
2.212566593891667 -1.742007679229118 -0.7425120556831128
2.141281647842582 -1.561620873999511 -0.3636394466409763
2.113873695307297 -1.71301408308497 -0.7207679541345703
2.091847316771239 -1.611723729870265 -0.3032198025202368
2.06518829392249 -1.773575000001633 -0.6877321969217902
2.103657096927959 -1.742450961764734 -0.2573011282163928
2.082928319867121 -1.906222628327226 -0.6564344663827697
2.275685507550675 -1.810623425112689 -0.743553645210057
2.296824325626917 -1.679682537034664 -0.4258096788161844
2.279308865003276 -1.892396788267231 -0.7234294716243248
2.304053457885654 -1.752194343185034 -0.3924641464080556
2.168554684548492 -1.789267526863639 -0.2890127504934705
2.146448623764049 -1.9507228617816 -0.6806209003703723
2.256132021786645 -1.784468963303805 -0.347593549008692
2.230192013618509 -1.936956951781434 -0.7076756571229162
0.9240241901298663 1.818454734797192 3.701008284170841
0.3645828511446356 1.649035640873818 3.705852318794834
0.864400193554848 2.139223411004582 3.199074214319898
0.2604423866494932 1.936115620597925 3.250586943550223
-0.1154972677728372 1.79268740627338 3.303923751183256
0.007645688613262227 1.527005067704198 3.720018503923908
-0.1340099331152626 1.888425428907513 3.416683175250081
-0.01157854610246724 1.61638504403559 3.822466724661085
0.3850375218435975 1.490640976232586 4.030815712066711
0.9191681116006802 1.626157859921181 4.045816456677069
0.3799287387955499 1.584904123195941 4.127809563755675
0.9342997943222553 1.720695030936068 4.136474883504262
1.281209206130603 1.913752835708756 3.681487242965157
1.256892108012197 2.263527202319236 3.161845022902444
1.313290214479589 2.012695064618121 3.766808617416165
1.293756270749578 2.378135028210006 3.249967960010923
0.9212703639517656 2.400007242786437 3.418805256441284
0.2634078609947823 2.181947776347618 3.500255406048861
0.9705880735293013 2.048241866747012 3.912912422721161
0.3628985355143872 1.873066609919259 3.939196684298716
0.672277274070942 0.6973334626821686 4.636701809445983
0.2781663963291337 0.6953248236843902 4.591292305859059
0.846900126265031 1.265104329267668 4.25246569412884
0.3703890093608813 1.174843826220509 4.218284650009783
0.05275423474482767 1.108218606841905 4.194742105056147
0.002619189782795915 0.6896662294901813 4.551887297386425
0.02609131676497172 1.19003901057516 4.275576270034298
-0.03355348932282265 0.7641109482182856 4.609622016385249
0.1807666934791956 0.425563110082073 4.847649288533557
0.5310879037103308 0.3688513114137926 4.900683096833349
0.1471604809654984 0.4999818510116505 4.902966113636397
0.5138329786302337 0.4441236844927809 4.963635199791053
0.9034178785928811 0.7077324435039273 4.66501032176119
1.142478505488394 1.323677413577347 4.269307059819026
0.9080727134176606 0.7821728865878266 4.733028140096013
1.161314494931234 1.406371701544558 4.347158576327571
0.8638161671632747 1.461604474355643 4.441640779637226
0.3447541218577898 1.372931828909528 4.413549568526786
0.6560189108069582 0.875325886357766 4.797243338915243
0.2231576032451032 0.8736723612111071 4.743807207115628
-0.2230293336010304 0.5508265235445341 4.410433352965565
-0.5529228370496505 0.3319102240069143 4.192135711127402
-0.225031910349196 0.8958129317258829 4.043295594301526
-0.6123057607582378 0.5761093034688646 3.838208817126648
-0.2818647854402426 1.125235068885527 3.863481530788682
-0.7143688249298363 0.7258528166191821 3.65670056580897
-0.326034356371963 1.194786204608897 3.944416334678325
-0.7925577008179895 0.7593929127246404 3.709340480635138
-0.7991430309993143 0.3824681049075844 3.708856524458192
-0.7201448037754107 0.1911877539359858 4.033018322006355
-0.8852496384480409 0.4028701393467722 3.727152008143806
-0.7989227097142558 0.2274497986888036 4.020963282883126
-0.5658111483709759 0.2027875479693379 4.405757448225496
-0.2682279833292189 0.363591809206891 4.650358445097083
-0.6331626245326776 0.2557727859659238 4.393633349401938
-0.3208144709278476 0.4272832918408403 4.673781910685663
-0.3280232036067472 1.049559868347729 4.193281514513018
-0.7824696744816099 0.6644122293495102 3.920091409295925
-0.3347245167037165 0.6982274051380142 4.501721264932701
-0.7118114102747117 0.4393057511767643 4.208150716120621
-0.3129667620020825 1.241449828534449 3.580138039978758
-0.7378898610275157 0.8117628344275145 3.413445525541125
-0.4503503240861598 1.46895155480235 3.18805636251425
-0.9064403641018042 0.9526519622569547 3.044246073008903
-1.190497733702824 0.5815399711525101 2.984227312319641
-0.9588937190731305 0.5437121799605088 3.324227109728882
-1.287145186303852 0.5665874222664494 3.074186960564445
-1.052858587299979 0.543976239165081 3.375086835709807
-0.5454843916492249 1.629020042337189 3.424287681676535
-1.08161503139115 1.001068693752069 3.254229733952632
-0.4086355748778355 1.397070287606081 3.786443249350948
-0.9147651660619603 0.872052636127044 3.562905316706026
-0.3053164495680645 -0.4638424644075063 3.49885825898465
-0.01387166548359437 -0.5160670747511198 3.462179101916888
-0.2599427044669926 -0.2647002958425286 3.158922756569475
0.08145301654666298 -0.2965269730480163 3.076888969508226
-0.2350699580713566 -0.2002199670852651 2.938454724361342
0.1613730659034876 -0.206786923270121 2.81773320385855
-0.2581763110611823 -0.2347534404069467 2.918254187008752
0.1726874028262166 -0.2328390559791724 2.783431125129882
0.3398002453388753 -0.322535735752449 3.023836307005037
0.2316437974823972 -0.5617969580207406 3.445600378754397
0.3498526775393866 -0.3654642371865937 2.98498118677951
0.2136563724027882 -0.6117506330603782 3.398570128575797
-0.07151147262155434 -0.6956224727508294 3.673699439816262
-0.3529941428712513 -0.6101227803023967 3.674037903517887
-0.08821316663821441 -0.7343839770163489 3.619927672941162
-0.39702944264484 -0.6176285610221348 3.614521200780197
-0.4946742737070017 -0.3877017658550344 3.532167915991319
-0.4773666706174917 -0.2136418300299716 3.22406475227615
-0.5464865600856313 -0.3928256557653897 3.485920900841462
-0.5207560780292991 -0.2420580997692802 3.202857179991073
-0.3100386517725442 -0.3397827783803805 3.094220887305039
0.1000655294571823 -0.3848434570483134 2.993572997866107
-0.3812755646330623 -0.5038718597600986 3.388486879871564
-0.02401151255430189 -0.6038766521163073 3.353910519206233
0.246369303716948 -0.1307045049688341 2.609370379879754
0.4208193378658464 -0.08746527898285569 2.241203770110378
-0.169704396944131 -0.1347901039715769 2.747168478094425
-0.06575524034744826 -0.1202028432850563 2.42313853405741
-0.450751459099478 -0.1569384525182418 2.84925112021692
-0.3984300494529693 -0.1264024696294852 2.586057067037585
-0.4987470666028743 -0.2312905151748468 2.865634710096268
-0.4593187383906981 -0.1986817556660832 2.657999317413994
-0.05110946132362683 -0.1846880482644133 2.297086642661629
0.5089106570430709 -0.1263477429059233 2.080559706220038
-0.1398432718499429 -0.288559970456252 2.414030108965498
0.4706765503741187 -0.2045155276650215 2.184494963885512
0.7190987278973051 -0.08251668014611002 2.164026570483523
0.5248034040743912 -0.1245012758013105 2.525601724707017
0.7229229186480598 -0.1406922381001527 2.221574584600317
0.5487040371313562 -0.1667474332856954 2.515710012833242
-0.2350704925365457 -0.2718424821015077 2.762381179604456
-0.1520744037826112 -0.317107223160504 2.56500258518387
0.2673854104574157 -0.2078835792032661 2.592783811520144
0.4274303101358866 -0.2003042242423227 2.366052904691662
-0.6995956132705109 -0.003094741669650306 3.886316737378223
-0.5918889163540364 -0.261803046385334 3.662788887546029
-0.7661370841631812 0.1769360900467005 3.555223329219419
-0.6147358958140308 -0.08248602202676628 3.343394646503135
-0.8663686979075053 0.2624805437453627 3.369341802444989
-0.6653693698156709 -0.01836823762558144 3.152417644102307
-0.953827060261782 0.2530692282244979 3.391412428908193
-0.7277422796462079 -0.05128685245528387 3.158129901858223
-0.618767910999904 -0.3749089492780016 3.826894173979518
-0.7069685362528393 -0.1033167858036851 4.066254261693468
-0.6883287960943445 -0.3505897045550583 3.769142002381201
-0.7827857623465519 -0.06417320662916892 4.020547215621866
-0.9551092725853283 0.1843603765105564 3.563916971398574
-0.7559576466787751 -0.124030709480937 3.314817905665379
-0.8770994463088094 0.05296121166498696 3.826876744114769
-0.7408706318168222 -0.2459574213616855 3.570801288605917
-0.6324267462299912 0.03043440198017163 2.962061818147018
-0.6363176862264478 0.04125949446716513 2.666352724694299
-0.8648724551854068 0.3176977194939714 3.165670026076919
-0.9865954668661989 0.3538178283260315 2.838343603162374
-1.136471147059043 0.3213080026896036 2.679506998370779
-0.69370358794137 -0.01902913228466682 2.544608983851445
-1.242793512397588 0.248942044426478 2.801851687147864
-0.790641172794137 -0.1130367694455368 2.651505940255398
-1.064840614597023 0.2705750017178686 3.255735705232018
-1.198955117992119 0.260857225671469 3.018737782161306
-0.7768600915062266 -0.06897780925453062 3.024420432098941
-0.8107845982410539 -0.1079899302956954 2.826628231560623
1.637876664210112 3.39716247489788 -1.137928586069074
1.297338588478694 3.436991087037614 -0.7567173571291775
1.231448491826652 3.546991450044101 -1.56746017822148
0.944710539267325 3.574980280628125 -1.200314643613158
1.023817262216362 3.699607075613466 -1.790117016712731
0.7592366267133331 3.719946496885034 -1.42578335992051
1.083013066014803 3.834861408341924 -1.755978883268575
0.8036102228057376 3.849920498736176 -1.387467264853923
0.7926297614300777 3.653967213500006 -0.9805353090262987
1.11627674300258 3.520631917679732 -0.5295683650409801
0.8330392528438065 3.776989745322635 -0.9396979536895533
1.162096114544866 3.642230782511345 -0.4891615326623893
1.547768907660619 3.40971502059818 -0.4460571707067345
1.928254348569853 3.363533061155795 -0.8457907754709334
1.603131777248865 3.534571810581207 -0.4109747240569793
1.998008342386279 3.492291481161256 -0.8198054044326533
1.369261526110094 3.840154818513527 -1.494368422454309
1.049145358894822 3.857738262033619 -1.115389949722544
1.786967021691751 3.685143581508761 -1.076405672645491
1.414260899339392 3.716173833640919 -0.677758711179989
0.871123267323179 3.445916052605338 -0.3692228741858627
0.4890431139325866 3.424397735189559 -0.1022316315950767
0.5811501720697659 3.574880775078173 -0.8285106880727993
0.2455389699964025 3.552198415979299 -0.5738629533374057
0.4292310384708009 3.712819067861037 -1.055001226670113
0.1211962048743141 3.688979073135148 -0.7988719808581458
0.463973469723334 3.836758427212411 -1.011185331200185
0.1499756249236527 3.811397839332527 -0.7449974913435026
0.660371925459755 3.403299589697629 0.2541744179526246
1.077318718798437 3.422905945503148 -0.03374470737969401
0.6933054550669328 3.523859549219211 0.3187160215921413
1.120707251042998 3.542803534509634 0.01539581240770912
0.6628903135121419 3.845604184788537 -0.7263332609053081
0.3119660637414754 3.820999954037615 -0.4455011299581793
0.9629250572219293 3.713962799658217 -0.2634261078761868
0.5601415540212407 3.692384929698026 0.03545129777493728
0.7547895907573164 3.666341409437217 -2.031173016151805
0.5265891171826138 3.688655432207141 -1.672567207815475
0.3965488920909116 3.724235150867713 -2.335409221446813
0.2040608670648347 3.749779809906887 -1.973031953293625
0.210035059033116 3.85330809752926 -2.481581733640656
0.02792808655986151 3.879501484202995 -2.104735158288772
0.2596683759303275 4.008380898695434 -2.464100235739375
0.06549691578063367 4.028905758844561 -2.081467018752245
0.1136479130248699 3.83950342878985 -1.75638959052209
0.4113696582970798 3.770950975121482 -1.457437228976059
0.1498397729120914 3.980896324241344 -1.726450920124644
0.4490800860049464 3.902695508840779 -1.420214425124868
0.5175644469675676 4.065454969037615 -2.281988836367032
0.2976024503462734 4.077170355759477 -1.909213345680949
0.8834858065756589 3.983662926055121 -1.959147709510079
0.6240333857203376 3.992871104918421 -1.591999850476971
2.486975756764334 2.928406135301634 -0.1288037231539005
2.051550310971257 2.999709927470841 0.3127224989423485
2.122529538827915 3.157266001610267 -0.5844721656147758
1.724043530745538 3.214723977256528 -0.1739062608188121
1.509905832567313 3.307361310197496 0.07432365178561989
1.813223828140198 3.100169789887383 0.5855911637608079
1.56010983068926 3.428423311618257 0.1185533296838305
1.864811800154227 3.22014225403311 0.6379557817411726
2.284564090372211 2.930729009133519 0.6551706826464541
2.752452012198768 2.854895905401657 0.1883172597350769
2.346506707120586 3.054267529130151 0.7077338116831472
2.832898283925813 2.984016147488967 0.2312567498797841
2.284458720207687 3.445542662496745 -0.5223140304312536
1.852184381068848 3.493415642802122 -0.08986073793790124
2.658774832338244 3.217162812108404 -0.04795869102438621
2.184898925712592 3.276762838925324 0.4156783211626731
1.500780670639867 3.040243378707901 0.7751640232895658
1.012858616874795 3.029804521108911 1.09054846086654
1.22625066464909 3.239378509929829 0.2509035331294393
0.7863498515820764 3.221828504483945 0.543604605652906
1.170277717253181 2.979061333886543 1.478334855249115
1.692825998536456 2.979738965293424 1.145395183712134
1.207211994934488 3.10240191971913 1.557713079880289
1.739893713545829 3.098672413065222 1.210752328612053
1.325981352972283 3.506926705261835 0.3685189932665807
0.8617774380036686 3.493076271170227 0.6969197281375131
1.602903111879998 3.306368668619943 0.9101812211725714
1.091570381083646 3.303723480100836 1.260009756040769
2.02930530094422 2.512923326506474 1.972499528873902
1.459419694110648 2.539257145244403 2.298836832296169
1.819230814588854 2.76499103771053 1.436855501888919
1.277208613649837 2.771077534769064 1.763657249317343
1.571087507679328 2.451148086204874 2.680166151124056
2.152014329825426 2.405854308970689 2.345538921540249
1.617478523310492 2.569693838706439 2.761612087730279
2.210706907864172 2.518170035606148 2.419717346659064
2.40308715063717 2.547091888944583 1.771144418280032
2.167819428501134 2.812184479554595 1.239863117061696
2.466010882447313 2.663496912576723 1.841583452576225
2.224158151509477 2.931589572327232 1.303673954994166
1.930477828219625 3.031438167142058 1.592515702775897
1.365835709907918 3.048658217975044 1.945889526764569
2.15335433077414 2.774955095573001 2.137590323125186
1.558782603589539 2.81386737224508 2.482635048149906
3.19745886457937 2.340063223933618 0.9388309925375335
2.687149670976156 2.431724989132336 1.453317452822874
2.910871079368079 2.614628258830233 0.4606576459130391
2.433450951231664 2.70120558273172 0.9406436614255255
2.852914995994734 2.326487011779368 1.820614320707173
3.391796843682124 2.232260848531426 1.260125125569473
2.928712829803566 2.436201124386991 1.883072721057658
3.486590879363874 2.345818416347205 1.327639333524834
3.58005643759962 2.337419747303473 0.6110802177488055
3.275190293093582 2.619071313858729 0.1474102678498672
3.68440359674921 2.455422482484103 0.6627210997145023
3.373313162243084 2.744370440023158 0.1879386041894811
3.101139697739375 2.902270817827406 0.572086725370703
2.58022463583599 2.976532778087017 1.072113503908755
3.403221198897422 2.613125025916795 1.073712486374195
2.849703238286445 2.697064624700184 1.602972286845425
4.261688321556438 1.940124744212911 -0.4684727078806972
3.835354578241633 2.167000583885756 0.1877495248907702
3.954340717764957 2.236623076388237 -0.8800834496282939
3.526648692269847 2.449250259190021 -0.2493887090867777
4.039138217641409 2.048261783304875 0.4679326316019694
4.468852566673941 1.796794678864675 -0.2154026186874936
4.154496014758166 2.142724094724344 0.5153548927102548
4.596873230352394 1.862338403970048 -0.1956497210172999
4.237494330167654 2.416580322778662 -0.8860237743946874
3.774053845462358 2.702388109552878 -0.1891955863110815
4.551469091677003 2.106838088804389 -0.4485203098349784
4.094205511427441 2.403735957340514 0.2735873559973209
4.351186699616285 -0.3064259081465498 -0.6571567609743146
4.492967632580149 0.03963568093194142 -0.1813205502773624
4.416813069160914 -0.02201110868622766 -0.7748371030011815
4.57018634675582 0.3969403268719529 -0.250364389196738
4.503486131061624 0.1362566481914143 -0.886008311510754
4.67273806162595 0.59806480872774 -0.319450039448556
4.614065657618339 0.1111135111006121 -0.898516232066458
4.784303037179614 0.586812249464128 -0.2902447826646876
4.620851457021812 0.6162016714011461 0.125018932528449
4.55008060553746 0.2132647093005597 0.1503419091122637
4.723822068827751 0.6035696553396895 0.1843013105821063
4.646894891051042 0.1913592153879258 0.2136876905558235
4.499965662368138 -0.2032894449751858 -0.1352153427230844
4.363859896630332 -0.5000609848323332 -0.5994904081999749
4.599933191327491 -0.2287329899422418 -0.09368721470785832
4.467974897708298 -0.527359794654656 -0.5990193657525607
4.270831618679536 -0.550050411606442 -0.9341933015104081
4.314551645672502 -0.3085566375618791 -1.077067221077804
4.372309346921391 -0.5832180675794796 -0.9584047627500123
4.418188225928483 -0.3435382067987983 -1.10664675413482
4.658203957500876 -0.08413184793522932 -0.7860279614089642
4.809922772416628 0.3569682960815959 -0.1676753232990721
4.586600115884499 -0.3695174276230175 -0.65764058950736
4.721771572623224 -0.01296016585270883 -0.0888431006253623
4.42875210404754 0.3243378817668985 -1.014389530715827
4.620343680728261 0.8003020590079695 -0.4714648911431083
4.357940671647251 0.6123627799467048 -1.295375762658914
4.588239042951272 1.102782537952408 -0.768942583378228
4.6685363603744 1.38526312938534 -0.3925674817870251
4.682507117533541 1.063060031349727 -0.07959621475731248
4.79517816099506 1.418650055058153 -0.3791477863026778
4.797776360910502 1.07298763894089 -0.04048974202693607
4.292665642460985 0.005792944535513663 -1.333909185799059
4.194636264099173 0.2865138967328235 -1.616504906201955
4.401647141197958 -0.02563321455804746 -1.382216190054637
4.309214692772082 0.2614215641440749 -1.686994085550395
4.627298825132484 0.5898204768854053 -1.403825078343674
4.871352196309005 1.139073251902777 -0.7904422980168815
4.68400140852564 0.279261920156877 -1.069284791552418
4.88237058507565 0.7968103795435281 -0.4348944524559717
1.805321098126301 -1.049582793974302 -2.68575262989921
2.370487320248967 -0.6138417722890334 -2.628942207422554
1.49434372310781 -0.7003235612555245 -2.962708304434797
2.062562522494744 -0.2683778944345038 -2.901965736758271
1.335075003092895 -0.491799327690277 -3.203120355624145
1.907823152558488 -0.07594399792465785 -3.150290531551705
1.411831393927937 -0.5412879274575549 -3.32279537337378
1.991094592137475 -0.1367776748975226 -3.278815453679742
2.479003835192456 -0.03189403941301248 -2.920165322694809
2.780483185324545 -0.3808025191686305 -2.63783150237552
2.573724256827793 -0.09348837967718843 -3.051235744591787
2.877590742732842 -0.4455557800894548 -2.765528689022936
2.594651853550323 -0.8448251718192277 -2.532087822697883
2.03056724654303 -1.271479315203125 -2.573418867052345
2.68383382988986 -0.9163529191005289 -2.652179098894071
2.12097910207524 -1.338138297798977 -2.681650097276237
1.516549923799632 -1.341201548424696 -2.765871066602601
1.200356770623799 -0.9825409499007093 -3.054005333526435
1.618758794665792 -1.388405172325929 -2.869191664138995
1.289973815828835 -1.018292437962085 -3.162922543952491
1.676775407022445 -0.819370039859914 -3.225596126326986
2.256738431110195 -0.4113905725917423 -3.189604568038817
2.00466623126424 -1.188836012923101 -2.93834681606521
2.572978288202732 -0.7688140331188278 -2.909175763010201
3.069213224149504 -0.06312148624885497 -2.450588686651003
3.60563356871668 0.4013321134861122 -2.189197697224738
2.782850967888359 0.2888637842670212 -2.747778681041023
3.342123416544812 0.7612947400824517 -2.524225960267045
2.645460968746022 0.4819070653650684 -3.014046085268991
3.217972337977342 0.9644102546043467 -2.806552246521248
2.7454617428777 0.4286543632256892 -3.142849826006118
3.330055462602646 0.9290711901034735 -2.923400752483948
3.808514058535583 0.1717164922084315 -2.054684443096219
3.286110248812275 -0.2963318423079582 -2.345296430968415
3.919861968671135 0.1348232446642445 -2.154692028015489
3.387813723160213 -0.3532964031054048 -2.463336165383286
3.011587880736904 0.1667545581245348 -3.035659873758154
3.595250491562031 0.6823214961371693 -2.781058697791122
3.300752137037016 -0.1887917606726739 -2.728808656682173
3.858456791645382 0.3213254440298913 -2.430523626360224
1.076487751518348 -0.2123425439221932 -3.293991664752007
1.642687068599323 0.1974785164558498 -3.241013919636645
0.7419892177638348 0.2029084931151655 -3.556757109219722
1.297174826661066 0.5864127485622938 -3.513598852382731
0.5946695852222962 0.4322968657119848 -3.793027095857219
1.14101154376055 0.7961950259039896 -3.751509348761436
0.6673828509883458 0.3806167931465521 -3.918418147025803
1.216723123489881 0.7418743458162735 -3.873700866342442
1.700798231453434 0.8033119037739 -3.550235236233187
2.057167958263722 0.4274177278777465 -3.27088596316486
1.785058238001328 0.750140932018063 -3.674811119877923
2.145832923073563 0.3704988353645555 -3.399727237972284
0.7805837590959277 -0.4785376098434346 -3.390582391975943
0.4522470119306772 -0.05080247798396283 -3.654001510640467
0.8591382455544077 -0.5108268390637857 -3.508357629324964
0.5285237869605918 -0.08897960225677466 -3.779649035855456
0.9038204329608925 0.08860950041283612 -3.8359179088352
1.469260458655801 0.4610771207480873 -3.792006304193929
1.24155298918066 -0.3217321460715249 -3.566631737190302
1.822217660042665 0.06637907630711648 -3.526095041515037
2.369180851220658 0.739840900181604 -3.121240870358884
2.932027859505355 1.204428277832916 -2.941319977348458
2.005883329607784 1.098899782142846 -3.41611136814737
2.548479794427684 1.540013212840274 -3.262654104087971
1.838418847776162 1.288699895763963 -3.664102698406374
2.367451240802686 1.716259824207362 -3.522235854005195
1.928527056474166 1.242440798471207 -3.78613483766516
2.471698821955827 1.683433030291704 -3.640559973205451
2.213264635888415 0.9908887749365363 -3.694182340206632
2.787150090962742 1.463482906347249 -3.527758329106667
2.586755508715584 0.6245979182102965 -3.406695416321162
3.178793640245542 1.125670136558805 -3.205134539823063
0.3756020182930291 0.7278741598814579 -3.870158923970636
0.906236318785045 1.074868470641881 -3.830739101187056
0.1284923626444522 1.168311848886737 -4.104186308057181
0.6316648262742207 1.48134864668318 -4.062711249705152
0.03622541304337192 1.434417270803858 -4.30848943705266
0.5192025304475288 1.720314516978291 -4.263710948317145
0.1049079447513097 1.399669798671674 -4.429219253107934
0.586826590981414 1.683068265608309 -4.376732579854834
0.9873283548072451 1.653017067245842 -4.101312726804564
1.28674990253619 1.268928916796656 -3.870386403671584
1.06276980031763 1.610176113542817 -4.216254373110306
1.366832709529709 1.220223005553289 -3.989444504365736
0.09907643838801038 0.4938049690321634 -3.969098279616835
-0.1353138665446318 0.9567433621949832 -4.204645245992222
0.1753144754882274 0.4525824018000604 -4.099113639691791
-0.0611950060848931 0.9200536505962993 -4.33474356337832
0.2889127119113386 1.074063497293551 -4.376998094289793
0.7921175209617681 1.381306739358472 -4.321314680885307
0.5387498841620538 0.6162745347008891 -4.14877741353981
1.073299938537791 0.9588620455258582 -4.098511524091824
1.568311214016997 1.533150530331289 -3.750511274066166
2.059789401958879 1.925227273924082 -3.62359473795971
1.244560476822967 1.882657691516975 -3.988550548055176
1.683848497191565 2.220581553591582 -3.876837372129781
1.107009440662011 2.082469591580919 -4.191190435625602
1.524104536338938 2.389861940952 -4.083758285764697
1.182549007836174 2.049431857660613 -4.30472871951059
1.612080197298966 2.370542859856805 -4.197768776359045
1.427562160551645 1.795677501473482 -4.248441863257817
1.896172027486643 2.165303078680541 -4.135970327353014
1.764281854149777 1.434340848679565 -4.018508442088642
2.286940603362164 1.856790056382348 -3.886878619552633
-0.1297030927919033 1.758616131016207 -4.346542267498331
0.3330780607288875 2.015625312194206 -4.312496661498505
-0.3169492740036832 2.255857227829611 -4.472627242246602
0.1175397482883682 2.461950571258304 -4.448382411049736
-0.4029937293175891 2.56367541592382 -4.57813088941319
0.02120460340824644 2.742637402344651 -4.539289815861167
-0.3572730823103051 2.582553545298256 -4.69670013635533
0.0650984461461095 2.764022207624783 -4.64191087442084
0.4140132120258218 2.581229523850833 -4.481802980924684
0.6534499028628057 2.156338963243154 -4.349380848762432
0.4627124271030335 2.579147063563873 -4.584507425859312
0.7155892155396442 2.12988057138773 -4.458370285787794
-0.377441740900011 1.583456328636706 -4.441889894835451
-0.555591751094922 2.117508715974115 -4.561257763677661
-0.3136665138750016 1.557161817770293 -4.576557800708928
-0.5045191488073916 2.108993386779856 -4.70193953658112
-0.2010087951358457 2.249960116395639 -4.743250381088311
0.2272407162080934 2.459793720451703 -4.685045009515839
0.01128424713082218 1.701229341108834 -4.616384750685718
0.4694871960108096 1.955986817650971 -4.55947952001783
0.8894151777818557 2.328328237848667 -4.239910162888942
1.274770263298919 2.584099439629934 -4.131064308329718
0.6440740237892667 2.695901766295741 -4.371364819051961
1.001951885804187 2.864059558296481 -4.255778801775555
0.5433101641214914 2.928726619214367 -4.452099277411267
0.9096774569865955 3.037495828566 -4.333224344007661
0.5904306897140841 2.946027331710642 -4.549357865226984
0.9685455279838679 3.056934526933652 -4.43229344932217
0.7601790076687436 2.691316652418004 -4.601923912990685
1.143586909342633 2.874412059036155 -4.490165935277692
1.038248628066022 2.274235228990312 -4.486373839145279
1.449934524201181 2.556786723976202 -4.380197623722451
0.7923481630901977 3.190271614616688 -4.222926587569364
0.6663559489835881 3.442558630233219 -4.019566266215476
0.4027650365202036 3.13170266400847 -4.350889357338716
0.2369168927777507 3.434682738543284 -4.163790898578128
0.1673376199217802 3.092689438595169 -4.465713836165662
-0.003461167053475051 3.449945115360916 -4.282399845108788
0.2105860094962117 3.137206802336336 -4.558092011699034
0.04343482409155706 3.537810673960492 -4.362409057740662
0.1654608605445277 3.642497749180174 -4.022129038557213
0.6074899005514243 3.628625206935418 -3.862623122336885
0.2221174425181006 3.747495839101221 -4.085104278017137
0.6800912220485507 3.729863796638588 -3.920679983634042
0.5094388157076458 3.223497909479873 -4.553235262398831
0.3582033899156622 3.619176291924576 -4.332409841738107
0.9280091149603165 3.277219426051011 -4.427846581088585
0.8212632602156129 3.615711084998382 -4.183851353518764
-0.5488319433765301 2.822000010233388 -4.481739894227277
-0.1230289980229526 2.981373516054354 -4.44744458387037
-0.7309985107958067 3.198011156679372 -4.343722054885778
-0.3004318367668187 3.33332968406223 -4.285162256977438
-0.8130597445380762 3.468564636010148 -4.258859052994244
-0.3789884618728693 3.577517195238608 -4.170131074218882
-0.7828594283206056 3.595993103248928 -4.354631984879614
-0.3389626245181738 3.695090327309184 -4.248235123248864
-0.7877298665240697 2.737766088476403 -4.572690187320215
-0.9756177725514583 3.161309260635936 -4.44279512487379
-0.7490662001389511 2.780875196524167 -4.711929911892451
-0.9462572051650885 3.262466505288645 -4.569717156961028
-0.6514998733005479 3.427412529605355 -4.58762880473738
-0.2068749258435739 3.545746907212463 -4.483435255495791
-0.4553099993327165 2.932388684233568 -4.745310282226271
-0.02899552639161576 3.090195229279059 -4.66767121502882
0.4362208590695407 3.652168644006599 -3.591882894962439
0.2093225866244108 3.733522109816199 -3.16092405314056
0.01378146541878198 3.677373074605995 -3.761303125195512
-0.1825118571393572 3.774048088027342 -3.345166091709527
-0.2184933846381382 3.741431266734988 -3.877428909746173
-0.4053345734191682 3.871929691368521 -3.460416735092164
-0.1741916206652647 3.868413957694444 -3.933757630394404
-0.3701482380279056 4.005802709835193 -3.486970112137362
-0.275648577348679 3.90121335019923 -3.076387864953665
0.1076743881720884 3.858563986861635 -2.886395140889593
-0.2397100953903476 4.043958487641238 -3.085573543810632
0.1589136205745128 4.009070912488523 -2.883944235166962
0.1362120350795707 3.95021371139148 -3.868762175203739
-0.08353523769026105 4.082615071402535 -3.395082555320343
0.5947593800811787 3.923316764749867 -3.681945981341289
0.3438050340140363 4.054156614672404 -3.186573432412015
-0.5019670506642528 3.626456776773105 -3.908699253608114
-0.6554614335073644 3.759553547065845 -3.501662598469037
-0.9105196980193903 3.529370960840304 -3.990482436109791
-1.02683707937976 3.692171386754187 -3.57971798127678
-1.154852874264485 3.546082703886043 -4.084077863000858
-1.26812994165708 3.742621200628458 -3.657710432309819
-1.147671739461299 3.699962599825203 -4.183520986506328
-1.286465941350936 3.911601683294205 -3.732125161693625
-1.115190504199469 3.866173107088093 -3.32457260145034
-0.7412794351851482 3.906747768963465 -3.240036097689747
-1.131960445841932 4.026818515459025 -3.374426267627647
-0.7327473764056148 4.053496410653094 -3.269903825245061
-0.8690111485091983 3.861820401783899 -4.182060420699684
-1.033992654783719 4.055731241473651 -3.719472952590624
-0.4251000632676242 3.928334706783346 -4.058266801533064
-0.6108817231045522 4.085774833329606 -3.59706697906614
3.732068482766992 -1.080100775817146 -1.384478127200675
4.044687950814061 -0.7477603672350798 -1.135140480017431
3.67357921621191 -0.9183472710395647 -1.569903109404654
4.053195774650411 -0.5395626160317395 -1.295108206490891
3.6665369367224 -0.8414041362234346 -1.747135010719503
4.093590788836023 -0.4297289414375026 -1.447622415652705
3.747953855453 -0.8989881371845538 -1.82595077039184
4.191631437129785 -0.4731317685523407 -1.504811175390837
4.083081536958036 -0.8955884030216261 -1.070762945866798
3.800200782903074 -1.20535596880029 -1.311585466911767
4.174305471226215 -0.9330412854681897 -1.111757289982861
3.869113043573793 -1.256433175295363 -1.367804398066957
3.535764176659439 -1.306040645065803 -1.519265233036948
3.439675252806227 -1.174690425201063 -1.718916901387596
3.593891108199715 -1.367444513612425 -1.581916935487599
3.504482656533991 -1.238490273275952 -1.79395668438293
3.845211055886324 -1.044438263795001 -1.727423819690263
4.266294234241211 -0.6357710751135484 -1.406252235546546
3.891894561673467 -1.199334523511402 -1.520634741787332
4.251466344783904 -0.8372835468550994 -1.231835046242671
3.535957125667859 -0.6791351250984217 -1.841705733586668
3.985367796420142 -0.2569253326060491 -1.549138023540579
3.359003259088242 -0.4373028886805931 -2.100310518223012
3.852536188106744 0.007738895623732128 -1.810136029855987
3.273433206879142 -0.9660590492336936 -2.012490217209963
3.085569534741648 -0.7417461836060313 -2.286736926690077
3.351532255847767 -1.032020798473426 -2.107781106041853
3.175833123000272 -0.8082414184292683 -2.399925417222317
3.576662676629658 -0.5661529334084298 -2.342683062217465
4.094529346769863 -0.07914660998236905 -2.008694291582053
3.731391880643722 -0.8089316160396651 -2.042016067992681
4.212868560781593 -0.3515051869025871 -1.701477578039048
-0.9876821292986894 3.913085367617546 -2.476748055179788
-1.367481151982798 3.871839160380923 -2.540695425036425
-0.8387114521182794 3.86290194687056 -2.936330006106792
-1.198323949193464 3.820891855751467 -3.005755028168142
-1.448739641657461 3.880721870314785 -3.069688260659804
-1.656832366887105 3.92129569660101 -2.567710714759607
-1.494363110515904 4.040579797171302 -3.114360181651356
-1.703636667932231 4.056943455923164 -2.608113565772691
-0.7629138128554799 3.999658412271066 -2.42599103252946
-0.6103550006214963 3.955474442944518 -2.882673573921236
-0.7678841432133636 4.136214312282014 -2.420757762797775
-0.5979901950690836 4.096728947777781 -2.889707076330395
-0.84389845417598 4.18793765425784 -2.97741876611402
-1.260568598341605 4.17001625232407 -3.086994644541257
-1.030201407833916 4.219584761870589 -2.482793429610119
-1.461427654476149 4.184307111394467 -2.578099242224919
-0.03904158260320612 3.79528906821747 -2.626469866266674
-0.1987035866554484 3.829948753576125 -2.234492563599325
-0.3956324268101215 3.850049654380431 -2.797234264359949
-0.5399961008763353 3.892593844727563 -2.368815578712673
-0.6269269886807984 3.980504115658764 -2.108920108260109
-0.2776899126683074 3.922484679616042 -1.998357285280061
-0.6264924222394619 4.117073083545122 -2.091797882471464
-0.2554342138238203 4.065636942509236 -1.976637741472818
-0.3397971682526081 4.171739917774409 -2.79636940195712
-0.5193414853807791 4.206891774890141 -2.344531105493539
0.05534835885935483 4.135825463776055 -2.601218173313093
-0.1334494244132842 4.16032206463269 -2.193083397833989
4.481384385878054 1.264270180229941 0.2797685409336408
4.063160003259092 1.495816696046754 0.9333316677690107
4.459679887695853 1.57408565317006 -0.005489238696312813
4.041917258465674 1.811218814674924 0.6618007428777162
3.781556134493206 1.968147782560596 1.119046256623372
3.780364541357526 1.619947385483287 1.412732380995592
3.883108967792861 2.054733408815624 1.186773893133917
3.871434321833869 1.671365681286347 1.495080220074497
4.107674713939904 1.277935227895849 1.065489936430723
4.526586183418863 1.051980926976477 0.4293134385158348
4.197207382217822 1.288353884980745 1.145303991199611
4.629174979586128 1.056217313110359 0.4982447957771404
4.734417867569446 1.687545022206192 0.0696755304050332
4.289848887989039 1.980230797860808 0.7914237251762548
4.728139925989559 1.312013194047822 0.4080141675714201
4.282606349472766 1.578533097718203 1.102147739224433
3.370572733814102 1.651607335317728 1.782132490272492
2.786322468059911 1.681110814180161 2.456107302405925
3.384593985576908 1.975792105168858 1.462839946890677
2.83822959880734 2.048075330881188 2.041324757113141
2.538855361323434 2.145011681892194 2.407274311112842
2.473579837720367 1.728885499020081 2.876511657713483
2.608002324476191 2.244143711458073 2.477514991354234
2.544340032175834 1.802247470405415 2.938643737760912
2.748097331142497 1.451198055801139 2.724798274273376
3.344031031206892 1.472351219145242 1.991003858152856
2.826128308755237 1.492191008571827 2.785034237952118
3.400503714607474 1.50199994686391 2.066619580151772
3.590287312173909 2.184892014635406 1.621742488354956
3.012652617704052 2.265884291123094 2.19899959525855
3.557335012937905 1.775274598055167 1.953813753049922
2.960766774422087 1.830967721119083 2.600345364724586
4.399645057680271 0.3808239212403267 0.380013315247393
4.111414183841065 0.5304266384533008 0.7479645643584318
4.441290637795762 0.8089453734396161 0.4220643162237978
4.076662496203133 1.004046513341859 0.9475230210365659
3.821494309378491 1.052501785591179 1.326596187899765
3.928852548365535 0.5444785485364386 0.9933209057197676
3.899972294661596 1.034954178822383 1.40041726530839
3.997135808198446 0.5169196606329892 1.08459719677972
4.170128083879756 0.2166685023787111 0.6721107693448906
4.424709316921426 0.08770793508320326 0.3729019854709224
4.2439366084002 0.1877570025064076 0.7632888270556305
4.511278696782443 0.06110916675085335 0.4517534195568601
4.65779328170032 0.79066052731859 0.5903014259573189
4.26223358959568 0.9896893361117685 1.142547442383395
4.600482509533137 0.3338950175329857 0.5567400653942769
4.28394567613669 0.4830030757292756 0.9525195639488127
3.646839459860974 0.4879683006666411 1.063937095026499
3.277200428477506 0.2879822954139991 1.19081137506815
3.486053804666949 0.9273179740025809 1.423608068096025
3.051946085777277 0.665793316315002 1.557081312214033
3.375311164002734 1.138430459160927 1.743118697346027
2.929148935444493 0.8340177562721638 1.859665185666228
3.446399697396922 1.135348773724989 1.821267348469127
2.985783390458466 0.8023824290626183 1.928722607218866
3.432501184001017 0.001966536594310975 1.033173864237617
3.758395886519866 0.1772853495214674 0.9211467802886513
3.478343493097462 -0.0351594115186399 1.113164801597912
3.816026928831662 0.1428820795731554 1.010119450797456
3.638059831954873 0.891762128840433 1.608245738321818
3.176299651946632 0.5956613389668384 1.723965174827487
3.784519573922043 0.4248862174604806 1.261219381693057
3.390072835061048 0.2111469586237694 1.366594663889824
2.684980841826686 0.9232366767458047 2.140325309175599
2.320145849724192 0.9043590104048853 2.704744606550583
3.089328538588676 1.274096276568627 2.037760758804504
2.567753280956518 1.215980927053705 2.722778816287488
2.292792328110662 1.13181127623957 3.168505199935441
2.108023109525729 0.7548464961963659 3.090096553968552
2.36092422792865 1.125655941111393 3.206001724641091
2.170898039159472 0.7479481961402046 3.108152191365706
2.170516821793605 0.7004086412903863 2.671640837431954
2.481157145509879 0.7099767487250823 2.16724704015626
2.224228815138739 0.6665240400391812 2.697767095130689
2.532818594685476 0.6725640856373385 2.213412024017015
3.22579298481409 1.25341983707068 2.211657445333734
2.730426394518916 1.258901502008148 2.828917258774351
2.819612913239692 0.8759034536190857 2.263063706423722
2.456412962424175 0.8663891089705411 2.780174735694994
1.388554899099443 -0.01160680026801499 4.044015621452554
1.445529694826222 0.1878178965456569 4.184339487425148
1.813963541628559 0.5240986847637249 3.448779450414985
1.930651398194626 0.7903538447162614 3.561709160571754
1.950949817627561 0.9699780927312557 3.681830143219309
1.471392563715942 0.3228814651438041 4.287406148783178
2.01551320994554 1.00118903669427 3.725058549672882
1.527075042402167 0.3398678105025972 4.311759374756313
1.195587170418352 -0.2166879956265055 4.552368347144177
1.162595010290062 -0.3965357651088759 4.399315612475625
1.259458580354564 -0.2240584150062625 4.553449368053676
1.225299480297701 -0.4182530293576817 4.383642458425412
1.356397213141766 -0.1312185455846222 3.930854997288073
1.735460206704457 0.3496882495191616 3.37245030758717
1.408514337491034 -0.1691454092971851 3.92329371737958
1.782790391351658 0.3146783855510977 3.377944499863929
1.950123884305463 0.4846394272511449 3.467638962592992
2.083559810136117 0.8179668237023366 3.617272901776497
1.527005205489268 -0.05372917026173612 4.028729217866851
1.592143302303981 0.1921921291190608 4.206397067426381
2.804265758421298 -1.663141658991749 -1.530423437177614
3.236446193833982 -1.438698875974461 -1.534506421690592
2.583464861976502 -1.631866013661909 -1.700592567599827
3.09753829994657 -1.338993821828773 -1.723597527888007
2.467052885893469 -1.651606660195753 -1.881122810201669
3.036876261517654 -1.305818575421478 -1.909657507971165
2.536514011848874 -1.727077555130278 -1.950675808506519
3.099057333889657 -1.376836782307245 -1.993062715034312
3.342592150770725 -1.53431921952356 -1.456031283990006
2.931929523462541 -1.732541497916976 -1.456664977076625
3.385793611290412 -1.601901416717044 -1.503849809139026
2.960659361743444 -1.810149067469216 -1.482878041933344
2.697315246228264 -1.803470375025225 -1.83113523290349
3.219749756975521 -1.495338265917645 -1.886764412596844
2.877701692745274 -1.836447493113767 -1.618055762950438
3.341107889749047 -1.591734770436226 -1.662455967077962
2.311828016019021 -1.541806618081462 -2.012879809882758
2.892437679465273 -1.164563352880081 -2.01160388908692
2.120850394422168 -1.375123765713336 -2.319657958536285
2.688742383360564 -0.9600430393234867 -2.284252448699437
1.993243689051732 -1.808387398249272 -2.023947318316968
1.8274599538834 -1.659929105169874 -2.374184096314318
2.102807188643806 -1.873830466585149 -2.100171170547108
1.937523453102561 -1.716990969025606 -2.467390414946872
2.316992519375531 -1.529831467922929 -2.546455226558828
2.876419609797301 -1.122089558841787 -2.534692608638199
2.487014783277036 -1.703237536932237 -2.200602133540791
3.050095701034826 -1.325019479620992 -2.223779153797783
2.099550277758225 1.741085199290875 3.137313016317819
1.585418796444822 1.834225112870487 3.489974463469477
2.154230135991423 2.13732478229687 2.622072452498587
1.592523118817391 2.196178354258803 2.962344993793701
1.542814893443253 1.605336342648998 3.848726870414643
2.023374979359186 1.478565696383431 3.504301883238111
1.589348013887093 1.693910241359353 3.923393588196508
2.092527485139804 1.550581040693613 3.564849927986401
2.29102264735314 2.368711546065274 2.783927396408927
1.697478476772146 2.444051559210622 3.141447322341595
2.239031194409293 1.925185064653228 3.281371831445362
1.684234928125049 2.044397638743441 3.660573550431353
1.332443232163935 0.4258289336929189 4.384507373953573
1.090287004064481 0.5843144578679924 4.546917548407085
1.747232296549718 1.070404916817142 3.83010696477991
1.384851374548058 1.215104677980622 4.100050986295353
0.8926368532438469 0.2037772404834108 4.845644451734028
1.093107250019364 0.02235323040536329 4.728581858128497
0.9061464005045597 0.2582170977431698 4.896689464931931
1.135193668174608 0.04611735333962026 4.757925779712357
1.877716650999812 1.193000937895516 3.940405637441435
1.460567354559258 1.379678185036871 4.251314350194038
1.438021116945465 0.503913202745026 4.4673298273883
1.139241168442092 0.7216809580615082 4.675821349117937
0.2413357805794042 3.683554211681926 -1.30570780402136
-0.02857466644574056 3.659907209510321 -1.058080992078926
-0.02526243378799202 3.743761280560062 -1.593719368495248
-0.2272977191204727 3.716811985713293 -1.340474106155938
-0.1817421451252702 3.866751412404621 -1.702452208676701
-0.3462459241182577 3.82914649922327 -1.427692028213635
-0.154833898265621 4.007142606910111 -1.673884210206352
-0.3266095670347572 3.963990727599814 -1.391571633607346
-0.3566922554681514 3.779924989567911 -1.191280327770703
-0.2084387656641322 3.714463738760777 -0.892344064537608
-0.3378557634404749 3.90977208467547 -1.144262407539369
-0.1829555019711612 3.840346384802272 -0.8346407543319115
0.04643343081964087 4.051828590655479 -1.520390595131513
-0.1715775651314415 4.014884550235435 -1.2508673705775
0.3181170411798384 3.972107442620023 -1.215501742434402
0.03498352994462158 3.943077944982309 -0.9484361406440786
-0.4463827476020099 3.606174155950014 -0.8167482200105886
-0.8463680426279085 3.534565791913926 -0.6896041276844666
-0.5495704651302963 3.688058176808513 -1.143393885592602
-0.9002918638023151 3.661223177378315 -1.071845286756188
-0.567071206031556 3.811716862272155 -1.294773017680764
-0.9013770900628697 3.808440606380511 -1.267763003814184
-0.5615969777981237 3.941098671429075 -1.253751438814151
-0.9202683619137968 3.930046150014959 -1.221502551362313
-0.5364242449486356 3.970562400401043 -1.035435348226193
-0.9457568191171881 3.927864413666701 -0.9439514356819967
-0.4311579952099129 3.878905021281691 -0.6762918592344385
-0.8954604385928948 3.796722220004596 -0.5224953868060601
-0.3856003571857334 3.819569210061728 -1.80262490939455
-0.5210995333176129 3.770342230507519 -1.493981859854063
-0.7183164438619729 3.874248521447731 -1.881437010087611
-0.8454019187277068 3.797613170518964 -1.516760418289772
-0.7326790272041817 4.170311903366692 -1.829451046692206
-0.8784867097862965 4.077745794202141 -1.435567626973874
-0.3483843175406438 4.130664194134142 -1.745954413715046
-0.501008149726847 4.067585454851847 -1.418407106422964
1.016805402132885 -0.3575409013697423 3.667377175389567
1.21397156685296 -0.227606015942392 3.846514810632309
1.301089992739708 0.04194955718580705 3.10737506174161
1.561552749568338 0.2380154330011867 3.268838577478882
1.490538121308634 0.1829811769043219 2.765645122806227
1.794196526257099 0.4338476082076178 2.917647162625868
1.524580208995742 0.1262826753797971 2.766345877568621
1.841310946292887 0.4029688448696909 2.917751291366068
1.017558109544662 -0.5921536413085384 4.199158857565561
0.9035432516833372 -0.613510366847964 3.939671153680889
1.07056233249251 -0.6227051460329476 4.169255305576832
0.9047568326859662 -0.7089841976256771 3.962987825977335
0.8783936942368703 -0.4909356287608296 3.573486945464954
1.130341635469719 -0.1339855747985348 3.029533778557025
0.9050518944589323 -0.5508922176907813 3.555374911666792
1.159327499393833 -0.197225782774557 3.01773330663757
1.373708577372763 -0.09476790723284738 3.09298659715177
1.661330687790342 0.1356911960903895 3.261082488861895
1.086287722555185 -0.4884303476879226 3.63632116465878
1.318780958052995 -0.3189724664933316 3.8094172114454
0.4179651899178747 -0.5196036802543189 3.499331996748606
0.698483166793755 -0.4832462053405235 3.547316367201436
0.5545677425683472 -0.2493518177737223 3.028705558906816
0.9047618695564238 -0.1607552593548705 3.024081549321989
0.6614497894590807 -0.1345864642816875 2.726485470547875
1.05138951968989 -0.02939810052758175 2.696271270615952
0.6880212262175885 -0.1848667377620645 2.707073543835076
1.079511431893111 -0.0897781870624141 2.686652002688867
0.6182473842515659 -0.7327935576674836 3.873352080990928
0.375170739849249 -0.7362662979990503 3.777614627503449
0.6004653187043432 -0.7942852216835617 3.829195997305488
0.3273661570304354 -0.7918567855564043 3.723149673103798
0.5905216783899664 -0.3621592182957215 2.960957989269297
0.9571675354336403 -0.2928942947704209 2.982999374828348
0.4090931800848608 -0.6406658497874725 3.407763295904177
0.7301260223573371 -0.615575763379515 3.486267257634125
1.879229511163683 0.2106503949564028 1.882054650107823
1.631469570010314 0.2797477873054841 2.427595559135956
2.239636900969146 0.5297029626294628 2.050254777565596
1.950656557083952 0.5428142804925551 2.569424982633559
1.432509061259107 0.1025680363684204 2.37930030571099
1.662501974158466 0.001004712215946695 1.831067004259472
1.460353504988585 0.03850772939991899 2.395783912664208
1.69720174908101 -0.06394486227308778 1.883698829479913
2.33841902408316 0.4184954363220716 2.149163182828392
2.050921265808794 0.4386354739584895 2.616666155166135
1.963350743747389 0.07306432675162648 1.991938459690157
1.703913586778681 0.1362655691897 2.46623810510085
0.9925702955161869 -0.02281488421077075 2.017481777670427
0.7724975597444611 -0.05458457685871854 2.456669614604294
1.405659171761842 -0.00160842420957682 1.848710181135691
1.18003759699066 0.04905877375760442 2.374749208035945
1.079227804997542 -0.09771825994239944 1.838118024158046
1.525395449620064 -0.1492208437834617 1.576392388994647
1.016399769995548 -0.1958278519311977 1.952982993821147
1.510594004591295 -0.2175487505838742 1.697467067335893
1.428443940798704 -0.1527186652903818 1.989934176262293
1.238248119832016 -0.09225810626067781 2.39628686732571
0.9648502938641669 -0.1877496480635439 2.15758150324182
0.8264162796311038 -0.1744784906023253 2.459941018056019
0.1747182844667264 -1.007738303562107 -2.982751271730415
0.6768593139471971 -0.8388912300123345 -3.130810623320371
0.271399653476833 -1.164712729893443 -3.250882313928324
0.7615014855085622 -0.9247165620032117 -3.306196154297957
1.398902844187715 -1.64114476174856 -2.464592111631024
0.9531725264422358 -1.851250603125337 -2.271887323790835
1.509375117208772 -1.746577787522621 -2.620901639911952
1.086695398782231 -2.034775198730607 -2.488027375986755
0.5642673113309949 -1.533438237053456 -3.222070329526211
1.038836684220612 -1.237381808378165 -3.232238450622178
0.9437332445151427 -1.946445054752677 -2.86823289734811
1.388126345002078 -1.621485723552977 -2.923141840363161
-0.5218185857407901 -0.03083644051524512 -3.600060978390502
-0.03504251501455893 0.1221020879383748 -3.731222477014442
-0.4471769285498748 -0.1786871728015469 -3.894756332573072
0.03675626520613542 0.03347866193983882 -3.926851080739054
-0.2201936436954529 -0.5466828616634426 -3.900184027986315
0.2643835199911346 -0.2908611872020807 -3.878177232323608
0.1089369932691022 -0.9889598286418098 -3.60487414209134
0.5946610167501375 -0.7167138687751302 -3.594209539588045
-1.022617070631347 0.9801989875566053 -4.177500926934039
-0.5516975661178165 1.154387469000411 -4.271676439811935
-0.957716564593045 0.8654914940060365 -4.473678403737135
-0.4842907852133347 1.086961420342744 -4.469967324346192
-0.7911538370365905 0.4853007890349739 -4.510178468212714
-0.3145584259503011 0.7312584281425806 -4.456709241651455
-0.5627544625101798 0.01148127806013394 -4.24877341415625
-0.08293159373962156 0.2564925144807362 -4.211239891910006
-1.392880957579588 2.046526997280778 -4.495258222278545
-0.9440175259068584 2.287017046221496 -4.549051572706158
-1.364991070589146 2.041507494319507 -4.788188623706437
-0.9027867063840184 2.296716703406896 -4.752238999116428
-1.2268903115438 1.676894959273882 -4.934892708817342
-0.7551862129631215 1.943419219788147 -4.84650924559396
-1.037333911107031 1.119635651496173 -4.786744305589572
-0.5637080926396895 1.377493478381055 -4.711778773372248
-1.703963717736239 3.001266750092524 -4.191581221334479
-1.312718907870973 3.229781123160197 -4.250055688278471
-1.752443330363742 3.181588434506937 -4.44619571060382
-1.319088824759739 3.386160116122782 -4.425183489575681
-1.674284482169976 2.982649037395242 -4.784553721959425
-1.209959015732678 3.200768111432245 -4.706871024808236
-1.474241778272866 2.408350960105984 -4.947245587483439
-1.005347246557233 2.661203194542169 -4.858277557187814
-2.244283261937139 3.411539074993869 -1.529968614371946
-2.617132877768559 3.135081917835028 -1.638651076682262
-2.377752440859632 3.554714334765496 -1.411761577333103
-2.822271764273923 3.327951235553442 -1.515001824924482
-2.671977997446551 2.531628238740906 -0.636884437113434
-2.279772942438163 2.859883040694176 -0.5171332595373886
-2.886017923469734 2.680741687433259 -0.4214701398675063
-2.412938395899994 2.98984424792007 -0.3564591195151604
-2.497258078844527 3.49752483286246 -1.04565234833809
-2.998017698885782 3.277395002382701 -1.127111699065112
-2.510815463597325 3.239744609984864 -0.5616139920305954
-3.028576124156142 2.973223837349717 -0.6092617959787026
-2.508716376742631 1.801110609039693 0.4328393410120288
-2.133759030106906 2.211913559051649 0.5916435490457376
-2.712251454906403 1.915888894442947 0.683966135535464
-2.255492889909826 2.319981602187843 0.762457833820983
-2.46479692449284 2.894448321959281 0.05071470613831146
-2.987146615136072 2.566652010667292 0.02833491697992041
-2.389738262555587 2.591026985581089 0.5543990064894172
-2.903176984429895 2.216713020542304 0.5319447101919063
-2.222656918859151 0.9232330650333282 1.461292674351946
-1.870964399894574 1.361704407170815 1.68533993965018
-2.425382696666823 0.9884976374115513 1.727407614641525
-1.99840204631364 1.439758150437023 1.860507617818029
-2.264699904665078 2.165999542230857 1.181827254095883
-2.767477267954576 1.743801792878289 1.143369925386481
-2.149479860499373 1.766089662049426 1.677871097912287
-2.640062633388535 1.316947458453155 1.617870806216771
-1.708359330007843 0.01646863956288709 2.142183564568848
-1.470864975097737 0.3862504181320722 2.449328778066235
-1.878335250637613 -0.01982556087980776 2.408272464059531
-1.601467314900747 0.3636497767154694 2.635048069411036
-2.004017984121066 1.18405851112051 2.239347524202132
-2.448313534947622 0.7224960077217515 2.142685320276736
-1.839747480095847 0.6685192547592176 2.602598300838908
-2.208825117311163 0.2311866996345652 2.45972477833418
1.740914397864797 -1.83289055878532 0.2583763654378052
1.975124507135095 -1.612189548551101 0.05084640641786682
1.865255384338532 -1.893776318906506 0.2973856557031331
2.034294459583291 -1.702644248178594 0.08234543915349515
2.046221903650858 -1.012433933687264 0.7739163325642031
1.870421872428051 -1.191928713344614 0.8272416618045727
2.113659437906338 -1.091815572227706 0.8187316290526843
1.985767356225882 -1.230824530746986 0.8901112580053683
2.002931551983335 -1.760836582647994 0.5076524212406854
2.110158360484411 -1.606849277875487 0.3261167130915515
2.073112280742943 -1.454497857899977 0.7697422951870284
2.162821036401295 -1.328763827463667 0.6576617891555868
1.617179606081129 -0.4061182355815846 1.380251541910318
1.398262377626817 -0.6575016944293207 1.348366290723513
1.666573036282204 -0.4341268040530151 1.463903339513976
1.466765404480201 -0.6390300859242695 1.443444145400053
1.980604395287214 -1.050410469390567 1.088054472594069
2.09540219238083 -0.9472476816426609 1.023035002334225
1.7319095734429 -0.7583286214705147 1.340574223761748
1.897810473988489 -0.6089416036742512 1.343657708841731
0.6505196917314608 -0.3030149956022388 1.920169531894212
0.3988502577850178 -0.6309167080602046 1.880882945587302
0.6244600171798083 -0.3500656207052258 2.016653291476429
0.4019334802222206 -0.6270117502367274 1.977718719479086
0.9132903153610457 -0.3624101852395248 1.938519772947532
0.7312380134268714 -0.576658453657391 1.898286366199724
1.407272974515511 -0.3846188908475008 1.689553689733829
1.23781825239155 -0.5631799528449842 1.657129409767512
-0.476155970662835 -0.2726827586175362 2.301707925940581
-0.6512345661458201 -0.5146342300557247 2.120703700494585
-0.5413670233847157 -0.3516917714672748 2.440088034902257
-0.7019414473688933 -0.5808698196087522 2.319070589031204
-0.2417745866855393 -0.4400414550526433 2.409411490890848
-0.3975945890647781 -0.6627995111953078 2.340553410561847
0.2952484116030973 -0.4104454423492889 2.206298935842575
0.1014918618599439 -0.6558256273833281 2.160029345748976
1.673794970571138 -2.105675166686183 -0.643416746528495
1.910735945677278 -1.938955943630005 -0.8233376661798852
1.84014185128872 -2.211245199248983 -0.6678637270334478
1.989474363745861 -2.054185983498524 -0.8320716328979384
1.947532773534649 -2.20564169007456 -0.3983336024708795
2.040227419287393 -2.055447214037295 -0.565232305165567
1.934871395223372 -2.052876843128644 0.05654248940503157
2.049244165865059 -1.889780131588459 -0.1428871654312898
1.46816951322127 -2.077521792878138 -1.503687831095707
1.816177262927591 -1.942789374003167 -1.689204011167973
1.639983528510542 -2.250000884860257 -1.638673895331248
1.928397076818411 -2.06215000713508 -1.787800752227262
1.829426739157332 -2.359790033102778 -1.443671329146664
2.017401030982463 -2.170212736249061 -1.568662265626188
1.917700871985915 -2.325166735804259 -0.9742279907994148
2.031343029580877 -2.167573572656516 -1.114781561821966
-1.440287410772316 0.05546856521143195 2.752750724885531
-1.681871773354131 -0.2688928966173714 2.605108615600498
-0.9316982967836505 -0.2850629522670518 2.635194464219301
-1.098994905499294 -0.5280580600584862 2.531390787103944
-1.963868889965378 3.748991710323172 -2.395483245648085
-2.312287564289311 3.514165285324796 -2.504536603257296
-2.070325746691851 3.922871617073326 -2.389742301407316
-2.484816730776378 3.748678752175565 -2.499979224380443
-2.251886453315124 3.951566175201711 -2.09293664952223
-2.715389906000169 3.799781569815073 -2.209663506648369
-2.398699817631203 3.775546465677897 -1.627228936584571
-2.876870680063373 3.598761745474887 -1.739117048614872
-1.938783709496785 3.50343256811508 -3.378327970306923
-1.57516411094746 3.701278570470492 -3.368741015054779
-2.040829770796246 3.776254772379249 -3.49860218653683
-1.631892798468603 3.915322562461968 -3.454345658525174
-1.419781519284624 3.708364310483702 -4.297438093428439
-1.871952636937345 3.548518552994992 -4.361049533243817
-1.565410206966108 3.957958634380526 -3.82510562786833
-2.006238286033195 3.840318549479756 -3.885933260839376
-1.78826901758362 4.091716312057692 -3.189977406687452
-2.226572667066257 3.989075610361712 -3.266722852852827
-2.005611140631541 4.080876571413655 -2.687455892500636
-2.452954602051432 3.959956585130883 -2.786879505016412
1.380391147599686 -2.255596731942909 -2.379267134358581
1.736004123194183 -1.948002896677031 -2.499075909160672
1.635305765038072 -2.335821193833642 -1.984269359563364
1.923851794377906 -2.083641070807946 -2.111724888793814
1.042120390712615 -1.590760964435351 -1.944219008759235
0.9713423414855318 -1.230602323876912 -1.828065908593204
1.237965496412932 -1.702303491122762 -1.654681444866664
1.157385154858468 -1.361746950645704 -1.5818382441297
1.431755685836671 -1.453667501817353 -2.11160707990496
1.314452649582573 -1.060202454012487 -1.955063234662209
1.603895374922526 -1.584802596335318 -1.80870165952697
1.476627769789894 -1.202395401124923 -1.694978896249468
1.41707555601034 -1.809515786745341 -1.269054834647723
1.352633904050598 -1.480010043480102 -1.258203392964159
1.521484269914382 -1.864373661108637 -0.93114605007687
1.471882226860068 -1.556354157764804 -0.9911047044255362
1.740807223940646 -1.676532845405146 -1.416221566188728
1.635595155028101 -1.318896144177587 -1.368264953887112
1.805547909570353 -1.698048809749237 -1.086208002972316
1.728733482868602 -1.380173048486517 -1.108565450117527
1.533277176995124 -1.524791457458399 -0.6984424681201759
1.528196055740336 -1.382709627352226 -0.4607677976184243
1.584155111885668 -1.825802444039508 -0.5252658203853577
1.600592603132287 -1.704761707586907 -0.1944798127809514
1.773358890989621 -1.328356775517963 -0.8152285395417422
1.764002412217908 -1.177406736397051 -0.5594794259045432
1.844272560904719 -1.622387023729947 -0.6816037889588945
1.859930511028979 -1.481054270487879 -0.347769526617701
1.332476917629542 -0.6105343877287759 0.4632636418459368
1.142200675626572 -0.438482596572319 0.7235379163645543
1.609730321696256 -0.8564155640052656 0.7445813192190394
1.41410187250657 -0.6439219982998967 0.9785337840811312
1.529020029151336 -0.3761152278496644 0.4877565545254692
1.353483551727674 -0.1648341049333102 0.7732116308457502
1.800072950609755 -0.6254877433770013 0.7514954349151566
1.618120109294906 -0.3759563406021373 1.016578997140857
0.82080776700613 -0.33340468706662 1.046694859384062
0.5255039230132 -0.3216730102514145 1.288832968978631
1.030131230635016 -0.5044138416206855 1.282151929002676
0.6340426336412985 -0.4895766620428074 1.527787046449787
1.058215685624954 -0.01401978888492591 1.112608139324096
0.776789100707433 0.0144698972580357 1.360348631382524
1.267073813492189 -0.186345952183651 1.332486527620841
0.8976562556317016 -0.1414044752042718 1.575623777202281
-0.1473994455503622 -0.1675575805626135 1.493397566402452
-0.261665378920385 -0.3875776436713012 1.795502028162179
0.1670816190453049 -0.2786560325774851 1.452284467244096
0.1322889127518749 -0.4697853642191704 1.726165067099897
0.06333424563663696 0.1119988582656534 1.610376050761784
-0.0568641997525309 -0.1215990919246331 1.934512666069246
0.4057739634752958 0.03863927275208942 1.540808925930404
0.381600137193386 -0.1473953337971041 1.804822362149905
-0.9226792743215996 0.2868528216588606 1.518458051401533
-1.202179502050001 0.03367160647815868 1.872625926142136
-0.5786889979447902 0.04963936363930171 1.529326418988567
-0.7829827925220627 -0.1987183860632035 1.864602688765133
-0.7188837564547689 0.5579805420826246 1.681366095342507
-1.010223140096252 0.3292101477240265 2.133718229970993
-0.3841610021646551 0.3085769802745083 1.678092452698209
-0.6064802893376267 0.05410962016234462 2.079616878836699
1.504810523151031 -1.129374785748641 -0.1380602633640278
1.464628967161944 -0.8899064412559282 0.1330651390056866
1.656104286781662 -1.443133885386447 0.1806834889094175
1.695693180412689 -1.175756258080048 0.4396304839670025
1.725037131967702 -0.9224296825007056 -0.197281442821912
1.666209471788493 -0.6811359526828771 0.1136779120681621
1.8896811164606 -1.221661510335724 0.06601212709052856
1.896050043017518 -0.9642983233527659 0.3863443576958403
0.2666761018696142 0.04694711465004706 0.7274981652992231
0.05029652150628919 0.001660601950399148 1.076835231306137
0.5227156609839491 -0.1229779832737979 0.833810500052808
0.308473394919712 -0.1475445183033162 1.121767311971627
0.4958391690431905 0.3077537325035022 0.8017466943606023
0.2739609299395543 0.2824853693020348 1.173934314269584
0.7594372457072303 0.1689909518402946 0.909821188193538
0.5462507893471155 0.1630174745082551 1.211200156952385
-0.2900991147843305 0.5047526266646013 0.5287655879388169
-0.5729425786128742 0.4690567336322998 0.9877454685235959
-0.05085913382593987 0.2838227799793696 0.6260017598579783
-0.3011023529480129 0.2377065221672577 1.042418295398592
-0.06249174367232035 0.7383223665107425 0.5902444281132037
-0.3556662527860862 0.7192857404986972 1.082037754858825
0.1740333999316666 0.5204732911649308 0.693141299557281
-0.08597870964725163 0.4927970109399967 1.140787718570943
0.7443722077577606 -0.1513824357469423 -0.03241162141276584
0.5441029813206403 -0.01700641647231117 0.2987691995462546
0.9893906763334777 -0.33729620526392 0.1639883637115075
0.7972699304422062 -0.1959038028699289 0.4618763514413347
0.9729503966552921 0.05524691653121509 -0.00131918860323542
0.7734996857267843 0.2112163834375715 0.3468915422442163
1.206480891103632 -0.1178333821097699 0.198230642824698
1.024127401002046 0.05648112174878657 0.5157374957572439
0.2742257906601863 0.3221709900486567 -0.3875109389708628
0.04105212786600473 0.4418551732239904 -0.006520404110511276
0.4723462074680647 0.0928996194242106 -0.2349461964676596
0.2544202135038965 0.2212100354752785 0.1295338214409105
0.5343469012280467 0.522739312381385 -0.3787418240552851
0.2855233303409591 0.6547623798138599 0.02427568292377466
0.7174004717642093 0.2916205978024811 -0.2165364530589781
0.4896522632423175 0.4329326357622306 0.1667038141272653
1.254854186879605 -1.11681425429738 -1.121492049561944
1.169668283974409 -0.8643186690308957 -0.9439448708029543
1.408615020063602 -1.25677140723818 -0.9170190585385605
1.35791545285947 -1.056671500261643 -0.7431675633256677
1.51563126622474 -0.933868448324386 -1.202514125163969
1.425952179348365 -0.6732237644981189 -0.99220733501202
1.651402399661653 -1.074060937419262 -1.004474164322596
1.596096090226657 -0.8676629031591198 -0.8024396422896762
0.848146171802957 -0.8130093411220621 -1.586363544447556
0.7397499778078398 -0.4846399904879419 -1.373664105363126
1.033926258702719 -0.9627488945923434 -1.378379292415012
0.9274869795633608 -0.6615292894350633 -1.18080427801089
1.157806143780752 -0.6034456167949012 -1.688819074871703
1.032291631853859 -0.2648834937432671 -1.438371031056372
1.323305784893646 -0.7668207647342782 -1.467157335279037
1.207191330976935 -0.4559851363184027 -1.234103335419532
1.05327752386628 -0.5829203983698198 -0.6667609579096868
0.9382259547513544 -0.3754455128561014 -0.4038362019245001
1.269076967139594 -0.7964584264730751 -0.4574871275295726
1.168966187284852 -0.578327877232837 -0.1906647457755858
1.301031328129511 -0.3900877832194087 -0.6782948889823953
1.17436075842225 -0.1815793533634059 -0.3939977549527438
1.497477243755883 -0.6038031695186303 -0.4794236425896221
1.386882295750151 -0.3816878240050758 -0.1853666032434264
0.6078364656414734 -0.1292440131100742 -1.075272340324169
0.4879727854440467 0.1025985223798819 -0.7940939885442315
0.7963224663280574 -0.3396097191784815 -0.8958985718780386
0.6772323556330269 -0.1251347480951031 -0.6267084084406456
0.8884175254228078 0.08339747479009867 -1.102657689870704
0.7617936520945304 0.3042334287505421 -0.8054129755640438
1.06618697178249 -0.1373940844093924 -0.912764825404151
0.9361263388400461 0.0712478961122361 -0.6266406581373436
-1.755945535925089 3.26451874952283 -2.950162222900455
-1.915100307656456 3.302399091611923 -2.617428076576867
-1.46986669588372 3.018915279838669 -2.716289871749521
-1.63500097253069 3.08294643963046 -2.428452146038091
-1.442535231566114 3.478902346509652 -2.921546522893242
-1.619381344453278 3.531949910449905 -2.539658466511115
-1.167719480887808 3.21562830056202 -2.696140181741537
-1.349959450151478 3.289088572337969 -2.374115831948522
-1.431770315442274 2.608752822820271 -4.007779621256322
-1.172141144784078 2.410745686212745 -3.696747691582911
-1.326996069128323 2.267902903866087 -4.148949250741598
-1.107710788608242 2.150838134464089 -3.853763972387404
-1.084435405017069 2.827891964585415 -4.088102756697422
-0.8603216432876967 2.612948326808954 -3.752252424545741
-0.9540794032255701 2.489478520861676 -4.220161648996558
-0.7832921986544115 2.355701230347088 -3.901801886174362
-1.170981841811634 1.7936171153497 -4.137720351031596
-0.9874261017133392 1.806195599299736 -3.850468292614861
-1.020787953623569 1.385161737357001 -3.986271103098071
-0.8380831092022958 1.476312249866832 -3.693340643064619
-0.7716868379136372 1.993962428991918 -4.21242241444014
-0.6470453634976113 2.003891711646538 -3.904300550912268
-0.6112013867730178 1.556353245205123 -4.089065339065647
-0.4894922661140069 1.664289304579075 -3.774888132512071
-2.113205583856574 3.242056518866793 -2.221329132731034
-2.242830992308055 3.110610874418204 -1.901384323387087
-1.840388914052029 3.07243784185945 -2.087588743859318
-1.979940408581265 2.996192220644946 -1.824261593961329
-1.823536707693109 3.49082994524729 -2.119875549417609
-1.940948519787344 3.369474664418493 -1.808199488526874
-1.562274682565846 3.289741330162137 -2.015805861223818
-1.692017350590831 3.220873025955123 -1.755957532026149
-1.532874491386668 2.938307317540137 -3.6929794204961
-1.610820991131444 3.124471145156233 -3.370805966983689
-1.248355507163845 2.691077542190886 -3.392196534189572
-1.321131440838194 2.866541221122272 -3.092138761586457
-1.202732979713441 3.149770338482334 -3.765598330177867
-1.283956926469258 3.33179755402116 -3.407135889542166
-0.9379310192286221 2.886907746795853 -3.443023583077791
-1.008281936581312 3.059086694343927 -3.117511558261589
-2.043779690700724 2.824771434410033 -1.501532568480076
-2.332160284510056 2.869335460876215 -1.47285168691293
-2.015594664702276 2.61779268192061 -1.188324393675135
-2.339953104029014 2.630263752678235 -1.083745209321563
-1.745738646590372 3.057538175855013 -1.436870970703833
-2.014158465963117 3.141183084486958 -1.383181008788828
-1.717095059028954 2.859145964361721 -1.118983924754617
-2.017302258741275 2.913568564895727 -0.9813031950278189
-1.174680493921828 2.68566631141838 -2.417877896813195
-1.34790664870911 2.767110946105275 -2.164216968568185
-0.9774661504462737 2.416243954200444 -2.183616328915196
-1.157636289586403 2.503293147447061 -1.93084765497106
-0.8786641934212901 2.896319193218583 -2.414785276612797
-1.067408936653773 2.980194680649819 -2.135135568381103
-0.6860949873366039 2.648366231639012 -2.187138420053197
-0.880519701750319 2.730978549289446 -1.910620170750799
-0.9561431471702767 2.353158989160718 -3.038491735975891
-1.023648192915001 2.524466123054016 -2.757279507532778
-0.7587211959832408 2.078852111723943 -2.787440253071136
-0.8251509854384248 2.252151354858437 -2.514232117318798
-0.6523275477985913 2.565991094747868 -3.087359103429153
-0.7173841843509655 2.735268271171611 -2.786971473340373
-0.4554308726915052 2.31443252507112 -2.842505613941761
-0.5225578324954074 2.488164103888564 -2.548302976610554
-0.8962865259343217 1.918858648675325 -3.55366035314858
-0.9065527164164039 2.108510927760185 -3.344706406598922
-0.7294557366473282 1.646851433269158 -3.346346024644122
-0.7196362446701052 1.836421884715624 -3.101332871502276
-0.5880160584053294 2.124933988219297 -3.609632480066103
-0.6061914793303779 2.319961855232207 -3.401832438635651
-0.4167662185731892 1.858851631819942 -3.425023414232006
-0.416071203878691 2.062982321177945 -3.173674343941632
-1.580932659931992 2.803335248934037 -1.865026031385534
-1.77201639699673 2.796480770045428 -1.64997277322642
-1.423290971085497 2.562574113242988 -1.628835925350357
-1.66711668437007 2.586541985049978 -1.403510839726154
-1.307145720155696 3.018193050030098 -1.817562763930873
-1.4899719892973 3.014467256718467 -1.596882061868896
-1.152546717281755 2.785226718541582 -1.588082609737493
-1.388193447594381 2.81018575615429 -1.351939643451632
-0.8017768909171624 0.8714400516325629 -3.709674827295671
-0.6265994526445366 1.029910721904213 -3.427290885776531
-0.591970034754098 0.4557972989452537 -3.454956017549165
-0.4319302437561867 0.6516699277382161 -3.183019555539247
-0.3851070669023193 1.017835314017849 -3.84368807413622
-0.2708008773991397 1.21291193550245 -3.541172935918127
-0.1703267708721749 0.5965151502062183 -3.605319959084916
-0.0748325432455144 0.8375588602820359 -3.31187289958585
-1.943270172250075 2.304062475027011 -0.7177127701822136
-2.29015169853926 2.291075077539735 -0.5524137247354162
-1.859337932119005 2.018763228954135 -0.2911043229121431
-2.212571633699558 1.988760312323331 -0.09188468966438509
-1.65726582754851 2.56692372402107 -0.636676656781893
-1.976823710425452 2.604205443561809 -0.4279866641002203
-1.590560198734162 2.303596775361304 -0.2004357074556834
-1.914483684988916 2.333421264960716 0.04791428866770981
-0.51637388131304 1.259226774454971 -3.071998372741765
-0.5006724846046821 1.473015968292205 -2.812742198644995
-0.3346716721810805 0.9225401558238837 -2.835992818810782
-0.3235531354786898 1.16354115782157 -2.576938387629728
-0.2008104605337565 1.480405574194787 -3.177548355965176
-0.1996502794289254 1.713667789174013 -2.902754653598686
-0.02320509524293253 1.149465890434943 -2.952410903676339
-0.03140905227701623 1.407686262277965 -2.672996685617374
-1.259231735988188 2.24684335482852 -1.274796552687613
-1.548265995883077 2.281058409389974 -1.005311556125459
-1.134859556192192 1.983218359072852 -0.9528065268168266
-1.446338457333058 2.01171178820248 -0.6335315494872392
-0.9957870818956416 2.47770379246527 -1.231998794783155
-1.280444671931328 2.517045298015649 -0.9480084935119124
-0.880673035470061 2.216564701198736 -0.9045269890191273
-1.192715443064736 2.257616605563344 -0.5701822199737653
-0.7658948842969583 2.086477804700009 -1.890303887761693
-0.9563787605359974 2.176618988929075 -1.6174630633245
-0.6092762832451127 1.8223999057602 -1.64541940783492
-0.8097530594914721 1.914698719527173 -1.346606220049344
-0.4794868106286554 2.334886021373458 -1.891943414383589
-0.6838006990036933 2.414760479975004 -1.596225972762859
-0.3264236727423107 2.070509483128625 -1.638810503967629
-0.5416527241724948 2.151701472529057 -1.318398818950659
-0.5374418879733621 1.733322099096458 -2.493591498652104
-0.6077146776377567 1.916490409450502 -2.22561381705802
-0.3656480485511747 1.44830899080268 -2.259627730468231
-0.4422470376090959 1.64405817729012 -1.992885074037086
-0.2407877963645266 1.98680245507952 -2.55507871861991
-0.3116570150850161 2.172274188043336 -2.260031934270632
-0.07871038386707685 1.702902901861739 -2.320134595980184
-0.1526244031694514 1.900661290490359 -2.021257092155039
-0.2792540620501433 -0.0629835917736532 -3.124608242099623
-0.1549904454494277 0.1757728057969137 -2.871754623940129
0.01130551419519875 -0.4775036813831068 -2.86286322492913
0.09655018478871016 -0.2047004404145778 -2.624930729425953
0.1517991121193219 0.07856037805275705 -3.290994822807397
0.2079639719410843 0.3633080234486869 -3.012322098488626
0.4500445617218766 -0.3353401790599817 -3.036937872097261
0.4671300269575867 -0.0191875978663907 -2.771488839482424
0.3935297470156371 -0.961962018981899 -2.553086703297055
0.4262474920703527 -0.6492990793652998 -2.337342493705652
0.7054426744002589 -1.309976423126028 -2.294906435628852
0.688925054591043 -0.9602081021812211 -2.114175140146368
0.8327586378209267 -0.8183650630575339 -2.725760197610544
0.7990095743612462 -0.4660526469083132 -2.484694071762435
1.12851956848185 -1.159947098048222 -2.464738190447632
1.053271849137414 -0.7791765405785995 -2.255892961563302
-1.43052857622005 0.9415699475938019 1.08151487733786
-1.782263684716726 0.7702972693138732 1.404735117505631
-1.252227135731532 0.6341150885602888 1.352911263539326
-1.590044102812564 0.4123895082599696 1.702919165340429
-1.197194420785273 1.245241876216664 1.213976909740602
-1.52028326612499 1.139326556594014 1.629883561241078
-1.030285446774776 0.926952858532593 1.507684773280676
-1.358627112869393 0.7609588559904612 1.965770730511628
-1.728081594370858 1.643873716029411 0.2401687049033723
-2.082972814345563 1.579148295870029 0.4805912764276783
-1.603494758863421 1.331621418428639 0.6423907172186816
-1.957319300536567 1.225723531421503 0.9207195795994437
-1.476415795445347 1.9476522542993 0.3402455650507675
-1.796383385680545 1.951668450932658 0.6389960907965228
-1.359966102333889 1.639933743018054 0.7519958165651245
-1.67521644540021 1.602462907251847 1.100050075512924
0.3773782959205334 -0.2489430549836732 -2.044795881816211
0.3117579675445826 0.08432381858894293 -1.812573671672001
0.5963658424055952 -0.5415796513163129 -1.839449981966393
0.5051298679076592 -0.2007755768347106 -1.613909430190072
0.7083155073425003 -0.02803950861888182 -2.162458500324861
0.6165498486457089 0.3165820713351399 -1.890059240937434
0.9227806766270716 -0.3222172172373017 -1.954025834251794
0.807429681159055 0.02935535789905496 -1.688395737783748
-0.6863667193098967 1.063527284952961 0.1175976336896859
-1.009254097369685 1.051557372833184 0.5693094223930558
-0.5329584001543244 0.8055488218123904 0.3396241891580152
-0.8449899948930858 0.7840855100075121 0.8120155787635422
-0.4579737623373737 1.302535385394264 0.1742759596437154
-0.7887231273518266 1.309396329470168 0.6474533284293944
-0.3037412694428854 1.042435610098318 0.3971032367868015
-0.6249784742692159 1.03779874750232 0.8976463693982469
-0.09263505131817767 0.9029184679997467 -0.8031655156429593
-0.329541297111716 1.005533249506626 -0.4174756608401888
0.06038714728015463 0.6355808112852204 -0.5998097792426319
-0.180798117178146 0.7446592338407644 -0.2103434485676021
0.1797323406331688 1.122043116299555 -0.7792041011203263
-0.07780913325028452 1.230900193545917 -0.3781944203109181
0.3311887021159763 0.844958209747407 -0.5878134701964589
0.0703335337379936 0.9648191126684286 -0.1778843722060053
0.2152129367863214 0.4539667392170477 -1.502765628077253
0.1120527600667368 0.6929765609205685 -1.216219229438536
0.3878107898154275 0.1746162427412811 -1.305059746166461
0.2743965760167831 0.4181169627552219 -1.015843500414547
0.5044588888840436 0.6834869060917028 -1.532665383198016
0.3977975548851218 0.9148927019786943 -1.217589070574717
0.6754416051820872 0.397889892857537 -1.337260956930036
0.558339129198765 0.6297263859338351 -1.02693350466844
-0.09620064745154594 0.4973188358461842 -2.542484633659498
-0.103293121944411 0.7758527324400734 -2.291672967022126
0.1093897421954847 0.1565723651100435 -2.312420502697955
0.07846039612735425 0.4640632975453127 -2.070736850301234
0.2183727691018277 0.7246782823398146 -2.662826319624091
0.1873769069378416 1.016864838506875 -2.384144145870801
0.4337269445892831 0.3802369021552152 -2.431912848143062
0.3769789723357601 0.6999903015314742 -2.155098424911936
-0.4231736001249501 1.497685228466437 -1.335847504892094
-0.637302614827608 1.592519024115259 -0.9995618990027364
-0.2746358484368021 1.234012914616781 -1.087981067769305
-0.4998447643731552 1.331399307226724 -0.7236215386863056
-0.1452476877581056 1.737738296650349 -1.315195925669802
-0.3765488512821639 1.825281172559679 -0.9615530267546544
-0.0004726825501035498 1.465408038085455 -1.059120176009678
-0.2450523725088867 1.561362691374018 -0.681090262485271
-0.1586855252933249 1.09523231028303 -1.978796174413438
-0.2434886382609729 1.307981126004367 -1.707910828128928
0.007281007070918555 0.8097797936075986 -1.760496061731608
-0.08430686312698983 1.035381427556372 -1.482583973611839
0.1236201608283638 1.342268139639185 -2.027704498698822
0.04162780112137249 1.555241957151857 -1.721077663918873
0.2930688332622395 1.048341105239265 -1.796421874145593
0.2006444626117865 1.271597959833838 -1.483512847518316
-0.9812321212530837 1.654606935472525 -0.5432431159722135
-1.306255885984639 1.668627346216373 -0.1673227687735945
-0.8527363297964874 1.389510187938168 -0.2264045156035226
-1.180031240431451 1.390901314918407 0.1857422013784102
-0.7399900724652375 1.890594577458273 -0.4892838268190393
-1.070001739519539 1.923911023991929 -0.09852662933735709
-0.6202564046881148 1.628010263014088 -0.1704293592261922
-0.9540229241498777 1.649951944190834 0.2575813221427004
-3.782041142469003 -0.08913730807839444 -2.716766899666549
-3.40996609630312 -0.1248038702589903 -3.07146711360803
-3.664970849792919 -0.6088222717173815 -2.432204411680143
-3.257573690916255 -0.6453620109531246 -2.799119069347442
-4.07826067397388 -0.3293557667038943 -2.854394358453709
-3.64599942576652 -0.3901224246138605 -3.312477310450902
-3.965392553747068 -0.8679292791318693 -2.569725322090162
-3.494543470200251 -0.9319270264162358 -3.041090356609884
-3.977897739337173 0.9709362318472214 -3.258227070081031
-3.710937646881499 1.013264824338942 -3.596045237520337
-3.901398785025154 0.5195925588627252 -3.04756226340877
-3.581106224379146 0.5055811291701855 -3.39315647910991
-4.253742418247165 0.821013080122974 -3.402284740372262
-3.938503358961943 0.8531573273664593 -3.819011328857572
-4.185915859065029 0.3210806054528467 -3.186078874457911
-3.811053093210364 0.2874674584125547 -3.626053268764171
0.9094387708222534 -2.341396063176073 -1.580021734966685
1.127024859077268 -2.334288338137055 -1.336295765266753
0.9048797531962542 -2.76722647305803 -0.9203757811573917
1.069686506589505 -2.692306449688737 -0.7894938775202631
1.060012017951725 -2.565341801262604 -1.741421806313197
1.315389389670207 -2.541990202323671 -1.460213517768665
1.040358724760923 -2.95272920035788 -1.052601400021362
1.243125498919249 -2.862923134446488 -0.8812521713658342
1.387836100050356 -2.197466073773038 0.760672646245397
1.18713563352232 -2.236381595801709 1.190867620279741
1.296536562270207 -2.317758635158155 0.773670270443329
1.118044962566201 -2.329202079159087 1.146782961862484
1.509741802354406 -2.249128872851763 0.8287042295021259
1.269068149588421 -2.296980155645012 1.269214919738586
1.419720406153104 -2.372823318941915 0.8522206978959862
1.211324379609223 -2.389431522191385 1.245635501883245
-0.8927653034026353 -3.461376832997299 -1.201404295558995
-0.487032051090142 -3.25961061292737 -1.402471221647478
-0.4311045088091455 -3.641807955560938 -0.6494345016859445
-0.1013352422267731 -3.463066959850085 -0.800385345559244
-0.9473886024183873 -3.749542498865949 -1.320892600954047
-0.4818902120079526 -3.521173401504917 -1.563665254098074
-0.4798178377584394 -3.905783621818431 -0.7422177756027541
-0.08935844873370904 -3.709549807325715 -0.9399941257067959
-1.797183330708739 -2.518302424074859 -2.148825947063371
-1.314485848200634 -2.308615032187666 -2.404518395334141
-1.42086221756271 -3.033190462013819 -1.777027537928452
-0.9557862132489803 -2.818949562736746 -2.019326240025177
-1.892810469087751 -2.814079005576957 -2.369917271690756
-1.344190342897863 -2.562394536924588 -2.655715128830701
-1.494190948112737 -3.333065720224229 -1.947036322572244
-0.9673264773985111 -3.082427017793712 -2.224787657409851
-2.441568155079283 -1.227174074763573 -2.83520519686249
-1.968739748789694 -1.057370592500042 -3.079914578897704
-2.186013408403098 -1.803485607062403 -2.542914163343359
-1.703559536261417 -1.613291131421482 -2.796217560143083
-2.57172217687195 -1.509401239213125 -3.138102411663781
-2.021277757740193 -1.294492095314618 -3.398204475530811
-2.30502251236555 -2.091282550688915 -2.818161780163684
-1.75013051561549 -1.855697987472124 -3.093718826162338
-2.889009261764637 -0.0337578287151041 -3.44896003573812
-2.446712133148233 0.1104629050706329 -3.692573706498048
-2.704140207169524 -0.551606666635014 -3.178935457190402
-2.248178827549264 -0.3995963166036713 -3.419514856214293
-3.02716089723364 -0.2862273626972484 -3.762720875805693
-2.502393129134279 -0.1082669401702941 -4.012964398468088
-2.840799905309876 -0.8224005237641873 -3.495597172123695
-2.303017702385494 -0.6297531901968801 -3.745400556312928
-3.264784339031507 1.133303853718202 -3.981579000089294
-2.841451360149075 1.25279682554931 -4.225306263817489
-3.103148782149166 0.6046940218208499 -3.771861369543957
-2.673558984312491 0.736579063588531 -4.015749965154455
-3.408456184742345 0.9777351278880373 -4.261127446630052
-2.911656859085662 1.108994715937028 -4.507702315614737
-3.241661779349653 0.3940991222526968 -4.070946472440361
-2.732794398080312 0.547633551282022 -4.319653100720287
-2.308690015444813 -2.870915036042899 0.6172862225335198
-2.123624163856397 -3.177688039690224 0.1238499448888734
-1.642447195415301 -3.20906998652943 0.8610922227814406
-1.443026039986868 -3.441543457214943 0.4211098377079127
-2.529352598914827 -3.106594813768998 0.7267774385505842
-2.322053092716045 -3.448364280973292 0.1852567193020152
-1.834603968777404 -3.452593214526049 0.9644989544059384
-1.609503147833326 -3.712845041225778 0.4892985103514498
-3.433034000553796 -1.889085012290027 -0.1320375318647966
-3.259937609068987 -2.246563161355204 -0.6619831008881327
-3.002892067575509 -2.368837933516627 0.2382061758953751
-2.827568644223897 -2.723457936036824 -0.2906303424195078
-3.739226652769751 -2.093936507040812 -0.02681536060781332
-3.552172591889835 -2.492994967832729 -0.6307592580627004
-3.268891660454857 -2.590068512133071 0.3489783202663361
-3.075996698145354 -2.984459653912322 -0.2433801289922964
-4.027820745780168 -0.7125760836438294 -1.01047175038776
-3.864244068485808 -1.046111520051805 -1.494733592008072
-3.818437286334587 -1.246539689141355 -0.6188246785309901
-3.648472884135594 -1.59136651434586 -1.129268549268651
-4.384291209479728 -0.8697795570693838 -0.9354360439884783
-4.209137882173567 -1.2583630940408 -1.499722876827491
-4.160385616964409 -1.426365153592074 -0.5282969754033705
-3.979195558826841 -1.818397269468646 -1.119357540953293
-4.24760104514525 0.4460003849728058 -1.83739779307833
-4.116029444935397 0.1349432015161744 -2.238651287028407
-4.183616781931251 -0.0598346974698599 -1.476352386682358
-4.034384404805723 -0.3803402160273967 -1.918476066176999
-4.61795860741754 0.3408273321764022 -1.795063238335303
-4.46386832874515 -0.03868981922173764 -2.260849773763563
-4.550378298355962 -0.1887861143317745 -1.418620698794674
-4.384660107750355 -0.573475778436588 -1.934387275065082
-4.261159871673686 1.437023395187729 -2.637419335013508
-4.187287509879773 1.130590257910287 -2.906118521760887
-4.280562874907051 1.024396173511275 -2.275939919498311
-4.178762308589556 0.7232961622825349 -2.617696178833615
-4.604444589120489 1.398156860234096 -2.67528530870693
-4.50516374851296 1.027159469177539 -2.977398861562162
-4.642735345669283 0.953977058443134 -2.268115393332127
-4.513749216142218 0.5848776283677419 -2.658238667924854
-2.964889352131061 1.12109119221892 0.5662966211937678
-3.420687312060322 0.7688106461087673 0.3792744673089427
-2.823627468733989 0.7011289773618711 1.017535221076216
-3.260068461427067 0.3131893767537869 0.8301718284367845
-3.243295879599166 1.182039964795394 0.841233956432803
-3.726548968305494 0.7792148065325903 0.6305770554774969
-3.09686209201382 0.7362392954475505 1.300136634005149
-3.55942196610741 0.2974988279147637 1.090304489403375
-2.581770629316277 0.1532463994683224 1.520925346033909
-2.961551646877121 -0.27096593946317 1.352419497185075
-2.297473207389913 -0.2625391439721467 1.836502889755167
-2.603549921659554 -0.7305426188182909 1.717558584558275
-2.839311546237127 0.1468082755228164 1.807101090510475
-3.242729572702162 -0.3268536310286357 1.61073390930973
-2.524175743077843 -0.3080685517515394 2.121497854319107
-2.851954651007242 -0.818344436188493 1.965701652669649
-3.152976573634112 2.705932726463378 -1.512727723377254
-3.549905245530967 2.492462604887159 -1.665144798341216
-3.191406870612015 2.403119118883523 -1.058907408868987
-3.598759704405106 2.160140586740634 -1.212888885495161
-3.438186202433653 2.87343136651143 -1.379197248276545
-3.87183487884333 2.625660753046474 -1.571973253501223
-3.482377564566348 2.537331684951956 -0.8708822122441945
-3.925228359288475 2.256674788177677 -1.065876963926171
-3.165935490180691 1.982935473308931 -0.4811422208486106
-3.595881049993165 1.705167304275085 -0.6468609154019944
-3.096177859523936 1.612846555747885 -0.01275141509830599
-3.545049730559981 1.302348313384671 -0.1884364353941369
-3.45622499887564 2.084949685287311 -0.2447413080181867
-3.918747889171661 1.763526213962205 -0.4467162282598633
-3.380286624189753 1.696371628758301 0.2467884752675527
-3.859616909502817 1.339081876035625 0.04053456232996845
0.7818692762641875 -2.185636968596639 1.639435327766447
0.3417091761226975 -2.051654620323111 1.90566451972421
0.7342024482671657 -2.303439231571822 1.535193877687389
0.3199342976447337 -2.238929706621471 1.766653126736586
0.8255325086072924 -2.248864956407674 1.734384977131308
0.365797138176164 -2.108865426300685 2.016970326712586
0.7921656333766828 -2.3688687324519 1.655754310542197
0.3548013474318257 -2.305570118952947 1.902887350102396
-0.259374727522586 -1.857870600355116 2.073033492010079
-0.7465357049294002 -1.757897721912946 2.102632099417734
-0.2197480944416727 -2.143526443104248 1.946795692663497
-0.6233557968764023 -2.100778094875432 2.03032767134451
-0.2459519194865243 -1.914933906080549 2.213185136130476
-0.7471956668255917 -1.824938490385997 2.270916987500246
-0.2012315193759726 -2.208395462835754 2.102867644838236
-0.6200783484573561 -2.164031607332738 2.203369224567858
-1.346315229463341 -1.710586400550757 2.081533946862194
-1.824506842566254 -1.744514087290504 1.978777237396649
-1.080956016705819 -2.138869937556684 2.053053111748592
-1.395681657585429 -2.265975457542242 1.98259814719157
-1.410192210522373 -1.794326740940607 2.279691464071152
-1.971146680294096 -1.847103910915557 2.189889167646514
-1.12870246299221 -2.204136734200802 2.247133444069538
-1.506963861282925 -2.344534278638594 2.185639364168742
0.4925360824096743 -1.940811738433799 2.067908463086674
0.891370660990064 -2.118119090406803 1.799686127395384
0.6673032299402246 -1.968063926458415 2.189175246220211
1.021291405820116 -2.130334792321457 1.957749961457284
0.4897815030256234 -1.985753414465262 2.147361891896823
0.9105265764989968 -2.182346909910978 1.862015190687798
0.6338265977348789 -2.005963512483311 2.247003562808208
1.01482287515855 -2.199120696331302 1.993091026975493
0.24806542750622 -1.190789073535611 2.115331162082647
0.2003945233961524 -1.555070618683756 2.198915093221018
0.4447554428282809 -1.305587802973688 2.263967432477333
0.4201547387287177 -1.631980981512476 2.312745722646061
0.2291784326071306 -1.175900835868744 2.191313790996367
0.1801422186978334 -1.568347220708255 2.281747559240351
0.3984330026232876 -1.270489755209673 2.326752133936143
0.3693838125409028 -1.627295202742937 2.380843554647863
-0.5833693339305123 -0.9529261448548548 2.056847928004501
-0.7270190969790528 -1.310648200696218 2.120776707945517
-0.1481466777258212 -1.053904969226371 2.037853582884773
-0.2469280517492854 -1.430913624718672 2.131297534121632
-0.6077774417374537 -1.01186379253466 2.235076722296249
-0.7424252520187959 -1.376168402597084 2.282663145693854
-0.1533202816882894 -1.075935041253115 2.163660854509033
-0.2496018058313181 -1.471398853419521 2.252069430175778
-1.759704067292084 -0.6344155639866407 2.050919932409456
-1.968293331519267 -1.086213438634458 2.018726397518675
-1.21739538179371 -0.8041855466900563 2.081705244990096
-1.395617903400385 -1.19048107402374 2.101407088750554
-1.917690751558725 -0.7113506534254054 2.315178813675135
-2.133418550025559 -1.185584542134277 2.246323784637986
-1.306300475787751 -0.887753971349924 2.31626007713141
-1.475183968987823 -1.280943781726418 2.307140685777987
1.321617941419715 -2.358234632261252 -0.9549143239081892
1.442058817610326 -2.360623451816156 -0.602530843410944
1.240164947740536 -2.615979951369994 -0.540968782803472
1.354092523839874 -2.541645953559334 -0.2909149622870115
1.531899841560951 -2.518919795123042 -1.027025944887961
1.648192627161768 -2.47034204226965 -0.6368758165394618
1.434587270928809 -2.752392870378465 -0.5850353551780767
1.541271289191742 -2.641378128515564 -0.302929066567612
1.50892622666931 -2.296962900368281 -0.1615720111108648
1.498377082158875 -2.206872911439387 0.2153728594235033
1.427248555243894 -2.435379921678584 0.04290548202004114
1.404625712751657 -2.352508541580871 0.342914811828557
1.697929917892098 -2.361340994760954 -0.1490478926584841
1.66585276398025 -2.256491586944783 0.2616445608592904
1.593453646409754 -2.500375283169353 0.06816236781955239
1.557541559831294 -2.408211536935305 0.3925402368564606
-0.6810753938452048 -1.932079213022242 -2.623433541376238
-0.1848521621689394 -1.583617541268365 -2.708845570907501
-0.3364561877475837 -2.414055764791566 -2.24487229877874
0.1666352528630535 -2.023232347441131 -2.356232607847515
-0.6549500690770375 -2.149966588719221 -2.888968842263237
-0.113543685694139 -1.796866790839275 -2.988675987351783
-0.2931422984425373 -2.648227590379922 -2.470429592010504
0.2548429623105529 -2.256581153857059 -2.59378648561332
-1.371739501472328 -0.7833864605323682 -3.283424338479016
-0.9084247268776857 -0.5442876978990493 -3.347139698871928
-1.084681860135595 -1.295473952692624 -3.002445870174144
-0.6042077485032071 -1.012004477918284 -3.066863960783306
-1.361040432860922 -0.980905341546513 -3.599513874791194
-0.8595711649952339 -0.7319313053510681 -3.674413016912389
-1.071919807419832 -1.497958428137131 -3.304733923597026
-0.5498276990083037 -1.206839081307263 -3.381096894121466
-1.885469141914111 0.3224217328448908 -3.904046096183027
-1.446794246477706 0.4941248125659845 -3.97170962395948
-1.675301514390011 -0.1654515444085568 -3.627275917754153
-1.231274861375774 0.0341289732979689 -3.696710518612306
-1.87507751922918 0.1360499895548077 -4.216869184802314
-1.403710862574169 0.324679571654726 -4.298059917501254
-1.663953323191668 -0.3592070953335653 -3.945787344858774
-1.184137310735208 -0.1482854614903074 -4.026085770061698
-2.281417407844887 1.41546111030359 -4.418109941682165
-1.837778180616408 1.542363315291866 -4.458498467167751
-2.115544467691184 0.922528201466178 -4.221993622109693
-1.676366404189551 1.070450979391032 -4.280514886790303
-2.294578132673232 1.290393139440531 -4.70145026501857
-1.824109853330938 1.449893620329012 -4.766260118203131
-2.112554218743921 0.7588039291326009 -4.521535408688555
-1.64365374729556 0.9310272114912254 -4.59760691997851
0.04477906796103175 -2.889086108723846 -1.589922499850961
0.4791044638063642 -2.557336038810677 -1.685679189125266
0.307261721431646 -3.177289227812106 -0.9239881303753251
0.6118108194040643 -2.954074214089017 -0.9690061642303083
0.1043956661682918 -3.125933746072325 -1.776895021631573
0.5732680780573033 -2.787183450292386 -1.873352122798946
0.3749389816184655 -3.399592650175655 -1.093391473794394
0.7064433691662688 -3.157616638021073 -1.134350002310571
-2.877210388403509 3.247843354994259 -2.437809353847331
-3.261945149256263 3.114630603103224 -2.608354296712043
-3.029446715863427 3.034914313298368 -2.043224296188502
-3.418682098216865 2.861248862041135 -2.203068556458196
-3.136777480829812 3.462370751097463 -2.421685152201632
-3.554252492921135 3.294288735053383 -2.629792153564733
-3.303483047404753 3.233014127772238 -1.976433455967516
-3.728827267985977 3.028025062851671 -2.176507025948334
-2.566262468865489 2.542720647285579 -4.413687056679379
-2.13494539247785 2.610006286026566 -4.380724974592134
-2.455443640053639 2.045988486130355 -4.504026080582682
-2.014195978793746 2.144107249339236 -4.506102830189064
-2.66633625564782 2.594451985325371 -4.629723622926451
-2.207913568694608 2.700540041894251 -4.650145764301406
-2.51045226435016 2.008403978070365 -4.754743091604936
-2.043075631278132 2.14288721412024 -4.79745063209995
-2.487427026300624 3.452243146300018 -3.240953141559262
-2.840047021730246 3.408686884065296 -3.37054513472293
-2.658379052493925 3.420470732155881 -2.890006482202478
-3.032607885162062 3.341168702036835 -3.053320072350459
-2.666549887282255 3.697626310735787 -3.334086375977174
-3.048233471363305 3.594992933763381 -3.472788390549779
-2.880517253619146 3.652880797722895 -2.933009194624049
-3.282922691278231 3.526342339253544 -3.12451325415738
-3.908833889840106 2.09935190135195 -3.514934813772851
-3.849102440066192 1.630719024182405 -3.6501574976374
-4.127061181823716 1.84926198338854 -3.114047306381375
-4.074519373916888 1.461464949391355 -3.287762427263565
-4.173953000754213 2.11867805871201 -3.691086384751246
-4.090524403981916 1.565584146441216 -3.85256290274611
-4.433311014376625 1.846239053459231 -3.228919010380578
-4.359143160074261 1.386236330977858 -3.424557897907237
-3.106335510201163 2.427442279185664 -4.250622614847772
-3.012397310579469 1.911165326960065 -4.328940076118857
-3.509610729532382 2.312734448223053 -3.969459399854809
-3.429916885649707 1.799408409333927 -4.068706728959469
-3.252574027129152 2.468069003594123 -4.450260622112511
-3.117584660913236 1.861126840762334 -4.569648791019684
-3.710088215109598 2.347714294614146 -4.175400880499981
-3.598095694398856 1.74346008537065 -4.311954728557566
1.322547417776804 -2.188944227273249 1.359674983671455
1.569930177933605 -2.126684182532536 0.9818586870658482
1.474522188740976 -2.209614560810774 1.583911982895848
1.760235978702576 -2.170213352065006 1.309582603843773
1.383193219358258 -2.260050423158184 1.401708811555465
1.671265376340179 -2.188067352604473 1.015222249642433
1.512144177900309 -2.29784580009878 1.587292615302856
1.83308605739239 -2.252386081377771 1.293886754834087
1.779388305748089 -1.868133609961844 0.8041483956058439
1.850004823674283 -1.578220753796846 0.9387610553695386
1.943702614337081 -1.962858201558427 1.187703336033469
1.942819681181091 -1.687322361220711 1.27304701184631
1.909145057957266 -1.909439724326795 0.8381032044915614
1.974473563621663 -1.593978642669528 0.9799140151717929
2.041352448189941 -2.008363085230309 1.169718540346368
2.04165020707529 -1.688502877525053 1.26929970723329
1.762278076579832 -1.206108583313297 1.155865725763035
1.531375211989525 -0.9514302504207657 1.338507739868665
1.791414736843819 -1.290010483802956 1.437112737461278
1.55952443895473 -1.013752774268127 1.577514474871852
1.863020757774521 -1.181839924559969 1.215271219416447
1.610597086868424 -0.898867285159682 1.41582921103933
1.880052275993464 -1.244231502393098 1.456141714225499
1.630336677633353 -0.9463446327024019 1.612310351543137
1.074240096249202 -0.8154199767639183 1.612748201691104
0.6297681961187643 -0.8791672890010253 1.861132000018203
1.131557484966344 -0.8845833165371112 1.820629145650545
0.7487105305740887 -0.9863870976534689 2.052993831406481
1.117535274539434 -0.7504237047165563 1.697574151243903
0.641651767692177 -0.8298599214996245 1.939871540336978
1.161218331978514 -0.8111677362152806 1.868183847218645
0.7372933035074947 -0.9238842383401171 2.106564870035333
-1.755891048310104 -3.441101840008549 -0.4465156036840463
-1.383429973026877 -3.533207133945888 -0.8388922971501711
-1.116990420550144 -3.644496880876348 -0.06246914866661919
-0.8224659161739105 -3.715930717399429 -0.3716379801227964
-1.916482986054212 -3.740038041738927 -0.4491439455541748
-1.504493972945528 -3.838520311489301 -0.8950117679922329
-1.250739300117278 -3.927974481492269 -0.04362869764774126
-0.9288923415612 -3.995458924892475 -0.4001313223603587
-2.846305308778868 -2.530055247668547 -1.280697628991559
-2.39286552349891 -2.609550458303407 -1.717848447710233
-2.425383530697922 -3.017484112581467 -0.9133167031059926
-1.990984191170594 -3.112385485299882 -1.354802013823022
-3.091346289977327 -2.822717355629642 -1.351132572643475
-2.576387953454259 -2.923811498570406 -1.867793483514967
-2.630180455051907 -3.319458354754025 -0.950777622118796
-2.142687046758854 -3.430624900317111 -1.458479601206482
-3.464840845956416 -1.285159525082249 -2.050997840954945
-3.025823371309857 -1.326615155481777 -2.440081087652711
-3.236510131220486 -1.848228503333264 -1.717145360750787
-2.783732228503105 -1.903777059747424 -2.128239378843911
-3.761063447514123 -1.557337078498993 -2.177940861341088
-3.255827124488504 -1.626513210437271 -2.667430825362052
-3.518401945231435 -2.128333677085047 -1.823839296405547
-2.999164112836059 -2.209775117647663 -2.328336784251998
-3.30955133886755 -0.8569406981435539 0.9487912323650763
-3.449631574018998 -1.341005659944634 0.5013187894052804
-2.899489815048326 -1.35945923836625 1.335359599313331
-3.030775803499973 -1.833971249315723 0.8729494519417984
-3.610493685408102 -0.9653339418838327 1.176206632325645
-3.75733292011134 -1.492523660527954 0.683187376135177
-3.169261176530521 -1.49401855745944 1.551360719493214
-3.305309087628344 -2.005795770374252 1.04973296313285
-3.845979425512005 0.2525262055508275 -0.01527642392035317
-4.021977110052148 -0.195433054622729 -0.429520521143343
-3.661995936507795 -0.2392773136280542 0.4228026514092202
-3.823664317416168 -0.7102037194314157 -0.009189822393936726
-4.177833261056056 0.2113283881438005 0.1971602470216336
-4.370513703767919 -0.2855652120714178 -0.2709886747504845
-3.984569970825251 -0.309496436592806 0.6495444933177291
-4.159615353612184 -0.8290363209996248 0.1656001710660702
-4.013685926389263 1.282948269806979 -0.9915362457726318
-4.209086520485292 0.9050829763906801 -1.349593736408214
-3.973378832622216 0.8374910575096035 -0.5570003903357316
-4.161485893195226 0.4264788972466959 -0.9423805072940257
-4.366928347165345 1.298501451789845 -0.8390961465701987
-4.579959809911705 0.8753722704677168 -1.243330140905275
-4.316873850425742 0.8279244664305914 -0.3730256295974841
-4.523302005809915 0.3701910642998427 -0.8096280546044945
-3.958919536436643 2.159110396989582 -1.961199731005715
-4.17583492881609 1.851710989467146 -2.263025268655009
-4.008047637435808 1.788748525521989 -1.527533580348449
-4.215514145807274 1.452370920557397 -1.851603554896783
-4.306985744155173 2.250616985768689 -1.91960657734646
-4.531929027567691 1.892681859939685 -2.261117262221653
-4.36405086417964 1.843624121984873 -1.430163722192122
-4.585283783896771 1.459943506494805 -1.795021930470409
-3.647807237375616 2.856810441777878 -2.909463955857847
-3.840287510880148 2.573145309338833 -3.203508387695396
-3.822712843654708 2.571502616373773 -2.494905769867059
-4.037305971858541 2.284799325082718 -2.7848903733724
-3.951421647990008 3.003368284400012 -2.990514350979551
-4.133157807451373 2.67642053093453 -3.332306537068226
-4.151315143761514 2.700444799114014 -2.525353706721999
-4.363814945853994 2.364419941446568 -2.859527285420506
-3.091547282588226 3.229500149840239 -3.640183776202758
-3.14617633629787 2.95230998772602 -3.956879135434873
-3.364706637786731 3.117436877007653 -3.360802087939646
-3.495323904441015 2.826921201633927 -3.670787462357587
-3.301163015944136 3.380105272246087 -3.771349245240355
-3.335588104732618 3.071322181715906 -4.113849100568465
-3.619984512777355 3.268361710518411 -3.480060867928747
-3.733194645396045 2.943103903131175 -3.828404479275397
-2.332978189652475 3.327071755062384 -3.693464646469972
-2.249580600954164 3.07747694265423 -4.051522136178575
-2.705612822969499 3.307683296330489 -3.761129619877117
-2.660837086393355 3.049329150261865 -4.107462401678847
-2.472189563234371 3.556186086649437 -3.85521347195751
-2.365227336402346 3.262110355644566 -4.270989237722432
-2.874567074718912 3.477509844741106 -3.901978878231156
-2.805009271194907 3.184882497469226 -4.280151224227277
-2.247759526160454 -2.023328847134919 1.629889217344709
-2.363695302544594 -2.412021345638713 1.207990233656392
-1.658181537673998 -2.552477264937734 1.723570364593438
-1.733303626237104 -2.853243138644389 1.381025295638027
-2.466100301730832 -2.164933578979915 1.827271092773275
-2.595276590829997 -2.595585304720212 1.371340129535878
-1.833786607481865 -2.678824735167368 1.909119900506415
-1.932472164587428 -3.036800116123884 1.531363905446843
-0.248531380798266 3.550910921741063 -0.2647050339023355
-0.7220990933988825 3.441686499221286 -0.105018300799311
-0.06315607830744172 3.418019075210904 0.2200405121218066
-0.5830961349175058 3.295837671511541 0.3828578345420292
-0.2424571196595469 3.670307787903916 -0.1892690938856226
-0.7457379558185367 3.560390901451599 -0.01599483758859391
-0.05773506287198693 3.539464676659871 0.3011278372415633
-0.6083269169967833 3.418131864237312 0.4773760968302536
0.5510391362700096 2.758447263003561 2.116125386106967
-0.08270073379590982 2.567752375833408 2.254467753489859
0.7176556116333193 2.532457103908389 2.628397615661076
0.07623763357315431 2.321280217700281 2.740586499396832
0.5657875265216216 2.889147425174625 2.215604918725209
-0.0987612328704993 2.696219913583862 2.366476140290876
0.739829272374476 2.660516814731642 2.728344162424907
0.07053812478677031 2.442817307486314 2.854789671248375
0.1636255565126062 3.212767749449622 0.8851371383951018
-0.4075555574236922 3.073980467372226 1.044773983125824
0.3367536415018678 3.017742397713897 1.447127305935415
-0.2677093814659064 2.858291740060146 1.601532651825657
0.1690623671131588 3.338650280379698 0.973280724737546
-0.4339838190153081 3.201774379288585 1.145110049118051
0.3442806333302249 3.146815509703286 1.541764587949764
-0.2925291416868953 2.989000904045321 1.707560418375191
2.282187227298656 -1.138463199040939 0.4822360803488552
2.223007029858636 -1.376596784383137 0.1200129788770681
2.443198450876379 -1.233385650843192 0.3910443333769684
2.339341949229884 -1.437238881136758 0.04400017575674562
2.306541587240251 -1.221122877988055 0.5263654299433245
2.239341756352653 -1.467847725827794 0.1631005536989559
2.458402476517954 -1.285583046638189 0.4411744878459611
2.352138131070223 -1.501768119877849 0.08779566426413758
2.205794202509489 -0.4951890002094957 1.123030390549553
2.275461091619918 -0.7961885989542375 0.8659630624499196
2.588515974997949 -0.6711872874423523 0.9532418881509594
2.535113202392468 -0.9383193269731287 0.7437629253838439
2.243730682566357 -0.5624685997568705 1.17947673023649
2.308351462099027 -0.8747134904737985 0.9106086175476875
2.613008482784757 -0.7168285233918428 1.007856594178463
2.554551908793314 -0.9834413691604622 0.7970603102490759
-1.194494445189715 3.956058148895512 -1.946049438733698
-1.597847255131226 3.898824285080318 -2.026816037477908
-1.328626298683908 3.845274761569992 -1.547261261406615
-1.725138757681975 3.767229136791483 -1.641595745132884
-1.230264996837356 4.082057577036895 -1.920653231988838
-1.65597615312049 4.019814512786659 -1.998023844494897
-1.372938879361624 3.962552376719908 -1.49491665835686
-1.792531557824696 3.878038402723588 -1.567876851763741
3.099150731272498 2.888328772937319 -1.818123274283406
2.709507818540207 3.092522234501104 -1.216724975276829
3.544285352918708 2.634063801173286 -1.404738045407893
3.124083115710618 2.849842059037071 -0.785558337065095
3.213467550743653 2.976433545540421 -1.831378005946359
2.805594090173056 3.208875130570347 -1.206724418119643
3.664036536646751 2.717743216750221 -1.414993380872661
3.225999403257036 2.964733919672849 -0.7696509046306774
-1.072500584732475 2.788699841350532 1.102386217648254
-1.55507648880053 2.477472613720467 1.054695026951997
-0.9536824518201265 2.518017704617661 1.643008969180136
-1.43817729388258 2.144083620025145 1.577824902736622
-1.127784632529274 2.911596219618178 1.209743120255335
-1.62228650180125 2.586067513227574 1.166826225656703
-1.010193098090863 2.639724780931504 1.754373469697961
-1.509504456023349 2.249241897035058 1.691820314095791
-0.798572931598664 2.144809189391492 2.276519012314682
-1.300826994636445 1.676433605674841 2.19493957151343
-0.6618601285775872 1.83764398957043 2.737599567256051
-1.178581885110428 1.283093127908566 2.628341110794891
-0.8515973970041577 2.252142909057338 2.391034111749004
-1.373670668897237 1.758642476585785 2.30400562509622
-0.7084854679085384 1.925402584800354 2.851606041230659
-1.252800875806429 1.331104793016255 2.738012711883654
1.994362611819829 3.348341966426887 -2.682925537736873
1.67945672803598 3.520994523033626 -2.137107173703839
2.496327312118692 3.16251250432409 -2.311223180812704
2.149853790844156 3.351853369181101 -1.736717905025867
2.095820964676699 3.452671578434045 -2.699914376730089
1.76399922220932 3.645785790882911 -2.124395607969189
2.60371510295026 3.258778676316529 -2.326252387940536
2.239416879460099 3.471559227789556 -1.726907877691322
0.999762337922785 3.639569764885172 -3.346927644853241
0.7358496414469817 3.749350788832991 -2.868362761667369
1.420947122596527 3.530740378913725 -3.081024158513206
1.136585808922199 3.670225388965703 -2.573378915281356
1.085769207457142 3.759337678967762 -3.378416682943579
0.8088894985584135 3.893424196437144 -2.867489832594865
1.514754853332832 3.644817774396429 -3.104504778050382
1.215431497652218 3.805779958023755 -2.563566357576331
-1.404445010949434 3.647486318386111 -1.046809895205206
-1.801426859210806 3.533477524969006 -1.13842343212189
-1.385715575038671 3.467131010598242 -0.6143666037237302
-1.79971622133061 3.316579410633089 -0.6863576285176073
-1.454316937154595 3.762378872974472 -0.9670706096083376
-1.874641513194056 3.644236668451952 -1.030676901150606
-1.436814868077934 3.584660230023465 -0.5219443790138482
-1.871939562047653 3.432302926849953 -0.5738635487453074
-1.302436577229265 3.246166723471953 -0.043670388689141
-1.748308411020036 3.045141258771388 -0.09085159002049979
-1.208041145302024 3.063094719178734 0.4505341694934237
-1.677881038044506 2.816838146517774 0.4119749256820986
-1.354077356841109 3.366746516508426 0.05651620643318261
-1.816228071026408 3.161675887140779 0.01915591278622526
-1.260833587361337 3.1844330878572 0.5538075723035479
-1.743247521052864 2.928669901431288 0.5215600358363582
2.629796350856003 0.2509991543479373 1.564170090701893
2.328215255237957 -0.08542538101544772 1.407085348268354
2.932965417221894 -0.0583971013102077 1.24102653086041
2.726109318629868 -0.3297848913882968 1.146061278949854
2.672547331833456 0.2041971620315879 1.625718377599068
2.366151459742813 -0.1382345352258088 1.472034896079148
2.971472928012896 -0.1007377361355312 1.306668563523185
2.757838772487457 -0.3760941442272011 1.204832019494945
3.968910307313533 1.360649579331275 -2.139538951372918
4.194497099656807 1.835864452068068 -1.634832661633247
4.231048635362862 1.00976676244167 -1.76091244800506
4.479143391676097 1.508333556076365 -1.238385770828359
4.094682187855813 1.359962863273413 -2.22134326241413
4.326757051640049 1.869498547699399 -1.68145228643268
4.356383256163252 1.007798481292616 -1.832914023289652
4.611996378977215 1.538764007339537 -1.274005794793831
3.113235975854213 2.079753061184409 -2.967028943568624
3.277358024464201 2.495410275743201 -2.515341013248054
3.533850590670754 1.77658790657536 -2.606967467517232
3.724096464585483 2.218115409082978 -2.127847453504119
3.23371442940711 2.080313696852152 -3.057914855655597
3.401774139543093 2.53556893398806 -2.569993208354196
3.6574660215773 1.775746829875299 -2.694886651363329
3.852553064021092 2.253994164689983 -2.180378505834335
2.102989215691331 2.656789726149154 -3.664062452704692
2.180919028394976 3.009104526392234 -3.292471513421938
2.552488288216644 2.413274345356395 -3.375508154880078
2.674251416164049 2.796390262953904 -2.96555402448754
2.211170012208151 2.671440032286394 -3.759629232143079
2.292162556275678 3.067890716374104 -3.354669956944713
2.66756412528724 2.419917623497231 -3.469219755132372
2.79229609585334 2.845849467722021 -3.023514710377072
1.252060816957856 3.131545578210649 -4.113583911687218
1.219562430568439 3.393414752903414 -3.84521278807224
1.604031322904488 2.940094399581491 -3.950479221820943
1.625669824989985 3.242117445455237 -3.628770521935458
1.330739717974727 3.165068826932766 -4.208412035449065
1.307132132953041 3.466417455487712 -3.917074265271252
1.697304393447256 2.965040005931268 -4.046957068394409
1.725393383483665 3.310249706545779 -3.696834639471652
2.143119429698814 -1.884670779694395 -1.14950160550048
2.221608717803122 -1.880656552565305 -1.477951254592133
2.276809938814738 -1.886263691954241 -1.115273341800177
2.429916405386401 -1.869081182774678 -1.370495687716881
2.163810554836512 -1.989148405668867 -1.154595623178463
2.259754813498057 -1.973367025434073 -1.505411120594253
2.287975303295674 -1.975921677388976 -1.11701758934936
2.449280801991303 -1.955193722505471 -1.386395016277573
2.148835283351787 -1.624494139641896 -0.3430062946922469
2.122897441052713 -1.778657256304934 -0.7096684321292768
2.240626334020845 -1.655914356322463 -0.3962089779414967
2.217445877559724 -1.79586821049581 -0.7328823090220208
2.161022543529146 -1.726329693386381 -0.3096364492043335
2.137452872443578 -1.884999648784343 -0.6917160702129819
2.250209376079054 -1.735365472847317 -0.3661629904833683
2.225323422869284 -1.883065848040267 -0.7173037414057872
0.8801187220633564 2.211302289365798 3.259806380685563
0.2612620235999775 2.004061957341608 3.319593609401061
0.9368941309718321 1.881966336032651 3.759577147594795
0.3641173177539915 1.710956277811463 3.77034711520345
0.9055518354432573 2.32792836442522 3.35807309007562
0.2625882240442981 2.114001439603935 3.43124874019802
0.9577181326873346 1.984730265511553 3.854343559297206
0.3633640689050314 1.811145972981614 3.874701887890101
0.8515756049782883 1.319415633611128 4.304752401798424
0.3633037007145823 1.229594003611037 4.272254546125787
0.6677835729850652 0.7465293586381091 4.681074396870108
0.2629623398567288 0.7446188706948047 4.633446387808207
0.8591406884500167 1.407293170012184 4.389354071967639
0.3518394305040881 1.318181651519 4.359579672410781
0.6605126118928348 0.8261299904018256 4.752870751491119
0.2383616597175078 0.8243783142006917 4.70165312516648
-0.2534980036965214 0.9383075398749251 4.084750683081196
-0.6593379097796372 0.6005156319210622 3.860840608984846
-0.2539011229346853 0.5915671252226321 4.435664711280879
-0.5968385586042618 0.3615936176687183 4.19656214964153
-0.2995571102594218 1.007065260198686 4.151826425733347
-0.7354375254602102 0.6400059008973125 3.897459617437726
-0.3038527273700617 0.6574868034599161 4.476489906617385
-0.6678956887201002 0.4096223575149603 4.203724277606495
-0.4766513733920046 1.513197174520305 3.253362208102483
-0.9548748343832385 0.9660439083065097 3.102318464504094
-0.3394115076990796 1.284463708570385 3.637164406850889
-0.7867836327139551 0.8284303036511492 3.454768310642037
-0.519192518223209 1.584779643505625 3.35899996031442
-1.033204583874985 0.9876904161605387 3.196204792297431
-0.3821943340550564 1.354058401771296 3.729423805317168
-0.8658805702553507 0.8553903877898006 3.521600655831234
-0.2737888837625218 -0.2854525836240466 3.141039599731913
0.08659738859192094 -0.320937048872321 3.05386100130749
-0.3263110326209576 -0.4749063171731415 3.468352360074833
-0.01667425028579301 -0.540337045027305 3.432254401638419
-0.2961924724770149 -0.3190304905988623 3.112104044142598
0.09492115741192431 -0.3604333812240083 3.016600966066842
-0.3602809815801692 -0.4928080069944635 3.418992778781382
-0.02120892775210375 -0.5796066818401221 3.383835219484703
-0.1877708402809964 -0.172605000531243 2.751377854626633
-0.08961248194352714 -0.1744545273875351 2.462361070040382
0.2521592282302276 -0.1520336273504946 2.604790093921405
0.4225973871299699 -0.1186462609869427 2.275722031514647
-0.2170036330309758 -0.2339371370996077 2.75817828345219
-0.1282160726427205 -0.2626187419620283 2.525797015055845
0.2615695263655293 -0.1865507958655525 2.597369803318896
0.4255842978126374 -0.1691136577308577 2.331549581371499
-0.8183677124573729 0.1789881123568672 3.557626192820534
-0.6537686277628925 -0.09396869122870075 3.335496229593122
-0.7486564660956189 0.01239874277768781 3.869887927298418
-0.6330664497674977 -0.2574234233433947 3.637364140507682
-0.9028786442911371 0.1823083542003897 3.56151410779746
-0.7169249147299133 -0.1125480402790025 3.322716322575397
-0.8280385934837007 0.03746772721764883 3.843305554194576
-0.6996930984033617 -0.2503370444036248 3.596226035644263
-0.9200988254759527 0.3047098422398711 3.190500165512951
-1.045176425881731 0.3282197644935405 2.888037339271491
-0.6723163623860922 0.003029978800120191 2.979265985647228
-0.6844585751560417 0.0001976085243117922 2.710569763589148
-1.009554170745245 0.2836133505967164 3.230817946333779
-1.140216884351456 0.2865874259330159 2.968814655322062
-0.7369279402929969 -0.0414732816723527 3.007172968297574
-0.7625323510861829 -0.06666596762565134 2.78229784147776
1.269539077684043 3.628019812237768 -1.547258113786914
0.973575613490572 3.653132664570542 -1.176842035518628
1.679084225539062 3.476758495141569 -1.12092407101618
1.329655120391954 3.514155300384258 -0.734893724129956
1.331170940252701 3.759126456319858 -1.514570486888874
1.020280284671574 3.779585878091204 -1.138862557817074
1.745759460362801 3.605547561265076 -1.093410187698386
1.381944367426131 3.639009620294274 -0.6995823441792107
0.6037425915153941 3.649706885212063 -0.8002695417803081
0.2638989671527654 3.62649333385297 -0.5383846179269695
0.896496658005578 3.520002351375984 -0.3399813671578342
0.5086942394636702 3.498467574041753 -0.0641770058513349
0.6402978940665141 3.770778074654644 -0.7545744071977993
0.2936060665851129 3.746705036163945 -0.4809794653686157
0.9375516665395298 3.639876500887571 -0.2926676149042152
0.5404904284901566 3.618315090845833 -0.002603327968804062
0.4299967688253339 3.818545989082863 -2.320644190149184
0.2299151248115288 3.840268331261466 -1.95539292397242
0.7903603499648071 3.754046919558073 -2.011265711006058
0.5535220506046659 3.772738576162456 -1.650298937923865
0.4841165702331461 3.971144130822467 -2.296753867664663
0.2717481925995793 3.986681834404896 -1.926852375002154
0.8479150473681676 3.895957415934268 -1.979055014655824
0.5971004522982849 3.908787960963105 -1.614268120368583
2.167285663807193 3.236943711046625 -0.5672920795855125
1.75946079070544 3.291752459137066 -0.1506766496149795
2.5344598534058 3.008216517875329 -0.1064587058376179
2.088406961615219 3.076285468860436 0.3411787883361079
2.239702595228408 3.365864953060387 -0.5394941164605168
1.816767121108948 3.416387160921583 -0.1130903491417339
2.611290735696777 3.137352429534707 -0.07030370834066874
2.14804227506863 3.200187297535728 0.3872220317689138
1.253815548957336 3.313327012393858 0.2834116467908536
0.8071975237311307 3.296799543321532 0.5859798633097814
1.529006619195816 3.113798599786404 0.812481858971275
1.034614013439227 3.105513859341682 1.137386410897181
1.298416468664037 3.432978202797809 0.3360108796051662
0.8409297658546147 3.418105232332637 0.6545444704806388
1.574677163324048 3.23281344754144 0.8728633854908626
1.069814984519213 3.228014141868065 1.213171806010128
1.849978732927013 2.838635213044437 1.479878923274951
1.301704540590729 2.847798948683112 1.814025012034296
2.06359160953492 2.585347126250008 2.018129502159014
1.486882926846397 2.615157545255726 2.349637409743824
1.899729909881463 2.957793991808153 1.549492281389863
1.341339782967025 2.971936804060995 1.895521764047617
2.119068022183441 2.702531295829466 2.091960349840074
1.53131937085379 2.737966972233759 2.431834470702252
2.963460032087408 2.694130706814853 0.4914558860081155
2.474018199925487 2.777304147922488 0.9769810321887719
3.254330175063973 2.415535649795909 0.9761113205433154
2.73207837198221 2.505063060690786 1.494681031630562
3.048550745020046 2.822768369842787 0.5412884852756269
2.539657387142164 2.90043421289625 1.03577613314551
3.346349888412816 2.537652600054504 1.036432158368413
2.804774537280389 2.623726553141732 1.561608708037735
4.032602451425601 2.286362035986184 -0.8817253150128824
3.595029794813882 2.519215840262497 -0.2327517391293746
4.341781756560535 1.98620317938236 -0.4629580006922729
3.906899216570265 2.232432631840772 0.2114745179045067
4.159232596507011 2.366841363180717 -0.8843819090100991
3.705672742918324 2.632422528480403 -0.2058325562684847
4.471375656672905 2.06075965363494 -0.4540350170234019
4.022660873098808 2.338303909385498 0.2498623629835848
4.483531869783172 -0.0391808587333978 -0.7779301801924342
4.636447865140185 0.3858923292813694 -0.2275096934822189
4.416253367591271 -0.3238639752494704 -0.6572904878919029
4.556207486256073 0.02509854641408046 -0.1557604118321308
4.591485156878615 -0.06696209788805919 -0.7829348842177107
4.743661254032261 0.3680162936721791 -0.1905300190135909
4.52153344790951 -0.3520793605200969 -0.6575068625897714
4.658531718947299 0.001576968665152131 -0.114403239070594
4.432389434241189 0.6061322406175014 -1.325350416302848
4.666489594006914 1.112813044593091 -0.7748849583546672
4.499301276684331 0.3118791923930056 -1.029562207646802
4.692766135896497 0.7993369825395618 -0.4613570704866822
4.552850062538547 0.5960510162146081 -1.37385042469974
4.793101645253361 1.129042745262096 -0.7844999230404421
4.613452235888846 0.2917206095307699 -1.054112114621442
4.809948129907416 0.7977754560119357 -0.4450022731123973
1.544737250406838 -0.7331703256193767 -3.035351443234077
2.116220212970524 -0.3078839029314334 -2.981460558590131
1.860364484328874 -1.087981193453948 -2.755542795661033
2.426433724316041 -0.6566405817206061 -2.706387250699224
1.626341319007165 -0.786444678840557 -3.152929123564447
2.203065247819413 -0.3718545428438118 -3.110100630984098
1.949547868570916 -1.15031289981512 -2.868521893550945
2.517003245664547 -0.7259675873200915 -2.831717443835435
2.846072295703355 0.2551136242292274 -2.827347085763666
3.412086019384999 0.739467072296343 -2.595212783033961
3.133209005727973 -0.09785589582449322 -2.527486795097824
3.675512188905114 0.3792188139137483 -2.255898543564456
2.948366552921911 0.2005047181623286 -2.956091469035511
3.525287888721842 0.7041491639232778 -2.710071875024203
3.236756355458548 -0.1540573510970357 -2.651910548235355
3.788578171456949 0.3434387436022552 -2.363822780020506
0.786755075067332 0.1713267911778707 -3.633910833600864
1.344752185531467 0.5517745620426949 -3.590547090095936
1.12212174613831 -0.2425574602486232 -3.369339972595418
1.692312337764307 0.1612510188848008 -3.319805518121735
0.8591054451507237 0.1202046940277715 -3.758758072063641
1.421702530202862 0.4957204606299793 -3.715055731755336
1.195934313657132 -0.2914901071357709 -3.491272988815501
1.772598242251841 0.1026169337930636 -3.447299455101814
2.063202112937478 1.069046273982844 -3.492968294567607
2.614446641968971 1.518860756359491 -3.335927109770897
2.429317007534131 0.7079885233577125 -3.200138566414222
3.000232243849863 1.182660062962904 -3.014236529071002
2.155945852558719 1.020742283096538 -3.617325413786396
2.721183243421456 1.484635362828031 -3.454485323423739
2.526619352402111 0.6564502950341877 -3.327797720265821
3.110589255901035 1.147438351428817 -3.132217988100519
0.1728718668754484 1.142302236148926 -4.179550716210617
0.6760282956880482 1.453713018748203 -4.134172615933564
0.4207583399790015 0.6970516862270668 -3.947144676149415
0.9524357692229413 1.042813831917527 -3.904740982727587
0.2445890531908882 1.100128376186876 -4.3015799068531
0.7477753826348503 1.408963477086429 -4.249832772798579
0.4936811246692133 0.6471286610694884 -4.07176056110136
1.027133933881541 0.9909287745112039 -4.024497763309152
1.295140898205881 1.858616958258539 -4.060382740901
1.742533277642851 2.205302958895421 -3.948459959432442
1.622476166790283 1.505840206006264 -3.824583869529835
2.122572449909671 1.90631169221464 -3.696364613093989
1.376981739168731 1.819718234731918 -4.17660967041199
1.837487247035357 2.180581673376702 -4.064347740050352
1.710116901376492 1.461651173004591 -3.944435846624972
2.224157555411372 1.875705638091789 -3.81410874441835
-0.2849140976036856 2.254190552862803 -4.547330686542008
0.1478565366199353 2.46134039378704 -4.513758076188812
-0.09071829961244866 1.742771955120246 -4.421049146066454
0.3707870548866893 1.999148185651525 -4.380732110945234
-0.2330577688422202 2.251575999338848 -4.66841571683712
0.1969186577744424 2.460384497096309 -4.619619222813651
-0.02767725878605674 1.717097207679675 -4.541773188934171
0.4317870967958071 1.972472993226242 -4.491204085153079
0.6761646520809017 2.694634471988393 -4.435089785333548
1.041098843510735 2.866920919127216 -4.320561812170413
0.9305517317078156 2.313377297910967 -4.308031047607742
1.323184474289453 2.576550390688255 -4.199923063158281
0.7280883793771076 2.692583946725354 -4.538198946709097
1.104439951636085 2.871550698205421 -4.425382924882832
0.9971120741400633 2.289186168928013 -4.418252954426477
1.401520313210648 2.564335772917881 -4.311338868893889
0.4322489439459321 3.157074245855638 -4.40681639000046
0.2704396561113858 3.485675502556825 -4.210396028238127
0.8298439279978651 3.214303398647649 -4.279565080783197
0.709171276786948 3.490416791683214 -4.064973547577156
0.479954908281917 3.198126327632705 -4.497308229737087
0.3246806265820269 3.568183527911036 -4.285804712078106
0.890513350052649 3.253187642020046 -4.371208087874752
0.7784479324122526 3.567852923548388 -4.138444072157084
-0.7089865146036666 3.261334509903784 -4.411013023680534
-0.2745584026510126 3.392009181903618 -4.339916508185411
-0.5229845239098559 2.85240543962906 -4.554435498217423
-0.09703932430114162 3.01141089603748 -4.508255111338223
-0.6734578163792657 3.363976370863631 -4.520167579323274
-0.2327277135072504 3.487024321497581 -4.428615972046035
-0.4811593675486943 2.901837803325144 -4.672402602330187
-0.05498594446942529 3.060102291761775 -4.606779681773092
0.04762044262062115 3.752784371911072 -3.79100407613803
-0.1551553923419398 3.859333904671039 -3.358962662931918
0.4800398285719295 3.727112141382904 -3.616775719811211
0.2464926209048492 3.822143307365255 -3.168013367213124
0.1023730578777311 3.874802414086405 -3.839061224261222
-0.1108917024876781 3.99732925475884 -3.381285984097953
0.55094041057879 3.848373267373561 -3.657053156492518
0.3066349997335975 3.965535417123347 -3.179484118339453
-0.8990327870452216 3.621198244946749 -4.0433167699173
-1.028864526023459 3.792610783179503 -3.618208755979521
-0.4807161024733089 3.709871064640389 -3.949994200897555
-0.6431588861058611 3.84970129354096 -3.527979563520753
-0.8804783940319951 3.769910916318416 -4.129065061824057
-1.032033883895985 3.955228169540735 -3.680793471328635
-0.4463434999245493 3.844889020790829 -4.016910348140644
-0.6232105023106302 3.995602764974844 -3.570677934522691
3.721017089987583 -0.9531979643021246 -1.613440762941193
4.112094740291255 -0.566153980120901 -1.325827660592552
3.776243324519016 -1.113056173158632 -1.422110889913803
4.101840093279502 -0.7725039655258605 -1.161866200816601
3.79777318211065 -1.009587570532442 -1.683886166153725
4.207395268600362 -0.6091797110243871 -1.375532781444885
3.847719719921443 -1.166379126169915 -1.483001979074205
4.194314202318462 -0.8125399485643181 -1.205109325443501
3.419162842502384 -0.4729161651529783 -2.167300641795122
3.919421452152239 -0.01627566749985031 -1.865016183647652
3.589973963426583 -0.7150099928704882 -1.897070148356919
4.048247461196328 -0.2830665614034097 -1.591243640837751
3.516503093215511 -0.5305396569360447 -2.275692938645354
4.027644082724367 -0.05513204685878662 -1.953814137790388
3.677375042884995 -0.7730567482675987 -1.98665165322243
4.149988896005404 -0.3253639581052264 -1.659371960741875
-0.8401409739644354 3.952712157949769 -2.947698325905895
-1.215517133926449 3.917315603469033 -3.028239647463754
-0.9995703080334408 3.99781042975333 -2.478195724607566
-1.393803743655522 3.958231225144739 -2.550449159579193
-0.8424632244472252 4.098089509688721 -2.966066568115126
-1.243360470177971 4.073493193440601 -3.064552232666552
-1.018501368822925 4.134874504834104 -2.481037262569388
-1.435597618994862 4.097953806883825 -2.567537850445996
-0.3801999408989529 3.938962656412546 -2.796995222270924
-0.5342873055582753 3.979463656105751 -2.362103515394681
-0.01295284442217705 3.889411013068584 -2.619490469989
-0.1806677797931943 3.921261690956991 -2.223047351670942
-0.3552296541637774 4.082826915742296 -2.796608444046143
-0.5250502806988389 4.120021963511951 -2.35124316881153
0.0292596206783256 4.041703518924938 -2.608197569590767
-0.1514852312755388 4.069009127251824 -2.204528609762372
4.535615597732814 1.605445051503224 0.01528579253199194
4.110443875488701 1.857932577926299 0.6976276540404072
4.549585939782406 1.277466024704132 0.315214760354617
4.123813481611156 1.518678947183325 0.9799912823498437
4.658482157532482 1.65618562387303 0.04890049917672859
4.22132227096601 1.933517034609437 0.7555968140135638
4.659938372085207 1.298817349573631 0.3725679481504434
4.221952871120702 1.555670846581632 1.055488124643602
3.441446222796514 2.033585898736506 1.506759529171655
2.886438935546317 2.108276246881196 2.084905010542405
3.422192558200643 1.685788126079223 1.829584024257873
2.834537688509636 1.722530244568293 2.495973722336517
3.533435074954304 2.127098221067757 1.577822906073977
2.964443280965074 2.205683375123086 2.155419341829285
3.505715188551366 1.741093807293672 1.90636221906454
2.91255155397236 1.78954829073095 2.560478944793993
4.501130496840139 0.8038915662675769 0.4685639097203342
4.127953084950936 1.000078287151963 1.001426445369573
4.455155164129615 0.3678530912665719 0.4288593876437295
4.159100715485624 0.5173190880899027 0.8045021757314692
4.597953422655942 0.7957143344906292 0.5438018324607826
4.210943000847879 0.9936575623016646 1.088644018050387
4.544972403083789 0.3468658475067406 0.5078939929979396
4.236259144492127 0.4961106260926735 0.8959819525757755
3.528067237310361 0.9174905800995078 1.474640665025715
3.086316566142033 0.646409314515617 1.60320687740562
3.684893307472459 0.4705328416846878 1.118464577985476
3.308397594378799 0.2667455306325887 1.239396681167613
3.59604639931146 0.9015895227435053 1.557213141392129
3.141929171581873 0.6150453407662234 1.677839609635902
3.746465726310556 0.4423216764424333 1.20669189873408
3.358875669159757 0.23238372340518 1.318009357790361
3.127046383874194 1.26838144924466 2.085824620854985
2.612715023734009 1.227843882207775 2.752114760288261
2.72219223117008 0.9101540956329963 2.174249367830043
2.357809153364705 0.8938643877583291 2.72559298149094
3.188075139528571 1.259134664394645 2.163593583283252
2.685464651741425 1.247038546854076 2.799581314773577
2.782401523896297 0.8889860347318939 2.22913964776928
2.418749658783661 0.8768837316170974 2.759326360754638
1.851597334760488 0.5131924142214148 3.453992091378738
1.972914243822099 0.7979858844018852 3.577066600932323
1.426821622635023 -0.02324913699693976 4.039790563414615
1.486052699290426 0.1890269046940063 4.190436052595574
1.912490091173531 0.4955456977934551 3.462426321629239
2.041296964508642 0.8103347840167123 3.601915461415925
1.488738481953688 -0.04208683353281136 4.032954275904788
1.551620297839776 0.1909831209707113 4.200300502255952
2.614934827249455 -1.679296256217474 -1.736668150050693
3.131317668144732 -1.382206349480279 -1.768693636115659
2.824563903707615 -1.711042199549127 -1.554642306780398
3.265374338843525 -1.480996951593006 -1.569870000494756
2.665848726185815 -1.756040082163733 -1.795052018071774
3.18597170473831 -1.452125719050984 -1.841665389059123
2.857404863419911 -1.788546933341233 -1.593833978037585
3.31218024739186 -1.549436687478145 -1.627091274724439
2.174986491194511 -1.417780280651217 -2.382315840112832
2.740585966819026 -1.004792007935057 -2.35346196291741
2.360158724381104 -1.586338445496923 -2.064737484203584
2.935979013682168 -1.208879264499658 -2.070237185931032
2.262751043217757 -1.487031722864914 -2.483759559829012
2.824535774995319 -1.077285881192537 -2.46546866177595
2.438560080457649 -1.658586057257929 -2.148706455363563
3.006507005149655 -1.280657864905367 -2.165131340772228
2.192038656250509 2.201278510893089 2.666808058745963
1.621532066295802 2.264688823127412 3.011847659911489
2.13810185496418 1.791969150612174 3.177129893543265
1.612730903513878 1.892315370321488 3.537126891415797
2.253214127094052 2.304757817469057 2.73919179016155
1.668469529293735 2.375541090342014 3.091944656223808
2.200479617203337 1.874301113331929 3.241554954219918
1.656922821055991 1.98630738129244 3.613421122485029
1.783297285119706 1.104289623666105 3.860592768120759
1.405778756724851 1.260591676601416 4.141859151826423
1.361624241825486 0.4474108948615831 4.407398937076599
1.103817602320282 0.6222816247383564 4.582545682667756
1.841651662429822 1.159116231046553 3.909919834100588
1.439639972382463 1.334191186416078 4.209506184662972
1.408840107283914 0.4823312415763619 4.444438264265274
1.12571057018629 0.6837137911911442 4.640193214857264
-0.005446184181004305 3.828908990905886 -1.57345179400818
-0.2118970473295806 3.799197216324446 -1.315707413566242
0.2625575990695512 3.763308363200498 -1.280775461796979
-0.01100761301617273 3.738173675870915 -1.02777590048062
0.02661718121265363 3.966680880309654 -1.540658169618582
-0.1869782369223336 3.932499319624287 -1.275634063167195
0.2968952226896909 3.892353291101453 -1.240434084658784
0.01741647651505336 3.864811478621715 -0.9787412322423834
-0.5459369392368039 3.766140423816408 -1.113554879739671
-0.9128580683919476 3.734921002527968 -1.036496295709705
-0.4421747295348939 3.681555113171457 -0.7779270366792841
-0.8599368471547963 3.607024046564331 -0.6434164076691148
-0.5400577708421288 3.892480153393149 -1.065274354079123
-0.9331906145275561 3.85416658851705 -0.9793004267284799
-0.4353660132770285 3.803524064060248 -0.715113042565743
-0.8818916340660068 3.724263965354186 -0.5686831068214113
-0.722286164264509 3.956078427645284 -1.867068443192701
-0.8545463300741631 3.875039923433459 -1.494319282698353
-0.3753140968131645 3.905553748913422 -1.786961569620597
-0.5155464114693267 3.852498237131167 -1.473093511743985
-0.7287093068016458 4.08848199716914 -1.843819613587114
-0.86934229843984 4.000319041287649 -1.458008762565294
-0.3586705779132138 4.044679655282447 -1.761617753489
-0.5065612715751329 3.985429448228198 -1.439295454533041
1.321161275889303 0.004161779391631855 3.103398187938163
1.589130693427422 0.2097337094936218 3.266694847309096
1.036009843174166 -0.3937178545783563 3.658793505134574
1.242940170112612 -0.2528590817883844 3.836261286397255
1.353637294223169 -0.05698012943867214 3.096963470955218
1.633752743931258 0.1639729195979545 3.26322621903168
1.067083281513903 -0.4522533944793087 3.644904834913772
1.289812354793342 -0.2937194006473391 3.819670735680456
0.5645051660235756 -0.2805310164414982 3.009980591190045
0.9192464393642722 -0.1972775904956035 3.012726715558296
0.4155130267097339 -0.5530644409629221 3.474023030296343
0.7072290369713079 -0.5198211956392502 3.530442808313613
0.5805842549347373 -0.3309800196279453 2.979682956986066
0.9426829656257922 -0.256371963629688 2.994354208592039
0.411545343293001 -0.6072050890788693 3.433072262356443
0.7213801521797835 -0.5790007730807882 3.503140816521946
2.266940228945756 0.4989736576376687 2.077603315542874
1.978369278066018 0.5140229074260376 2.582486295375273
1.902481672881986 0.1726426980581043 1.912454395678076
1.651493224432849 0.2400979768931359 2.438287023275537
2.311116553815561 0.4492353815104935 2.121829745755756
2.023208872442418 0.4674309112184718 2.603610610456732
1.940100827540431 0.1110998800463439 1.961578248801514
1.68389079006516 0.1759260197986761 2.455561741865909
1.411889229070838 -0.0434789419651899 1.88770349918896
1.196100807873967 0.009959766720861678 2.380686778954498
0.9845917921685878 -0.06855579362031693 2.056595095311121
0.787279288735615 -0.08778128600501581 2.457723044637429
1.422120603592615 -0.1109928039017932 1.950885532313194
1.222149279198486 -0.05321435303944925 2.390328163795409
0.9723908752276075 -0.1422216469163389 2.119008127814054
0.8114672793264227 -0.1413631051757568 2.459093827596261
0.3874589499597945 -1.263659938495256 -2.809645950385389
0.8867588525906748 -1.088419181963721 -2.959745427875381
0.7405444585596882 -1.655308873758466 -2.492904891452178
1.215254259439192 -1.456507701371109 -2.663149384727749
0.4967325267823699 -1.43039209643134 -3.064538234483489
0.9807481214733612 -1.1804831481413 -3.128155377630101
0.8661220344129865 -1.835240928967729 -2.724870356025585
1.322095084023135 -1.558469726476237 -2.823833559128984
-0.3466932487444259 -0.3049554238696045 -3.429050461299967
0.146329346646067 -0.1492955918298633 -3.567327371562185
-0.0329964912043375 -0.7419225093246018 -3.154044121662567
0.4678816540979844 -0.5794740484196067 -3.299161474428008
-0.2685121932607223 -0.4543511964396223 -3.720227018753095
0.219290838287091 -0.2367879414075084 -3.759443150910915
0.05472322634195353 -0.8945999691522977 -3.432672397436358
0.5462356092890643 -0.6642929220092501 -3.481511207011804
-0.9019696013719823 0.6943423917186975 -4.028673221800173
-0.4276687335059495 0.8564625195981037 -4.135895582585825
-0.6804077493127351 0.2447172017430695 -3.768647280532299
-0.1985397307099735 0.397317426075148 -3.891736884525786
-0.8334816925234115 0.565147576197405 -4.326259829844516
-0.3577627189586043 0.7790821355480398 -4.334169327943605
-0.6076940191806168 0.1005694735095387 -4.065381549998973
-0.1270899726862422 0.3102828442471024 -4.089200602597043
-1.296557636515244 1.750972896684853 -4.457058140913836
-0.837629299569016 1.976492030887022 -4.517486323021814
-1.132553224141847 1.272001435277271 -4.308008209749551
-0.6648888202163078 1.464768749637483 -4.38800302158803
-1.253500861777609 1.705190213548386 -4.752376144877822
-0.7866766699091218 1.956051909524413 -4.720833672249225
-1.073704452300915 1.177834202178035 -4.60388338862011
-0.6023556915675147 1.410829665623644 -4.588107440923727
-1.629016540780747 2.77009783408507 -4.339271176240275
-1.222429242266084 3.009016185121199 -4.398403249802717
-1.487567104085537 2.336992138835003 -4.477325809474383
-1.053401749906856 2.5825346543306 -4.531570501175216
-1.656993667160029 2.901461702080446 -4.614470924091789
-1.214722218421026 3.127525392989691 -4.58904681919018
-1.479331599822141 2.381094315777598 -4.767752204269786
-1.023702433524294 2.631154486026689 -4.73348656615542
-2.276484317418324 3.27139279160143 -1.268120027492905
-2.658049669307276 2.983982575688304 -1.375511819416956
-2.290939395433357 3.022566109211767 -0.8130278392529244
-2.68197325465573 2.712780645380918 -0.9260359141598089
-2.412930005803877 3.411150079046141 -1.130627440376923
-2.868161466675123 3.165321428107029 -1.221992102229952
-2.426830278871379 3.156789804315284 -0.6576455364271516
-2.896185608605229 2.873743390156149 -0.7302587423676093
-2.255035759983171 2.692902678831819 -0.2148931500884894
-2.644018697725629 2.341741286474327 -0.3436676690844773
-2.189358685515658 2.405582762432817 0.282108583306012
-2.569159471404104 2.015087436354944 0.1359041815665373
-2.384675289169905 2.817464736569047 -0.05073846726133107
-2.856083413174251 2.480743758459933 -0.1137574269938215
-2.313200074777662 2.520193595355769 0.4503933196444488
-2.775593647291752 2.139698900384285 0.3806706891794903
-2.066809274402295 1.998179511226675 0.9016564414325124
-2.439001559872713 1.571510760188271 0.7299162482736709
-1.947025856339091 1.617686977011814 1.393057097913147
-2.311607351463019 1.179832561654149 1.191690778557773
-2.189112409959832 2.10189799438032 1.074811526314154
-2.642010711945994 1.677992474347521 0.9854446735030126
-2.072149312068658 1.709404880386804 1.569081830384428
-2.514603879477416 1.26457422823987 1.455084520977404
-1.793733300001422 1.092539696985229 1.957762413865963
-2.122435965513171 0.6594623150679355 1.706069560883931
-1.625944997522226 0.6510450076798588 2.312560954623021
-1.902007047187869 0.2458365296384549 2.018925565249311
-1.923696382100899 1.149101434730916 2.131791582779605
-2.323839379594865 0.6984192795644083 1.975912940212531
-1.758082198631831 0.6618446863027162 2.49181389259126
-2.091631042886715 0.2367824367666431 2.291354461149967
1.807104170042167 -1.665658783732122 0.434014046253241
2.016346058648364 -1.46210202232928 0.2657736033795192
1.879797362929911 -1.371985608343704 0.6767031250397524
2.059285967382942 -1.190680688663663 0.5869647212299504
1.928132148009716 -1.724481898436536 0.4795250648717916
2.074325249745905 -1.551560746035103 0.3030676961684185
1.999272552670757 -1.422980983057694 0.7342044944758535
2.12327415906385 -1.276020761715335 0.6306579121129539
1.804730222387017 -1.015564758597239 0.9712320974917031
1.98581261801194 -0.829768415925042 0.9461168248738823
1.59204968088801 -0.7679060993251587 1.200562399138992
1.795898871651586 -0.5439580491507018 1.220330261307341
1.913426438982615 -1.037100592229665 1.043432295951454
2.053542699784547 -0.9023745951119104 0.9936548728970694
1.67848784814984 -0.7619868924844889 1.287094465582743
1.858883705743756 -0.5841200945560377 1.296550815629365
0.9438423952096886 -0.2909439743588046 1.783631839824556
0.7016903228121357 -0.6025892831915411 1.747597705053334
1.382074135614873 -0.329572237945669 1.537336702005441
1.157645888660769 -0.6008948027435826 1.499517360861946
0.924960171436227 -0.3351125217302573 1.879357846941777
0.719951799901109 -0.5865631491829568 1.84072841936102
1.3976478745325 -0.363592940405919 1.631411974086709
1.207195134404812 -0.5775857436256486 1.596926964122097
-0.1597356542196475 -0.3216771863750614 2.20203199375938
-0.3540482526176729 -0.5779099872842437 2.063966916681826
0.347475078186031 -0.3213036789449299 2.033636804675849
0.1100330846297874 -0.6289427535700587 1.964063429834124
-0.2104385028843258 -0.3948303274713315 2.330199571556487
-0.3809613686275223 -0.6303745983500783 2.234906770728843
0.3151972231186694 -0.3763963185459254 2.140347870306879
0.10475431865254 -0.6455572833019333 2.085177026506006
1.69205269694348 -2.057676925594893 -0.4047647881143971
1.922351666930214 -1.87688973306172 -0.5840632742674949
1.712566955351235 -1.939399992152651 0.007300209814079936
1.94748517996583 -1.730927685107644 -0.1897575509420805
1.849948067725248 -2.149124179180701 -0.4007900967987431
1.995202888336416 -1.987244325250187 -0.5724250953214046
1.849958655042223 -2.009532542992121 0.03773361228481342
2.010375691912276 -1.829103896228861 -0.1607900596306016
1.546344768282417 -2.10748127833286 -1.274830468170673
1.85753573930726 -1.972723511971753 -1.45379447954879
1.638759198445647 -2.124299761592716 -0.8863225582398387
1.895866593675032 -1.973113642181682 -1.064523160308895
1.721299047885422 -2.263416664439832 -1.379179858943631
1.95633792318395 -2.09477856498698 -1.524786675557075
1.81115463357231 -2.248442378872797 -0.9406511033574184
1.97959563573954 -2.093296488665071 -1.095584560664213
-1.246925427257726 0.1421883012157869 2.476395939021086
-1.450546424493317 -0.1786351291073107 2.191821827215022
-0.7910382474271329 -0.1588375473184724 2.394440640609032
-0.963808194260847 -0.4148160294850192 2.16961243262669
-1.36642970520184 0.08859255686967758 2.64719258963901
-1.593513352548727 -0.2344174971772142 2.447247109538532
-0.8779709387886984 -0.2368491378204137 2.543234686521676
-1.047358176633524 -0.4848034533344766 2.393203752087642
-2.063684093171033 3.688104128404888 -2.153832581074642
-2.415478944595046 3.440275492668082 -2.26994428870446
-2.189967423039077 3.534787060881238 -1.773420315766385
-2.553079594943071 3.26962646963633 -1.886864628161969
-2.179999548503031 3.85093262807094 -2.116196825598665
-2.60083411234207 3.662462467507062 -2.232688716525369
-2.318971137450166 3.68358455615677 -1.683069074569799
-2.753193490801627 3.47304325700113 -1.795551602246334
-1.386478928167415 3.407254295704473 -4.047520371404875
-1.767367328858271 3.190784081633229 -3.99712495619309
-1.496199387498616 3.615448687684541 -3.645746254766713
-1.865914419814994 3.414527979687692 -3.625459742510299
-1.407061061391292 3.59335051919102 -4.201978018006384
-1.832004603975016 3.411876143882274 -4.222042714151869
-1.538974026318758 3.827131476227573 -3.756596443544385
-1.952639338570636 3.67768102390837 -3.786441230006937
-1.672489420038121 3.753351316844415 -3.092961499513186
-2.030630511942626 3.550762490368843 -3.131667132311619
-1.8546926592215 3.775621811619253 -2.65067056265447
-2.203661678407948 3.554362909727014 -2.739720082069622
-1.744045146525024 3.962472384489415 -3.152920627596286
-2.151729423637935 3.821654896239449 -3.215136157981195
-1.947965410263425 3.964279628399879 -2.673405146786777
-2.357733178374452 3.805033586748599 -2.76886620834057
1.142326364277217 -1.951419557580087 -2.057354021124899
1.554535736573352 -1.766332252487734 -2.259740703317465
1.369301399398509 -2.037410783609356 -1.720606566649652
1.740672417413673 -1.89325869095305 -1.914606538575791
1.289458491894882 -2.139411389938214 -2.256307266527608
1.666689367388631 -1.878610885354809 -2.407657995233018
1.533701138519614 -2.221838559724765 -1.883559134239051
1.8538834984156 -2.010921472562468 -2.036432378816834

mfem_mesh_end
